run_id,block,order_in_block,seed,transaction_count,transaction_size_bytes,branching_factor,hash_algorithm,build_total_ns,build_internal_ns,build_throughput_tx_per_sec,config_wall_ns,root_digest,timestamp_utc
final-20260922T090744Z,0,0,20260922,16384,256,3,sha3_256,26990353,9704834,607031.7049947438,388702946,b1fcafc1efd7c2e83a0277ea77e40ffbf1804373ebc9b047f0846bf0895a5176,2026-09-22T09:07:54Z
final-20260922T090744Z,0,1,20260922,16384,256,8,nullhash,4836572,1430267,3387523.2292623785,24111866,000102030405060708090a0b0c0d0e0f101112131415161718191a1b1c1d1e1f,2026-09-22T09:07:55Z
final-20260922T090744Z,0,2,20260922,16384,256,3,sha256,16372445,7098334,1000705.7589749119,355687183,25f7a45ae60aa17f3ac9f90472fb1acd186b36b923025c2e2af9df12959b3f55,2026-09-22T09:07:55Z
final-20260922T090744Z,0,3,20260922,1048576,256,2,nullhash,595248226,390852980,1761577.6985112762,1217934080,000102030405060708090a0b0c0d0e0f101112131415161718191a1b1c1d1e1f,2026-09-22T09:07:55Z
final-20260922T090744Z,0,4,20260922,16384,256,4,sha3_256,24041412,6683005,681490.7543700011,366610979,b0ecec4470595a75a59c4ebede216b891e0f4638b6c4b9fa5fb44c91786b36f3,2026-09-22T09:07:56Z
final-20260922T090744Z,0,5,20260922,262144,256,2,blake2s,467654444,213958743,560550.6445267523,1621486560,eed051985d2c920d928e8e3c4fc4f9c2020a4d16feb67ed8288fb50e74feee62,2026-09-22T09:07:57Z
final-20260922T090744Z,0,6,20260922,65536,256,16,sha3_256,82082981,10616155,798411.5489177958,565222538,7c67c473bb32a89d122340bdf74f49f4c2a22d0253192dc8ebdc659711017198,2026-09-22T09:07:58Z
final-20260922T090744Z,0,7,20260922,16384,256,4,sha256,14617156,4840665,1120874.6763050214,344679982,f9302c40648f7da2e6005a6911389669956ec33514d6fd72f0e5a96dfee01348,2026-09-22T09:07:59Z
final-20260922T090744Z,0,8,20260922,4096,256,3,sha3_256,6824260,2563895,600211.5980340726,344323134,b03b52887e17e7bb261949f75fab810eaa3b0abe93247fb386ffb81e38b56185,2026-09-22T09:07:59Z
final-20260922T090744Z,0,9,20260922,262144,256,16,nullhash,63197466,12973213,4148014.415641286,142259703,000102030405060708090a0b0c0d0e0f101112131415161718191a1b1c1d1e1f,2026-09-22T09:08:00Z
final-20260922T090744Z,0,10,20260922,262144,256,4,nullhash,87223632,37451460,3005424.0346240113,191477399,000102030405060708090a0b0c0d0e0f101112131415161718191a1b1c1d1e1f,2026-09-22T09:08:00Z
final-20260922T090744Z,0,11,20260922,262144,256,2,nullhash,160599612,96993346,1632282.8974206985,326060840,000102030405060708090a0b0c0d0e0f101112131415161718191a1b1c1d1e1f,2026-09-22T09:08:00Z
final-20260922T090744Z,0,12,20260922,16384,256,2,blake2s,28886805,13947118,567179.3748045171,351118259,96f4b1f8fcd0e9fa3506a247d3f822166430477ed9250f1772c77d9493b651c6,2026-09-22T09:08:00Z
final-20260922T090744Z,0,13,20260922,1048576,256,4,blake2s,1366356593,340726676,767424.8474900139,4475386269,672c0d052350b2500d588f38e8362b342d03e1eee42964c1fc91c2e643b93d2c,2026-09-22T09:08:01Z
final-20260922T090744Z,0,14,20260922,1048576,256,16,sha256,762374937,96226335,1375407.2295794792,2622171245,204a0ba5a3435eb2eda994b98b6870442595c0ed813a7bed842dc70354353fc2,2026-09-22T09:08:05Z
final-20260922T090744Z,0,15,20260922,65536,256,16,sha256,47170611,6634892,1389339.6462471092,457102134,63915f25f1917098dc348cc0fb3e1be5ff5801743a711c4c5d2a15a33dfa40bd,2026-09-22T09:08:08Z
final-20260922T090744Z,0,16,20260922,1048576,256,16,sha3_256,1310338195,158331931,800233.1031799009,4305751749,a32f0be7cad150453b4d59e7a089c1840eccb4c457b26cc0f3e36f4e99960f80,2026-09-22T09:08:08Z
final-20260922T090744Z,0,17,20260922,16384,256,2,nullhash,9380528,7035398,1746596.7800533187,36068484,000102030405060708090a0b0c0d0e0f101112131415161718191a1b1c1d1e1f,2026-09-22T09:08:13Z
final-20260922T090744Z,0,18,20260922,4096,256,16,blake2s,5165171,700862,793003.7553451764,337899181,1b2fa096f7049a0a159b9b46fda47097e7663672789ee28071fba47212909811,2026-09-22T09:08:13Z
final-20260922T090744Z,0,19,20260922,262144,256,2,sha256,358318745,199993192,731594.4355632302,1302659267,740342ae28863cbe589c2a4e9d636be7cff4b142a0b87c6ede0fcf7cae92afdd,2026-09-22T09:08:13Z
final-20260922T090744Z,0,20,20260922,262144,256,8,blake2s,306485744,50721859,855322.001534923,1245576047,7acd79da2980b4227f52ee5da9f776a332b6f275bd56e708b22bba34ddbed3fb,2026-09-22T09:08:14Z
final-20260922T090744Z,0,21,20260922,65536,256,2,sha3_256,141252850,69921452,463962.3200523033,640282970,d63ffda16b17575b170fcbb398dbd05ec0b9f8a00a9493bb0f6e8bb2d1778f5f,2026-09-22T09:08:16Z
final-20260922T090744Z,0,22,20260922,65536,256,2,blake2s,116959686,54005855,560329.8216788989,567244245,ec4932e7be03121bee1885efa61847571b1a6669b2d168c3dfad4d38b23b8281,2026-09-22T09:08:16Z
final-20260922T090744Z,0,23,20260922,262144,256,2,sha3_256,561681277,280761054,466713.0821951895,1916190291,bfe92fc58e742ec32b00df7756ef8482a29ef3b1ea96a58b6f515ae0e4f865b5,2026-09-22T09:08:17Z
final-20260922T090744Z,0,24,20260922,16384,256,8,sha3_256,21246982,4080631,771121.2820719667,383909285,96fea16fc4e4d9970a9163349be86aef94c806c1e54aec88fefed6958f9edbbc,2026-09-22T09:08:19Z
final-20260922T090744Z,0,25,20260922,65536,256,8,blake2s,76481038,13132300,856892.1357997259,535767110,06e8251f9da62cea200f393248fd12e1006d0926d3363048df11e27f5b40be6d,2026-09-22T09:08:19Z
final-20260922T090744Z,0,26,20260922,4096,256,4,blake2s,5551030,1609747,737881.0779260786,325101349,459ca9af078d1704b0a2d4ff4cfb9ac30914a5fe3331d4b7dce0dab47174393b,2026-09-22T09:08:20Z
final-20260922T090744Z,0,27,20260922,1048576,256,2,sha3_256,2279538150,1116433012,459994.9336228481,7229614132,e6adb21e7b3e55d53244e4385ff319132398e573acbb3ee727b54dba3adcadf0,2026-09-22T09:08:20Z
final-20260922T090744Z,0,28,20260922,4096,256,2,blake2s,7289346,3697163,561915.9798423616,345279062,3449bec8a5b5300693d94f96bfbdfc86713fc3ed0313558846ef24bbb6931132,2026-09-22T09:08:27Z
final-20260922T090744Z,0,29,20260922,65536,256,16,nullhash,15802401,3542657,4147217.8816371006,47501197,000102030405060708090a0b0c0d0e0f101112131415161718191a1b1c1d1e1f,2026-09-22T09:08:27Z
final-20260922T090744Z,0,30,20260922,65536,256,2,nullhash,36875245,24886553,1777235.6495529725,89947040,000102030405060708090a0b0c0d0e0f101112131415161718191a1b1c1d1e1f,2026-09-22T09:08:28Z
final-20260922T090744Z,0,31,20260922,16384,256,4,blake2s,21439837,5929144,764184.9142789658,374346550,6087b5a4baea72947053fcb075846bbcd71cf2904a4d62ee537e880b0cfc86a3,2026-09-22T09:08:28Z
final-20260922T090744Z,0,32,20260922,4096,256,3,blake2s,6130727,2209437,668109.9973950887,341833588,dd77f8d25572690c16f541fce5e0004633e7df9bb8cefd990c6740216c926dc2,2026-09-22T09:08:28Z
final-20260922T090744Z,0,33,20260922,4096,256,16,sha256,3565497,535602,1148787.9529838336,314247916,d56452f62051ecf4810e2c233ff01d6f2d4d7df3b23a676a0ff1a95afe6b84c8,2026-09-22T09:08:28Z
final-20260922T090744Z,0,34,20260922,65536,256,3,sha256,66397040,26143064,987031.9520267771,516090305,6cefb37f530c76678a092e56d1ca964e9d2504b927f8758afae52198f5f5ef47,2026-09-22T09:08:29Z
final-20260922T090744Z,0,35,20260922,1048576,256,3,sha256,1061991509,410293648,987367.592973853,3431784272,5f1024e2eaeece60bda47502efe68cd55b1cf12c77924d95cea59a223d140912,2026-09-22T09:08:29Z
final-20260922T090744Z,0,36,20260922,16384,256,16,sha256,11601921,1766537,1412179.9312372494,334619866,82155b7ef0c2ae48c915c324bc8f159897ff184f24c5875a1f8eb08011fb4e1d,2026-09-22T09:08:33Z
final-20260922T090744Z,0,37,20260922,262144,256,3,nullhash,102401611,51441958,2559959.7256336133,220268710,000102030405060708090a0b0c0d0e0f101112131415161718191a1b1c1d1e1f,2026-09-22T09:08:33Z
final-20260922T090744Z,0,38,20260922,1048576,256,3,sha3_256,1713408770,570281858,611982.3934366811,5412430259,cbe999d04f925a4e957334cf674ecf2f0a32194f7b4e7b28da44a44614b05f58,2026-09-22T09:08:33Z
final-20260922T090744Z,0,39,20260922,65536,256,8,nullhash,17510617,5111546,3742643.6772616296,50386611,000102030405060708090a0b0c0d0e0f101112131415161718191a1b1c1d1e1f,2026-09-22T09:08:39Z
final-20260922T090744Z,0,40,20260922,65536,256,8,sha256,50423663,10164429,1299707.2426094867,459289032,f24c516f1a67f2e369332f9d3f85c72fc23aa0210d12dc453d2bebbbc85571d5,2026-09-22T09:08:39Z
final-20260922T090744Z,0,41,20260922,4096,256,2,nullhash,2574379,1839270,1591063.3205134133,20904195,000102030405060708090a0b0c0d0e0f101112131415161718191a1b1c1d1e1f,2026-09-22T09:08:39Z
final-20260922T090744Z,0,42,20260922,1048576,256,8,blake2s,1230399178,200211266,852224.236450197,4066013409,064973adad4ee5f520a97590997979971876f0d2908931e812c811e8a477c37b,2026-09-22T09:08:39Z
final-20260922T090744Z,0,43,20260922,65536,256,4,nullhash,21556912,9495723,3040138.587567644,58096331,000102030405060708090a0b0c0d0e0f101112131415161718191a1b1c1d1e1f,2026-09-22T09:08:43Z
final-20260922T090744Z,0,44,20260922,1048576,256,2,sha256,1427330628,792248301,734641.2803242949,4716128960,f36df66f9ac61c8c5db4a352461181bf7cc01ea8793cbc773f1d3e80755388d9,2026-09-22T09:08:43Z
final-20260922T090744Z,0,45,20260922,16384,256,8,blake2s,18739252,3580851,874314.5137276556,375050986,cec3e3da0c45a69e2d8930eb6caa89836e766da17b58deab553da9c9a09b05c3,2026-09-22T09:08:48Z
final-20260922T090744Z,0,46,20260922,16384,256,16,blake2s,18173843,2568426,901515.4362233679,376168074,bcc59923e0515b49362980c1bad2fbf21f74480c7a61a9bce386e7eb0669b5a0,2026-09-22T09:08:48Z
final-20260922T090744Z,0,47,20260922,65536,256,3,sha3_256,107027957,36158272,612325.9925441723,649198386,7d32f04c6f66559574a32d7bcc4dfd43a6faf756f577b8f735577ce325964f99,2026-09-22T09:08:49Z
final-20260922T090744Z,0,48,20260922,1048576,256,4,nullhash,346517806,144373800,3026037.8596533076,718017163,000102030405060708090a0b0c0d0e0f101112131415161718191a1b1c1d1e1f,2026-09-22T09:08:49Z
final-20260922T090744Z,0,49,20260922,4096,256,4,nullhash,1704453,722311,2403117.011733383,18910450,000102030405060708090a0b0c0d0e0f101112131415161718191a1b1c1d1e1f,2026-09-22T09:08:50Z
final-20260922T090744Z,0,50,20260922,4096,256,2,sha3_256,8697526,4728930,470938.51745887275,359365937,ee3342c752978bfd893fcf3722d3551fb022d0b599dfa4d47c5727cc53e3720f,2026-09-22T09:08:50Z
final-20260922T090744Z,0,51,20260922,262144,256,8,sha256,201261072,38789248,1302507.2230560314,930427127,298ecf21d5d46c2ffbf7dc0ee7b10355db667625bb517cce25e9e0ce5fc9b28c,2026-09-22T09:08:50Z
final-20260922T090744Z,0,52,20260922,65536,256,2,sha256,89847933,49923184,729410.2135883303,481557099,1aff050731f4ff3b64610d2bf99b4c2d38878776411f089ea1c78251fc9ea3c8,2026-09-22T09:08:51Z
final-20260922T090744Z,0,53,20260922,4096,256,16,sha3_256,5927258,842568,691044.661798086,326833946,a4209cd3ce27c1cda8e39a6dbb59980104429c8edf38c63e6a7a81dc6bff8b24,2026-09-22T09:08:52Z
final-20260922T090744Z,0,54,20260922,16384,256,2,sha256,22097216,13110185,741450.8687429222,330662250,c8d1ab11c0ff45f9c649aad5c41d26e2e3051847df67524d2819349b51d7a8ac,2026-09-22T09:08:52Z
final-20260922T090744Z,0,55,20260922,65536,256,4,sha256,58681235,18697777,1116813.5776283508,497807476,422a75a177e15a33c77aba30f99d4cc86a4907115b73caaa66ae5486f1f6fa28,2026-09-22T09:08:53Z
final-20260922T090744Z,0,56,20260922,1048576,256,3,nullhash,405684419,201715250,2584708.583545576,839428750,000102030405060708090a0b0c0d0e0f101112131415161718191a1b1c1d1e1f,2026-09-22T09:08:53Z
final-20260922T090744Z,0,57,20260922,4096,256,8,nullhash,1378195,405137,2972003.236116805,17406649,000102030405060708090a0b0c0d0e0f101112131415161718191a1b1c1d1e1f,2026-09-22T09:08:54Z
final-20260922T090744Z,0,58,20260922,262144,256,8,nullhash,69712671,19587132,3760349.391863066,154991098,000102030405060708090a0b0c0d0e0f101112131415161718191a1b1c1d1e1f,2026-09-22T09:08:54Z
final-20260922T090744Z,0,59,20260922,16384,256,4,nullhash,5666642,2661576,2891306.703335061,26248412,000102030405060708090a0b0c0d0e0f101112131415161718191a1b1c1d1e1f,2026-09-22T09:08:54Z
final-20260922T090744Z,0,60,20260922,262144,256,16,blake2s,290788830,35767484,901492.6742543721,1208261927,40ee6220a757588d87c979b3ced12493ff7aca3ea6c9e575e9d5bde4ba8d134d,2026-09-22T09:08:54Z
final-20260922T090744Z,0,61,20260922,262144,256,8,sha3_256,342453301,56931186,765488.3139818237,1373175598,86f629536e38e29d21acb6ba75134abbe666399b65bd632a228cdc086541fd78,2026-09-22T09:08:55Z
final-20260922T090744Z,0,62,20260922,1048576,256,4,sha3_256,1532001836,387850883,684448.2658962035,4991496614,4162dd925fdbdda96c8d77b0013cc6c8217c1e0e54d4215dacd09de27dcda9a9,2026-09-22T09:08:57Z
final-20260922T090744Z,0,63,20260922,4096,256,8,blake2s,5156377,953765,794356.1923420262,319475963,261a6fbe71efbd0b300eee814d7271ca6843873ea0aab188d5509a74694f8191,2026-09-22T09:09:02Z
final-20260922T090744Z,0,64,20260922,1048576,256,16,blake2s,1165841162,141094100,899415.8331150089,3885993419,4eb3d1779b2e11941769961e4222a6f78a1837242058b17be7978d14cb2b7c80,2026-09-22T09:09:02Z
final-20260922T090744Z,0,65,20260922,65536,256,3,nullhash,25628509,13563719,2557152.2713240944,67526730,000102030405060708090a0b0c0d0e0f101112131415161718191a1b1c1d1e1f,2026-09-22T09:09:06Z
final-20260922T090744Z,0,66,20260922,65536,256,4,blake2s,85896881,22171969,762961.3466407472,585927275,15fabb162c58e019b6fed9958bac8ce88ac26a028486dba2585536bb9a79edac,2026-09-22T09:09:06Z
final-20260922T090744Z,0,67,20260922,4096,256,8,sha256,3476907,730353,1178058.5445627393,307244352,9e1e0cb13be2d3c60ccf5b55958f95bda3778dcbea9720c96d182a7902d8a513,2026-09-22T09:09:06Z
final-20260922T090744Z,0,68,20260922,16384,256,16,nullhash,4442654,952892,3687885.6647400404,23853088,000102030405060708090a0b0c0d0e0f101112131415161718191a1b1c1d1e1f,2026-09-22T09:09:07Z
final-20260922T090744Z,0,69,20260922,16384,256,8,sha256,12663384,2757337,1293808.9850232766,349204446,75a5f07ec202b2e8bf782757d3b8b57e2ef664456b6ff32e89937102051b768e,2026-09-22T09:09:07Z
final-20260922T090744Z,0,70,20260922,16384,256,16,sha3_256,20597200,3164755,795447.9249606743,385424151,af59672f489342e08480fa9448fa4bde1dd1d203e62322dcc439feec4caa3fe9,2026-09-22T09:09:07Z
final-20260922T090744Z,0,71,20260922,16384,256,2,sha3_256,34985653,17565032,468306.251136716,360701798,2beec76ed79e48fe95d6d42bea0689837f52f1957f6a583504095165cc8d1238,2026-09-22T09:09:08Z
final-20260922T090744Z,0,72,20260922,65536,256,4,sha3_256,95799241,25113290,684097.2779732149,614827301,6e6c5d411895402f18a616b478c2fbb4db78de4732c2e3edcf176e60b574fe13,2026-09-22T09:09:08Z
final-20260922T090744Z,0,73,20260922,16384,256,3,blake2s,22178429,7182825,738735.8229926926,388682588,b30f84204a994a3c7311c54dc9e54bacefddcc74fd1f41171768c004e671ab8b,2026-09-22T09:09:09Z
final-20260922T090744Z,0,74,20260922,262144,256,4,sha3_256,382716283,97146798,684956.4851151108,1490605952,95331f82e68d735cdd3d5ba2066f5bf023e72935b3c1a32f61e1d22918a03097,2026-09-22T09:09:09Z
final-20260922T090744Z,0,75,20260922,1048576,256,8,nullhash,283648593,75199333,3696743.17404423,577727241,000102030405060708090a0b0c0d0e0f101112131415161718191a1b1c1d1e1f,2026-09-22T09:09:10Z
final-20260922T090744Z,0,76,20260922,1048576,256,4,sha256,941647001,290535676,1113555.2907686688,3217304093,fd9adf45ef158eee0499ded190ee0634d449b8ed8ed5f390b4bd2c25b331844d,2026-09-22T09:09:11Z
final-20260922T090744Z,0,77,20260922,262144,256,4,sha256,246933918,73099392,1061595.7585867164,1057212583,56ec6e66ef5807a118558efc4a7cd511c1d7757c4b8d8a3dd33e39c5f45fd60c,2026-09-22T09:09:14Z
final-20260922T090744Z,0,78,20260922,4096,256,16,nullhash,1367694,286719,2994821.9411652023,19898742,000102030405060708090a0b0c0d0e0f101112131415161718191a1b1c1d1e1f,2026-09-22T09:09:15Z
final-20260922T090744Z,0,79,20260922,16384,256,3,nullhash,6470586,3685422,2532073.6019890625,28137954,000102030405060708090a0b0c0d0e0f101112131415161718191a1b1c1d1e1f,2026-09-22T09:09:15Z
final-20260922T090744Z,0,80,20260922,262144,256,16,sha256,188689387,24404664,1389288.5242136063,889188484,8f09c92e01d5dc13b6a51118211630318ef632d26218ac7acc81bcf8d2969877,2026-09-22T09:09:15Z
final-20260922T090744Z,0,81,20260922,1048576,256,16,nullhash,255978231,48682922,4096348.3336206037,523221297,000102030405060708090a0b0c0d0e0f101112131415161718191a1b1c1d1e1f,2026-09-22T09:09:16Z
final-20260922T090744Z,0,82,20260922,4096,256,3,nullhash,1947711,1017952,2102981.3971374603,19105152,000102030405060708090a0b0c0d0e0f101112131415161718191a1b1c1d1e1f,2026-09-22T09:09:17Z
final-20260922T090744Z,0,83,20260922,65536,256,8,sha3_256,85949288,14652921,762496.1360936463,582709469,cf348da5b068b7af7798fefbe43e81f68a37ace420b9026269ad07663ff98f1d,2026-09-22T09:09:17Z
final-20260922T090744Z,0,84,20260922,65536,256,16,blake2s,72688251,9656398,901603.7543674012,534382843,c10b0a1440fcbc0f50de063b71fc9cbdac0bc057ea1482b66c9d217c60bee988,2026-09-22T09:09:17Z
final-20260922T090744Z,0,85,20260922,262144,256,16,sha3_256,326723178,40333527,802342.8322553841,1315626491,27f7c0d2b0ff7977d3da8279573dc66d1d971e761dbb840af56e5b5abcb7dde8,2026-09-22T09:09:18Z
final-20260922T090744Z,0,86,20260922,4096,256,4,sha256,4025371,1431281,1017545.9603599272,313240577,5d6f240ce86b74dc9a3b279da4cf065a81e627fa0b51e0af13b39d29490596bb,2026-09-22T09:09:19Z
final-20260922T090744Z,0,87,20260922,4096,256,3,sha256,4526999,2009132,904793.6613195628,323898478,88f8b7ddbf126d99ba35d4ca5dbe2d3e7f48b7357189f8cdef56204f6b145a4d,2026-09-22T09:09:20Z
final-20260922T090744Z,0,88,20260922,262144,256,3,blake2s,364780682,109566565,718634.5465520018,1434819566,aca78fa27076d3b3dc710ee06a48fd26d2db5a51e0f20d70e12a74bcecf9af54,2026-09-22T09:09:20Z
final-20260922T090744Z,0,89,20260922,1048576,256,2,blake2s,1864253646,839037033,562464.23454762,6035606338,f594faa8e2cc7eb767b86bdc847beb5e18279a2855164e04d6e76e2320a61b63,2026-09-22T09:09:21Z
final-20260922T090744Z,0,90,20260922,262144,256,4,blake2s,340741355,85609069,769334.2652816533,1355731740,f4a1a95e118ebba8edf32cb295de15d8a0f75df7a60fcfc955c71ce667349a4f,2026-09-22T09:09:27Z
final-20260922T090744Z,0,91,20260922,4096,256,4,sha3_256,6139835,1785566,667118.9046611188,324821764,d2582b5797cb45c3e51b7d1789033e0d7ba602885fba67182ecf11d7ab4107ea,2026-09-22T09:09:29Z
final-20260922T090744Z,0,92,20260922,262144,256,3,sha3_256,428327955,141760941,612017.0232643349,1626639284,b9e9546fceffff316882cfe06388969f8d2b1e7005f5652c9193e782b601ca89,2026-09-22T09:09:29Z
final-20260922T090744Z,0,93,20260922,4096,256,2,sha256,5579288,3503911,734143.8549148206,336911507,21f5e721e8d3841fe8120999a88ece52e438cce0db6a78c8f9db76f8365ccdd3,2026-09-22T09:09:31Z
final-20260922T090744Z,0,94,20260922,262144,256,3,sha256,266458939,102370207,983806.3642518669,1154059334,b2c4c8f4e14b843f84f4adb34fee56a737067ec23d123ac06a11c1efed07ba15,2026-09-22T09:09:31Z
final-20260922T090744Z,0,95,20260922,4096,256,8,sha3_256,5685664,1095812,720408.3815012635,333722149,4b5c1c5d7d2b27763e9d21ad1afed5c2805a8193dff148f0aad6c6e62b6499ee,2026-09-22T09:09:32Z
final-20260922T090744Z,0,96,20260922,65536,256,3,blake2s,91033661,27987451,719909.5288499931,597550595,0e8d867d450bca93825c83b1849db6904a56a3bfea02cea26a002336d48a31de,2026-09-22T09:09:32Z
final-20260922T090744Z,0,97,20260922,1048576,256,8,sha3_256,1377095256,231427444,761440.4271827656,4516777074,cb15ce8d6f849eba3ba927622df1e38654715237f1da3204afec0eb577910fd2,2026-09-22T09:09:33Z
final-20260922T090744Z,0,98,20260922,1048576,256,3,blake2s,1457838455,436895071,719267.6228313651,4621185269,f62c9ab517538e8259fe5f079856567efdcc43944ff9c37ba8139535ad3eaa38,2026-09-22T09:09:38Z
final-20260922T090744Z,0,99,20260922,1048576,256,8,sha256,812098911,152465971,1291192.47150425,2798608699,11008073f56d19ef25b5779d26d6b8c3a41343955c30b797d2d76220403ed313,2026-09-22T09:09:42Z
final-20260922T090744Z,1,0,20260922,16384,256,16,nullhash,4422212,991823,3704933.1872827443,23908597,000102030405060708090a0b0c0d0e0f101112131415161718191a1b1c1d1e1f,2026-09-22T09:09:45Z
final-20260922T090744Z,1,1,20260922,262144,256,8,sha3_256,342209409,56354934,766033.8760586211,1357630577,86f629536e38e29d21acb6ba75134abbe666399b65bd632a228cdc086541fd78,2026-09-22T09:09:45Z
final-20260922T090744Z,1,2,20260922,65536,256,2,sha256,89038330,49858092,736042.5560542297,483662083,1aff050731f4ff3b64610d2bf99b4c2d38878776411f089ea1c78251fc9ea3c8,2026-09-22T09:09:46Z
final-20260922T090744Z,1,3,20260922,4096,256,3,sha3_256,7014983,2748206,583893.0757209248,345720102,b03b52887e17e7bb261949f75fab810eaa3b0abe93247fb386ffb81e38b56185,2026-09-22T09:09:47Z
final-20260922T090744Z,1,4,20260922,262144,256,4,sha256,234984457,73439589,1115580.167925745,1033620101,56ec6e66ef5807a118558efc4a7cd511c1d7757c4b8d8a3dd33e39c5f45fd60c,2026-09-22T09:09:47Z
final-20260922T090744Z,1,5,20260922,262144,256,4,nullhash,87685978,36043229,2989577.1932885326,189136778,000102030405060708090a0b0c0d0e0f101112131415161718191a1b1c1d1e1f,2026-09-22T09:09:48Z
final-20260922T090744Z,1,6,20260922,1048576,256,8,sha256,820270882,152013515,1278328.9313444141,2812557799,11008073f56d19ef25b5779d26d6b8c3a41343955c30b797d2d76220403ed313,2026-09-22T09:09:48Z
final-20260922T090744Z,1,7,20260922,16384,256,4,sha3_256,23336384,6933802,702079.636673788,391878618,b0ecec4470595a75a59c4ebede216b891e0f4638b6c4b9fa5fb44c91786b36f3,2026-09-22T09:09:51Z
final-20260922T090744Z,1,8,20260922,262144,256,16,sha3_256,326431325,39956491,803060.1842516187,1316309160,27f7c0d2b0ff7977d3da8279573dc66d1d971e761dbb840af56e5b5abcb7dde8,2026-09-22T09:09:52Z
final-20260922T090744Z,1,9,20260922,1048576,256,8,blake2s,1220254425,197200012,859309.319857619,4025374771,064973adad4ee5f520a97590997979971876f0d2908931e812c811e8a477c37b,2026-09-22T09:09:53Z
final-20260922T090744Z,1,10,20260922,16384,256,4,nullhash,5799031,2647809,2825299.6060893624,26409238,000102030405060708090a0b0c0d0e0f101112131415161718191a1b1c1d1e1f,2026-09-22T09:09:57Z
final-20260922T090744Z,1,11,20260922,16384,256,2,nullhash,9212935,6610651,1778369.2167588286,33298526,000102030405060708090a0b0c0d0e0f101112131415161718191a1b1c1d1e1f,2026-09-22T09:09:57Z
final-20260922T090744Z,1,12,20260922,1048576,256,8,nullhash,279418042,76575046,3752714.006921572,571664213,000102030405060708090a0b0c0d0e0f101112131415161718191a1b1c1d1e1f,2026-09-22T09:09:57Z
final-20260922T090744Z,1,13,20260922,1048576,256,2,sha256,1489944308,790447991,703768.5867651906,4779397164,f36df66f9ac61c8c5db4a352461181bf7cc01ea8793cbc773f1d3e80755388d9,2026-09-22T09:09:58Z
final-20260922T090744Z,1,14,20260922,65536,256,2,nullhash,36881206,24493263,1776948.400223138,92596445,000102030405060708090a0b0c0d0e0f101112131415161718191a1b1c1d1e1f,2026-09-22T09:10:02Z
final-20260922T090744Z,1,15,20260922,4096,256,4,sha3_256,6181263,1869164,662647.7469086819,335390181,d2582b5797cb45c3e51b7d1789033e0d7ba602885fba67182ecf11d7ab4107ea,2026-09-22T09:10:02Z
final-20260922T090744Z,1,16,20260922,16384,256,2,sha3_256,35592488,17929496,460321.8521840901,366818448,2beec76ed79e48fe95d6d42bea0689837f52f1957f6a583504095165cc8d1238,2026-09-22T09:10:03Z
final-20260922T090744Z,1,17,20260922,1048576,256,3,sha3_256,1712175119,565471072,612423.3370546952,5408993929,cbe999d04f925a4e957334cf674ecf2f0a32194f7b4e7b28da44a44614b05f58,2026-09-22T09:10:03Z
final-20260922T090744Z,1,18,20260922,262144,256,4,blake2s,342088874,87289362,766303.7880618123,1357726601,f4a1a95e118ebba8edf32cb295de15d8a0f75df7a60fcfc955c71ce667349a4f,2026-09-22T09:10:09Z
final-20260922T090744Z,1,19,20260922,16384,256,4,blake2s,20738068,5910474,790044.665684383,388880457,6087b5a4baea72947053fcb075846bbcd71cf2904a4d62ee537e880b0cfc86a3,2026-09-22T09:10:10Z
final-20260922T090744Z,1,20,20260922,4096,256,4,sha256,3947923,1352897,1037507.5704364042,307650318,5d6f240ce86b74dc9a3b279da4cf065a81e627fa0b51e0af13b39d29490596bb,2026-09-22T09:10:10Z
final-20260922T090744Z,1,21,20260922,1048576,256,2,nullhash,587800958,393502487,1783896.3780661277,1203624501,000102030405060708090a0b0c0d0e0f101112131415161718191a1b1c1d1e1f,2026-09-22T09:10:11Z
final-20260922T090744Z,1,22,20260922,4096,256,2,sha256,5476755,3450524,747888.119881207,333718164,21f5e721e8d3841fe8120999a88ece52e438cce0db6a78c8f9db76f8365ccdd3,2026-09-22T09:10:12Z
final-20260922T090744Z,1,23,20260922,262144,256,16,sha256,186892965,24552257,1402642.4162086572,887071517,8f09c92e01d5dc13b6a51118211630318ef632d26218ac7acc81bcf8d2969877,2026-09-22T09:10:12Z
final-20260922T090744Z,1,24,20260922,1048576,256,3,sha256,1064671478,407038393,984882.211712635,3449443410,5f1024e2eaeece60bda47502efe68cd55b1cf12c77924d95cea59a223d140912,2026-09-22T09:10:13Z
final-20260922T090744Z,1,25,20260922,4096,256,3,blake2s,5974534,1989501,685576.4817808385,331611834,dd77f8d25572690c16f541fce5e0004633e7df9bb8cefd990c6740216c926dc2,2026-09-22T09:10:17Z
final-20260922T090744Z,1,26,20260922,16384,256,3,sha256,16097652,6755560,1017788.1842643883,363202520,25f7a45ae60aa17f3ac9f90472fb1acd186b36b923025c2e2af9df12959b3f55,2026-09-22T09:10:17Z
final-20260922T090744Z,1,27,20260922,262144,256,16,blake2s,293069489,35695471,894477.2821438262,1199408974,40ee6220a757588d87c979b3ced12493ff7aca3ea6c9e575e9d5bde4ba8d134d,2026-09-22T09:10:17Z
final-20260922T090744Z,1,28,20260922,65536,256,4,sha256,58597850,18723861,1118402.808294161,493285184,422a75a177e15a33c77aba30f99d4cc86a4907115b73caaa66ae5486f1f6fa28,2026-09-22T09:10:18Z
final-20260922T090744Z,1,29,20260922,16384,256,3,blake2s,22287294,7227891,735127.377958042,392789365,b30f84204a994a3c7311c54dc9e54bacefddcc74fd1f41171768c004e671ab8b,2026-09-22T09:10:19Z
final-20260922T090744Z,1,30,20260922,16384,256,16,blake2s,18082100,2583294,906089.4475752263,382291156,bcc59923e0515b49362980c1bad2fbf21f74480c7a61a9bce386e7eb0669b5a0,2026-09-22T09:10:19Z
final-20260922T090744Z,1,31,20260922,1048576,256,16,sha3_256,1307513044,157489824,801962.1714764324,4312562815,a32f0be7cad150453b4d59e7a089c1840eccb4c457b26cc0f3e36f4e99960f80,2026-09-22T09:10:20Z
final-20260922T090744Z,1,32,20260922,262144,256,8,blake2s,306938553,50554772,854060.1936049395,1247564946,7acd79da2980b4227f52ee5da9f776a332b6f275bd56e708b22bba34ddbed3fb,2026-09-22T09:10:24Z
final-20260922T090744Z,1,33,20260922,4096,256,4,nullhash,1635302,702379,2504736.128250317,18110499,000102030405060708090a0b0c0d0e0f101112131415161718191a1b1c1d1e1f,2026-09-22T09:10:25Z
final-20260922T090744Z,1,34,20260922,16384,256,16,sha256,11944751,1771798,1371648.517411539,343394391,82155b7ef0c2ae48c915c324bc8f159897ff184f24c5875a1f8eb08011fb4e1d,2026-09-22T09:10:25Z
final-20260922T090744Z,1,35,20260922,262144,256,2,nullhash,146280751,96648527,1792060.8023129443,311617626,000102030405060708090a0b0c0d0e0f101112131415161718191a1b1c1d1e1f,2026-09-22T09:10:26Z
final-20260922T090744Z,1,36,20260922,4096,256,2,nullhash,2721176,1976983,1505231.561648346,22546935,000102030405060708090a0b0c0d0e0f101112131415161718191a1b1c1d1e1f,2026-09-22T09:10:26Z
final-20260922T090744Z,1,37,20260922,65536,256,16,blake2s,75930652,15111170,863103.3485660047,553363359,c10b0a1440fcbc0f50de063b71fc9cbdac0bc057ea1482b66c9d217c60bee988,2026-09-22T09:10:26Z
final-20260922T090744Z,1,38,20260922,65536,256,3,nullhash,25554824,13827906,2564525.5862454777,67881956,000102030405060708090a0b0c0d0e0f101112131415161718191a1b1c1d1e1f,2026-09-22T09:10:26Z
final-20260922T090744Z,1,39,20260922,262144,256,3,blake2s,364734142,109345504,718726.2441693764,1430324018,aca78fa27076d3b3dc710ee06a48fd26d2db5a51e0f20d70e12a74bcecf9af54,2026-09-22T09:10:27Z
final-20260922T090744Z,1,40,20260922,4096,256,2,sha3_256,8817189,5002508,464547.147622672,351579320,ee3342c752978bfd893fcf3722d3551fb022d0b599dfa4d47c5727cc53e3720f,2026-09-22T09:10:28Z
final-20260922T090744Z,1,41,20260922,4096,256,16,sha3_256,5485932,788923,746637.0345093596,320742841,a4209cd3ce27c1cda8e39a6dbb59980104429c8edf38c63e6a7a81dc6bff8b24,2026-09-22T09:10:28Z
final-20260922T090744Z,1,42,20260922,4096,256,16,blake2s,4911198,679197,834012.393717378,336930633,1b2fa096f7049a0a159b9b46fda47097e7663672789ee28071fba47212909811,2026-09-22T09:10:29Z
final-20260922T090744Z,1,43,20260922,65536,256,16,sha3_256,81921785,10828718,799982.5687391944,561817927,7c67c473bb32a89d122340bdf74f49f4c2a22d0253192dc8ebdc659711017198,2026-09-22T09:10:29Z
final-20260922T090744Z,1,44,20260922,65536,256,3,blake2s,90974454,28274980,720378.052502519,598142677,0e8d867d450bca93825c83b1849db6904a56a3bfea02cea26a002336d48a31de,2026-09-22T09:10:30Z
final-20260922T090744Z,1,45,20260922,1048576,256,4,sha3_256,1536161785,389811333,682594.7697950318,5005592887,4162dd925fdbdda96c8d77b0013cc6c8217c1e0e54d4215dacd09de27dcda9a9,2026-09-22T09:10:30Z
final-20260922T090744Z,1,46,20260922,16384,256,3,nullhash,6598683,3646169,2482919.6977639324,27931826,000102030405060708090a0b0c0d0e0f101112131415161718191a1b1c1d1e1f,2026-09-22T09:10:35Z
final-20260922T090744Z,1,47,20260922,262144,256,2,sha3_256,561618896,276748156,466764.9216702993,1907946428,bfe92fc58e742ec32b00df7756ef8482a29ef3b1ea96a58b6f515ae0e4f865b5,2026-09-22T09:10:35Z
final-20260922T090744Z,1,48,20260922,16384,256,8,sha256,12329643,2686564,1328830.0399289746,336558154,75a5f07ec202b2e8bf782757d3b8b57e2ef664456b6ff32e89937102051b768e,2026-09-22T09:10:37Z
final-20260922T090744Z,1,49,20260922,16384,256,16,sha3_256,20343664,2844935,805361.3154444548,383135475,af59672f489342e08480fa9448fa4bde1dd1d203e62322dcc439feec4caa3fe9,2026-09-22T09:10:37Z
final-20260922T090744Z,1,50,20260922,65536,256,4,nullhash,21637295,9527758,3028844.4096177453,59327855,000102030405060708090a0b0c0d0e0f101112131415161718191a1b1c1d1e1f,2026-09-22T09:10:38Z
final-20260922T090744Z,1,51,20260922,16384,256,4,sha256,14684974,5126190,1115698.264089538,358251444,f9302c40648f7da2e6005a6911389669956ec33514d6fd72f0e5a96dfee01348,2026-09-22T09:10:38Z
final-20260922T090744Z,1,52,20260922,16384,256,8,nullhash,4777743,1533563,3429234.2639610376,25296217,000102030405060708090a0b0c0d0e0f101112131415161718191a1b1c1d1e1f,2026-09-22T09:10:38Z
final-20260922T090744Z,1,53,20260922,262144,256,3,nullhash,101915327,52395654,2572174.4483045223,219712213,000102030405060708090a0b0c0d0e0f101112131415161718191a1b1c1d1e1f,2026-09-22T09:10:38Z
final-20260922T090744Z,1,54,20260922,262144,256,2,blake2s,472286792,209841880,555052.5749193511,1612613809,eed051985d2c920d928e8e3c4fc4f9c2020a4d16feb67ed8288fb50e74feee62,2026-09-22T09:10:38Z
final-20260922T090744Z,1,55,20260922,16384,256,3,sha3_256,26086379,9226366,628067.2376951972,395875787,b1fcafc1efd7c2e83a0277ea77e40ffbf1804373ebc9b047f0846bf0895a5176,2026-09-22T09:10:40Z
final-20260922T090744Z,1,56,20260922,1048576,256,2,blake2s,1883276406,854087132,556782.847520047,6048676149,f594faa8e2cc7eb767b86bdc847beb5e18279a2855164e04d6e76e2320a61b63,2026-09-22T09:10:40Z
final-20260922T090744Z,1,57,20260922,65536,256,8,sha256,50405382,10507719,1300178.6198148443,459748524,f24c516f1a67f2e369332f9d3f85c72fc23aa0210d12dc453d2bebbbc85571d5,2026-09-22T09:10:47Z
final-20260922T090744Z,1,58,20260922,1048576,256,16,blake2s,1168377707,140799860,897463.203652173,3868004519,4eb3d1779b2e11941769961e4222a6f78a1837242058b17be7978d14cb2b7c80,2026-09-22T09:10:47Z
final-20260922T090744Z,1,59,20260922,16384,256,2,blake2s,28506500,13418462,574746.1105361935,344742767,96f4b1f8fcd0e9fa3506a247d3f822166430477ed9250f1772c77d9493b651c6,2026-09-22T09:10:51Z
final-20260922T090744Z,1,60,20260922,16384,256,2,sha256,21772568,12321972,752506.5486074036,318300046,c8d1ab11c0ff45f9c649aad5c41d26e2e3051847df67524d2819349b51d7a8ac,2026-09-22T09:10:51Z
final-20260922T090744Z,1,61,20260922,65536,256,4,blake2s,85195650,22497783,769241.1525705832,579684138,15fabb162c58e019b6fed9958bac8ce88ac26a028486dba2585536bb9a79edac,2026-09-22T09:10:52Z
final-20260922T090744Z,1,62,20260922,65536,256,8,sha3_256,86233230,14599166,759985.4487649368,585007624,cf348da5b068b7af7798fefbe43e81f68a37ace420b9026269ad07663ff98f1d,2026-09-22T09:10:52Z
final-20260922T090744Z,1,63,20260922,4096,256,8,blake2s,5254629,1013812,779503.1771034644,330477688,261a6fbe71efbd0b300eee814d7271ca6843873ea0aab188d5509a74694f8191,2026-09-22T09:10:53Z
final-20260922T090744Z,1,64,20260922,1048576,256,16,sha256,753427316,95714195,1391741.416500487,2624735835,204a0ba5a3435eb2eda994b98b6870442595c0ed813a7bed842dc70354353fc2,2026-09-22T09:10:53Z
final-20260922T090744Z,1,65,20260922,65536,256,4,sha3_256,95398628,24838989,686970.0474099062,616621669,6e6c5d411895402f18a616b478c2fbb4db78de4732c2e3edcf176e60b574fe13,2026-09-22T09:10:56Z
final-20260922T090744Z,1,66,20260922,65536,256,16,nullhash,15985970,3756705,4099594.8322185017,47461415,000102030405060708090a0b0c0d0e0f101112131415161718191a1b1c1d1e1f,2026-09-22T09:10:56Z
final-20260922T090744Z,1,67,20260922,65536,256,8,blake2s,75855789,12917364,863955.1557495499,549129686,06e8251f9da62cea200f393248fd12e1006d0926d3363048df11e27f5b40be6d,2026-09-22T09:10:56Z
final-20260922T090744Z,1,68,20260922,1048576,256,4,blake2s,1362795060,340563554,769430.4380586762,4491100393,672c0d052350b2500d588f38e8362b342d03e1eee42964c1fc91c2e643b93d2c,2026-09-22T09:10:57Z
final-20260922T090744Z,1,69,20260922,4096,256,2,blake2s,7448325,3729595,549922.2979663212,352071773,3449bec8a5b5300693d94f96bfbdfc86713fc3ed0313558846ef24bbb6931132,2026-09-22T09:11:01Z
final-20260922T090744Z,1,70,20260922,4096,256,4,blake2s,5527356,1568580,741041.4672042113,334909816,459ca9af078d1704b0a2d4ff4cfb9ac30914a5fe3331d4b7dce0dab47174393b,2026-09-22T09:11:02Z
final-20260922T090744Z,1,71,20260922,65536,256,16,sha256,46911893,6611345,1397001.8221179007,453128693,63915f25f1917098dc348cc0fb3e1be5ff5801743a711c4c5d2a15a33dfa40bd,2026-09-22T09:11:02Z
final-20260922T090744Z,1,72,20260922,4096,256,16,nullhash,1257709,277696,3256715.1861042576,17830431,000102030405060708090a0b0c0d0e0f101112131415161718191a1b1c1d1e1f,2026-09-22T09:11:02Z
final-20260922T090744Z,1,73,20260922,16384,256,8,sha3_256,21289010,3995972,769598.9620935873,378693794,96fea16fc4e4d9970a9163349be86aef94c806c1e54aec88fefed6958f9edbbc,2026-09-22T09:11:03Z
final-20260922T090744Z,1,74,20260922,1048576,256,8,sha3_256,1380484608,224952055,759570.9462629518,4507086822,cb15ce8d6f849eba3ba927622df1e38654715237f1da3204afec0eb577910fd2,2026-09-22T09:11:03Z
final-20260922T090744Z,1,75,20260922,1048576,256,4,sha256,943293031,288905863,1111612.1560745423,3152751222,fd9adf45ef158eee0499ded190ee0634d449b8ed8ed5f390b4bd2c25b331844d,2026-09-22T09:11:07Z
final-20260922T090744Z,1,76,20260922,262144,256,3,sha256,265436440,103138206,987596.1265906068,1114378313,b2c4c8f4e14b843f84f4adb34fee56a737067ec23d123ac06a11c1efed07ba15,2026-09-22T09:11:11Z
final-20260922T090744Z,1,77,20260922,1048576,256,2,sha3_256,2244411288,1101584800,467194.22844036244,7159573053,e6adb21e7b3e55d53244e4385ff319132398e573acbb3ee727b54dba3adcadf0,2026-09-22T09:11:12Z
final-20260922T090744Z,1,78,20260922,4096,256,8,sha256,3514811,739365,1165354.2679819767,307836055,9e1e0cb13be2d3c60ccf5b55958f95bda3778dcbea9720c96d182a7902d8a513,2026-09-22T09:11:19Z
final-20260922T090744Z,1,79,20260922,1048576,256,3,nullhash,410607846,205115970,2553716.423626255,842522083,000102030405060708090a0b0c0d0e0f101112131415161718191a1b1c1d1e1f,2026-09-22T09:11:19Z
final-20260922T090744Z,1,80,20260922,65536,256,8,nullhash,17636344,5420142,3715962.9002473527,50952909,000102030405060708090a0b0c0d0e0f101112131415161718191a1b1c1d1e1f,2026-09-22T09:11:20Z
final-20260922T090744Z,1,81,20260922,1048576,256,16,nullhash,257093830,49774807,4078573.180849964,530421380,000102030405060708090a0b0c0d0e0f101112131415161718191a1b1c1d1e1f,2026-09-22T09:11:20Z
final-20260922T090744Z,1,82,20260922,65536,256,2,sha3_256,140887490,70046366,465165.50191929744,644463971,d63ffda16b17575b170fcbb398dbd05ec0b9f8a00a9493bb0f6e8bb2d1778f5f,2026-09-22T09:11:21Z
final-20260922T090744Z,1,83,20260922,65536,256,3,sha256,66136795,26129192,990915.8736827208,525973203,6cefb37f530c76678a092e56d1ca964e9d2504b927f8758afae52198f5f5ef47,2026-09-22T09:11:21Z
final-20260922T090744Z,1,84,20260922,65536,256,2,blake2s,116636049,53563584,561884.6022467719,567745660,ec4932e7be03121bee1885efa61847571b1a6669b2d168c3dfad4d38b23b8281,2026-09-22T09:11:22Z
final-20260922T090744Z,1,85,20260922,16384,256,8,blake2s,18688469,3523071,876690.3270674554,378853106,cec3e3da0c45a69e2d8930eb6caa89836e766da17b58deab553da9c9a09b05c3,2026-09-22T09:11:22Z
final-20260922T090744Z,1,86,20260922,4096,256,16,sha256,3231567,474741,1267496.5426989445,312461942,d56452f62051ecf4810e2c233ff01d6f2d4d7df3b23a676a0ff1a95afe6b84c8,2026-09-22T09:11:23Z
final-20260922T090744Z,1,87,20260922,262144,256,4,sha3_256,383960591,97378122,682736.7343019847,1493411553,95331f82e68d735cdd3d5ba2066f5bf023e72935b3c1a32f61e1d22918a03097,2026-09-22T09:11:23Z
final-20260922T090744Z,1,88,20260922,1048576,256,3,blake2s,1460058154,438746059,718174.1337680992,4618177619,f62c9ab517538e8259fe5f079856567efdcc43944ff9c37ba8139535ad3eaa38,2026-09-22T09:11:24Z
final-20260922T090744Z,1,89,20260922,4096,256,8,nullhash,1434595,439090,2855161.2127464544,19335739,000102030405060708090a0b0c0d0e0f101112131415161718191a1b1c1d1e1f,2026-09-22T09:11:29Z
final-20260922T090744Z,1,90,20260922,4096,256,8,sha3_256,5933181,1181538,690354.8029294909,326501581,4b5c1c5d7d2b27763e9d21ad1afed5c2805a8193dff148f0aad6c6e62b6499ee,2026-09-22T09:11:29Z
final-20260922T090744Z,1,91,20260922,262144,256,8,sha256,200744731,38404107,1305857.4374238495,929263628,298ecf21d5d46c2ffbf7dc0ee7b10355db667625bb517cce25e9e0ce5fc9b28c,2026-09-22T09:11:29Z
final-20260922T090744Z,1,92,20260922,65536,256,3,sha3_256,106993539,35951126,612522.967391517,655714604,7d32f04c6f66559574a32d7bcc4dfd43a6faf756f577b8f735577ce325964f99,2026-09-22T09:11:30Z
final-20260922T090744Z,1,93,20260922,4096,256,3,nullhash,1853365,975024,2210034.181070647,18677428,000102030405060708090a0b0c0d0e0f101112131415161718191a1b1c1d1e1f,2026-09-22T09:11:31Z
final-20260922T090744Z,1,94,20260922,1048576,256,4,nullhash,344617882,145740374,3042720.8069255096,722368448,000102030405060708090a0b0c0d0e0f101112131415161718191a1b1c1d1e1f,2026-09-22T09:11:31Z
final-20260922T090744Z,1,95,20260922,262144,256,3,sha3_256,430457520,141865050,608989.244745916,1650393343,b9e9546fceffff316882cfe06388969f8d2b1e7005f5652c9193e782b601ca89,2026-09-22T09:11:32Z
final-20260922T090744Z,1,96,20260922,262144,256,8,nullhash,69795674,19942898,3755877.47744939,155463722,000102030405060708090a0b0c0d0e0f101112131415161718191a1b1c1d1e1f,2026-09-22T09:11:33Z
final-20260922T090744Z,1,97,20260922,262144,256,2,sha256,358077083,196813523,732088.1800190491,1294985347,740342ae28863cbe589c2a4e9d636be7cff4b142a0b87c6ede0fcf7cae92afdd,2026-09-22T09:11:34Z
final-20260922T090744Z,1,98,20260922,262144,256,16,nullhash,63669391,12855162,4117268.8458728935,142259890,000102030405060708090a0b0c0d0e0f101112131415161718191a1b1c1d1e1f,2026-09-22T09:11:35Z
final-20260922T090744Z,1,99,20260922,4096,256,3,sha256,4296361,1883924,953364.9523398988,318912138,88f8b7ddbf126d99ba35d4ca5dbe2d3e7f48b7357189f8cdef56204f6b145a4d,2026-09-22T09:11:35Z
final-20260922T090744Z,2,0,20260922,262144,256,4,sha256,236618604,73187627,1107875.6934936526,1039136022,56ec6e66ef5807a118558efc4a7cd511c1d7757c4b8d8a3dd33e39c5f45fd60c,2026-09-22T09:11:35Z
final-20260922T090744Z,2,1,20260922,262144,256,2,nullhash,145746267,98985505,1798632.688136019,312797281,000102030405060708090a0b0c0d0e0f101112131415161718191a1b1c1d1e1f,2026-09-22T09:11:36Z
final-20260922T090744Z,2,2,20260922,1048576,256,8,sha256,808292657,154883391,1297272.7030477033,2798859836,11008073f56d19ef25b5779d26d6b8c3a41343955c30b797d2d76220403ed313,2026-09-22T09:11:37Z
final-20260922T090744Z,2,3,20260922,4096,256,4,sha256,3967772,1403318,1032317.3811398438,323318162,5d6f240ce86b74dc9a3b279da4cf065a81e627fa0b51e0af13b39d29490596bb,2026-09-22T09:11:39Z
final-20260922T090744Z,2,4,20260922,4096,256,2,blake2s,7153246,3637414,572607.1772171683,341527307,3449bec8a5b5300693d94f96bfbdfc86713fc3ed0313558846ef24bbb6931132,2026-09-22T09:11:40Z
final-20260922T090744Z,2,5,20260922,4096,256,16,nullhash,1215413,261882,3370047.8767299675,16815258,000102030405060708090a0b0c0d0e0f101112131415161718191a1b1c1d1e1f,2026-09-22T09:11:40Z
final-20260922T090744Z,2,6,20260922,262144,256,3,nullhash,101208587,51061779,2590135.953582674,221169453,000102030405060708090a0b0c0d0e0f101112131415161718191a1b1c1d1e1f,2026-09-22T09:11:40Z
final-20260922T090744Z,2,7,20260922,262144,256,16,blake2s,291023507,35642128,900765.7240554111,1195836664,40ee6220a757588d87c979b3ced12493ff7aca3ea6c9e575e9d5bde4ba8d134d,2026-09-22T09:11:40Z
final-20260922T090744Z,2,8,20260922,4096,256,3,blake2s,5869386,2007345,697858.3449785038,345703317,dd77f8d25572690c16f541fce5e0004633e7df9bb8cefd990c6740216c926dc2,2026-09-22T09:11:42Z
final-20260922T090744Z,2,9,20260922,1048576,256,8,nullhash,286800739,75540546,3656113.312873995,587806893,000102030405060708090a0b0c0d0e0f101112131415161718191a1b1c1d1e1f,2026-09-22T09:11:42Z
final-20260922T090744Z,2,10,20260922,65536,256,8,sha3_256,86238000,14749449,759943.4124168,581249444,cf348da5b068b7af7798fefbe43e81f68a37ace420b9026269ad07663ff98f1d,2026-09-22T09:11:43Z
final-20260922T090744Z,2,11,20260922,1048576,256,4,nullhash,349427537,147037066,3000839.6275877934,716125967,000102030405060708090a0b0c0d0e0f101112131415161718191a1b1c1d1e1f,2026-09-22T09:11:43Z
final-20260922T090744Z,2,12,20260922,262144,256,2,blake2s,466120007,212608000,562395.941095058,1622055732,eed051985d2c920d928e8e3c4fc4f9c2020a4d16feb67ed8288fb50e74feee62,2026-09-22T09:11:44Z
final-20260922T090744Z,2,13,20260922,4096,256,2,nullhash,2570228,1842246,1593632.9384007957,20342960,000102030405060708090a0b0c0d0e0f101112131415161718191a1b1c1d1e1f,2026-09-22T09:11:45Z
final-20260922T090744Z,2,14,20260922,16384,256,16,sha256,11796356,1766203,1388903.4885010254,331420699,82155b7ef0c2ae48c915c324bc8f159897ff184f24c5875a1f8eb08011fb4e1d,2026-09-22T09:11:45Z
final-20260922T090744Z,2,15,20260922,16384,256,3,blake2s,22746914,7534377,720273.5280926459,386978716,b30f84204a994a3c7311c54dc9e54bacefddcc74fd1f41171768c004e671ab8b,2026-09-22T09:11:46Z
final-20260922T090744Z,2,16,20260922,1048576,256,2,sha256,1434681701,793462561,730877.0992681673,4723489295,f36df66f9ac61c8c5db4a352461181bf7cc01ea8793cbc773f1d3e80755388d9,2026-09-22T09:11:46Z
final-20260922T090744Z,2,17,20260922,4096,256,8,blake2s,5228698,967318,783369.0146189356,331081120,261a6fbe71efbd0b300eee814d7271ca6843873ea0aab188d5509a74694f8191,2026-09-22T09:11:51Z
final-20260922T090744Z,2,18,20260922,4096,256,3,sha256,4311669,1848796,949980.158495469,323997115,88f8b7ddbf126d99ba35d4ca5dbe2d3e7f48b7357189f8cdef56204f6b145a4d,2026-09-22T09:11:51Z
final-20260922T090744Z,2,19,20260922,65536,256,4,sha256,59168566,18814414,1107615.148219073,499051435,422a75a177e15a33c77aba30f99d4cc86a4907115b73caaa66ae5486f1f6fa28,2026-09-22T09:11:52Z
final-20260922T090744Z,2,20,20260922,4096,256,4,blake2s,5573731,1627069,734875.795046442,327922832,459ca9af078d1704b0a2d4ff4cfb9ac30914a5fe3331d4b7dce0dab47174393b,2026-09-22T09:11:52Z
final-20260922T090744Z,2,21,20260922,65536,256,16,sha256,69790817,6880983,939034.7156990581,494935371,63915f25f1917098dc348cc0fb3e1be5ff5801743a711c4c5d2a15a33dfa40bd,2026-09-22T09:11:52Z
final-20260922T090744Z,2,22,20260922,16384,256,8,sha256,12380011,2763245,1323423.7029353206,354155563,75a5f07ec202b2e8bf782757d3b8b57e2ef664456b6ff32e89937102051b768e,2026-09-22T09:11:53Z
final-20260922T090744Z,2,23,20260922,1048576,256,8,blake2s,1222442949,197337926,857770.9093563597,4039909918,064973adad4ee5f520a97590997979971876f0d2908931e812c811e8a477c37b,2026-09-22T09:11:53Z
final-20260922T090744Z,2,24,20260922,4096,256,4,sha3_256,6480731,1971306,632027.4672718247,331321107,d2582b5797cb45c3e51b7d1789033e0d7ba602885fba67182ecf11d7ab4107ea,2026-09-22T09:11:57Z
final-20260922T090744Z,2,25,20260922,65536,256,16,nullhash,16166344,3487084,4053854.105789163,46897676,000102030405060708090a0b0c0d0e0f101112131415161718191a1b1c1d1e1f,2026-09-22T09:11:58Z
final-20260922T090744Z,2,26,20260922,262144,256,8,sha256,202333977,38740056,1295600.49126104,924009349,298ecf21d5d46c2ffbf7dc0ee7b10355db667625bb517cce25e9e0ce5fc9b28c,2026-09-22T09:11:58Z
final-20260922T090744Z,2,27,20260922,262144,256,2,sha256,358575349,196063657,731070.8913233185,1291631019,740342ae28863cbe589c2a4e9d636be7cff4b142a0b87c6ede0fcf7cae92afdd,2026-09-22T09:11:59Z
final-20260922T090744Z,2,28,20260922,4096,256,3,sha3_256,6736271,4266237,608051.5466197841,352463350,b03b52887e17e7bb261949f75fab810eaa3b0abe93247fb386ffb81e38b56185,2026-09-22T09:12:00Z
final-20260922T090744Z,2,29,20260922,1048576,256,3,nullhash,409011283,202436506,2563684.7773707993,840654783,000102030405060708090a0b0c0d0e0f101112131415161718191a1b1c1d1e1f,2026-09-22T09:12:00Z
final-20260922T090744Z,2,30,20260922,65536,256,2,nullhash,36917000,25158754,1775225.505864507,90357214,000102030405060708090a0b0c0d0e0f101112131415161718191a1b1c1d1e1f,2026-09-22T09:12:01Z
final-20260922T090744Z,2,31,20260922,16384,256,2,nullhash,9109955,6748256,1798472.1110038415,35074546,000102030405060708090a0b0c0d0e0f101112131415161718191a1b1c1d1e1f,2026-09-22T09:12:01Z
final-20260922T090744Z,2,32,20260922,1048576,256,3,blake2s,1461605606,437840468,717413.7781734808,4630133059,f62c9ab517538e8259fe5f079856567efdcc43944ff9c37ba8139535ad3eaa38,2026-09-22T09:12:01Z
final-20260922T090744Z,2,33,20260922,65536,256,8,sha256,50472436,10839030,1298451.297258567,444408067,f24c516f1a67f2e369332f9d3f85c72fc23aa0210d12dc453d2bebbbc85571d5,2026-09-22T09:12:06Z
final-20260922T090744Z,2,34,20260922,65536,256,3,sha3_256,107396205,35888832,610226.4041825314,649919863,7d32f04c6f66559574a32d7bcc4dfd43a6faf756f577b8f735577ce325964f99,2026-09-22T09:12:06Z
final-20260922T090744Z,2,35,20260922,65536,256,2,blake2s,116464364,54195393,562712.899887557,559015121,ec4932e7be03121bee1885efa61847571b1a6669b2d168c3dfad4d38b23b8281,2026-09-22T09:12:07Z
final-20260922T090744Z,2,36,20260922,1048576,256,8,sha3_256,1385246469,268386760,756959.8793180537,4597877494,cb15ce8d6f849eba3ba927622df1e38654715237f1da3204afec0eb577910fd2,2026-09-22T09:12:07Z
final-20260922T090744Z,2,37,20260922,65536,256,2,sha3_256,140855819,69895360,465270.09295938286,637537048,d63ffda16b17575b170fcbb398dbd05ec0b9f8a00a9493bb0f6e8bb2d1778f5f,2026-09-22T09:12:12Z
final-20260922T090744Z,2,38,20260922,1048576,256,16,nullhash,254342042,48428875,4122700.249453844,532918146,000102030405060708090a0b0c0d0e0f101112131415161718191a1b1c1d1e1f,2026-09-22T09:12:13Z
final-20260922T090744Z,2,39,20260922,65536,256,2,sha256,89699677,49974098,730615.7858294182,489104928,1aff050731f4ff3b64610d2bf99b4c2d38878776411f089ea1c78251fc9ea3c8,2026-09-22T09:12:13Z
final-20260922T090744Z,2,40,20260922,262144,256,2,sha3_256,559744366,277561807,468328.0724615636,1905655496,bfe92fc58e742ec32b00df7756ef8482a29ef3b1ea96a58b6f515ae0e4f865b5,2026-09-22T09:12:14Z
final-20260922T090744Z,2,41,20260922,1048576,256,2,blake2s,1875584353,849450684,559066.2975636373,6014658841,f594faa8e2cc7eb767b86bdc847beb5e18279a2855164e04d6e76e2320a61b63,2026-09-22T09:12:16Z
final-20260922T090744Z,2,42,20260922,16384,256,16,sha3_256,20198006,2918262,811169.1817499212,382242928,af59672f489342e08480fa9448fa4bde1dd1d203e62322dcc439feec4caa3fe9,2026-09-22T09:12:22Z
final-20260922T090744Z,2,43,20260922,16384,256,3,sha256,16248306,6676184,1008351.2705878385,353940194,25f7a45ae60aa17f3ac9f90472fb1acd186b36b923025c2e2af9df12959b3f55,2026-09-22T09:12:22Z
final-20260922T090744Z,2,44,20260922,16384,256,4,sha3_256,23904190,6648261,685402.8519686298,381299263,b0ecec4470595a75a59c4ebede216b891e0f4638b6c4b9fa5fb44c91786b36f3,2026-09-22T09:12:22Z
final-20260922T090744Z,2,45,20260922,4096,256,2,sha3_256,8682008,4998452,471780.26097188576,355385256,ee3342c752978bfd893fcf3722d3551fb022d0b599dfa4d47c5727cc53e3720f,2026-09-22T09:12:23Z
final-20260922T090744Z,2,46,20260922,16384,256,3,nullhash,6635736,3766169,2469055.429571038,28194748,000102030405060708090a0b0c0d0e0f101112131415161718191a1b1c1d1e1f,2026-09-22T09:12:23Z
final-20260922T090744Z,2,47,20260922,4096,256,3,nullhash,1859415,972801,2202843.3674031887,18084493,000102030405060708090a0b0c0d0e0f101112131415161718191a1b1c1d1e1f,2026-09-22T09:12:23Z
final-20260922T090744Z,2,48,20260922,1048576,256,3,sha3_256,1708293033,567462283,613815.0655327294,5408958762,cbe999d04f925a4e957334cf674ecf2f0a32194f7b4e7b28da44a44614b05f58,2026-09-22T09:12:23Z
final-20260922T090744Z,2,49,20260922,4096,256,16,sha256,3274119,453152,1251023.5577876065,314639019,d56452f62051ecf4810e2c233ff01d6f2d4d7df3b23a676a0ff1a95afe6b84c8,2026-09-22T09:12:29Z
final-20260922T090744Z,2,50,20260922,1048576,256,16,sha256,753109778,96500853,1392328.2244252046,2647006302,204a0ba5a3435eb2eda994b98b6870442595c0ed813a7bed842dc70354353fc2,2026-09-22T09:12:29Z
final-20260922T090744Z,2,51,20260922,4096,256,16,blake2s,4907423,672764,834653.9517787645,329959530,1b2fa096f7049a0a159b9b46fda47097e7663672789ee28071fba47212909811,2026-09-22T09:12:32Z
final-20260922T090744Z,2,52,20260922,262144,256,4,sha3_256,384347729,97148053,682049.0410651028,1487634264,95331f82e68d735cdd3d5ba2066f5bf023e72935b3c1a32f61e1d22918a03097,2026-09-22T09:12:32Z
final-20260922T090744Z,2,53,20260922,1048576,256,4,sha256,941864646,290583763,1113297.9716917838,3221890462,fd9adf45ef158eee0499ded190ee0634d449b8ed8ed5f390b4bd2c25b331844d,2026-09-22T09:12:33Z
final-20260922T090744Z,2,54,20260922,262144,256,4,nullhash,86389966,37073192,3034426.4749450185,188845593,000102030405060708090a0b0c0d0e0f101112131415161718191a1b1c1d1e1f,2026-09-22T09:12:37Z
final-20260922T090744Z,2,55,20260922,4096,256,8,nullhash,1356209,377944,3020183.4672974446,17652640,000102030405060708090a0b0c0d0e0f101112131415161718191a1b1c1d1e1f,2026-09-22T09:12:37Z
final-20260922T090744Z,2,56,20260922,1048576,256,3,sha256,1061665559,407573047,987670.7321914736,3448807554,5f1024e2eaeece60bda47502efe68cd55b1cf12c77924d95cea59a223d140912,2026-09-22T09:12:37Z
final-20260922T090744Z,2,57,20260922,4096,256,4,nullhash,1596914,688740,2564947.141799746,17893777,000102030405060708090a0b0c0d0e0f101112131415161718191a1b1c1d1e1f,2026-09-22T09:12:40Z
final-20260922T090744Z,2,58,20260922,4096,256,8,sha256,3431666,729745,1193589.3528099763,311554928,9e1e0cb13be2d3c60ccf5b55958f95bda3778dcbea9720c96d182a7902d8a513,2026-09-22T09:12:40Z
final-20260922T090744Z,2,59,20260922,16384,256,4,sha256,14556787,4820947,1125523.0979198914,357197026,f9302c40648f7da2e6005a6911389669956ec33514d6fd72f0e5a96dfee01348,2026-09-22T09:12:41Z
final-20260922T090744Z,2,60,20260922,4096,256,2,sha256,5512569,3397867,743029.2482506795,333238762,21f5e721e8d3841fe8120999a88ece52e438cce0db6a78c8f9db76f8365ccdd3,2026-09-22T09:12:41Z
final-20260922T090744Z,2,61,20260922,65536,256,4,nullhash,21870777,9528293,2996509.909090107,59821417,000102030405060708090a0b0c0d0e0f101112131415161718191a1b1c1d1e1f,2026-09-22T09:12:41Z
final-20260922T090744Z,2,62,20260922,1048576,256,2,nullhash,588686373,378013309,1781213.3048984301,1187991248,000102030405060708090a0b0c0d0e0f101112131415161718191a1b1c1d1e1f,2026-09-22T09:12:41Z
final-20260922T090744Z,2,63,20260922,65536,256,4,blake2s,85035249,21959573,770692.163199287,577857737,15fabb162c58e019b6fed9958bac8ce88ac26a028486dba2585536bb9a79edac,2026-09-22T09:12:42Z
final-20260922T090744Z,2,64,20260922,16384,256,4,nullhash,5661308,2622305,2894030.8494079458,26175097,000102030405060708090a0b0c0d0e0f101112131415161718191a1b1c1d1e1f,2026-09-22T09:12:43Z
final-20260922T090744Z,2,65,20260922,4096,256,16,sha3_256,5455188,769221,750844.8838060211,326565452,a4209cd3ce27c1cda8e39a6dbb59980104429c8edf38c63e6a7a81dc6bff8b24,2026-09-22T09:12:43Z
final-20260922T090744Z,2,66,20260922,65536,256,16,sha3_256,81751794,10440469,801646.0164776322,564450172,7c67c473bb32a89d122340bdf74f49f4c2a22d0253192dc8ebdc659711017198,2026-09-22T09:12:43Z
final-20260922T090744Z,2,67,20260922,16384,256,2,blake2s,28379376,13235443,577320.6570856244,340608504,96f4b1f8fcd0e9fa3506a247d3f822166430477ed9250f1772c77d9493b651c6,2026-09-22T09:12:44Z
final-20260922T090744Z,2,68,20260922,16384,256,16,nullhash,4374379,1003781,3745445.9250101554,23444658,000102030405060708090a0b0c0d0e0f101112131415161718191a1b1c1d1e1f,2026-09-22T09:12:44Z
final-20260922T090744Z,2,69,20260922,262144,256,8,sha3_256,344414965,57317757,761128.3673460588,1373135316,86f629536e38e29d21acb6ba75134abbe666399b65bd632a228cdc086541fd78,2026-09-22T09:12:44Z
final-20260922T090744Z,2,70,20260922,16384,256,8,sha3_256,21072230,4014129,777516.1907401353,385361647,96fea16fc4e4d9970a9163349be86aef94c806c1e54aec88fefed6958f9edbbc,2026-09-22T09:12:46Z
final-20260922T090744Z,2,71,20260922,262144,256,8,blake2s,306658494,49924283,854840.1727949528,1245678958,7acd79da2980b4227f52ee5da9f776a332b6f275bd56e708b22bba34ddbed3fb,2026-09-22T09:12:46Z
final-20260922T090744Z,2,72,20260922,65536,256,4,sha3_256,96222133,24811576,681090.7008265967,590169136,6e6c5d411895402f18a616b478c2fbb4db78de4732c2e3edcf176e60b574fe13,2026-09-22T09:12:47Z
final-20260922T090744Z,2,73,20260922,65536,256,3,nullhash,25692788,13181245,2550754.709843089,67455286,000102030405060708090a0b0c0d0e0f101112131415161718191a1b1c1d1e1f,2026-09-22T09:12:48Z
final-20260922T090744Z,2,74,20260922,262144,256,8,nullhash,71750100,19488864,3653569.8208086123,156666612,000102030405060708090a0b0c0d0e0f101112131415161718191a1b1c1d1e1f,2026-09-22T09:12:48Z
final-20260922T090744Z,2,75,20260922,16384,256,8,blake2s,18987144,3469250,862899.6546294693,368941613,cec3e3da0c45a69e2d8930eb6caa89836e766da17b58deab553da9c9a09b05c3,2026-09-22T09:12:48Z
final-20260922T090744Z,2,76,20260922,262144,256,3,blake2s,366028948,110105444,716183.7921081586,1428004061,aca78fa27076d3b3dc710ee06a48fd26d2db5a51e0f20d70e12a74bcecf9af54,2026-09-22T09:12:49Z
final-20260922T090744Z,2,77,20260922,1048576,256,16,blake2s,1167738310,140334177,897954.6110806281,3879829062,4eb3d1779b2e11941769961e4222a6f78a1837242058b17be7978d14cb2b7c80,2026-09-22T09:12:50Z
final-20260922T090744Z,2,78,20260922,262144,256,16,sha3_256,328215507,39723208,798694.7429635004,1323479831,27f7c0d2b0ff7977d3da8279573dc66d1d971e761dbb840af56e5b5abcb7dde8,2026-09-22T09:12:54Z
final-20260922T090744Z,2,79,20260922,262144,256,16,sha256,188022783,24271093,1394214.0192659525,891791875,8f09c92e01d5dc13b6a51118211630318ef632d26218ac7acc81bcf8d2969877,2026-09-22T09:12:55Z
final-20260922T090744Z,2,80,20260922,1048576,256,4,sha3_256,1538319681,388540543,681637.251964665,5013775419,4162dd925fdbdda96c8d77b0013cc6c8217c1e0e54d4215dacd09de27dcda9a9,2026-09-22T09:12:56Z
final-20260922T090744Z,2,81,20260922,1048576,256,16,sha3_256,1311205258,157741431,799703.9316326475,4310923893,a32f0be7cad150453b4d59e7a089c1840eccb4c457b26cc0f3e36f4e99960f80,2026-09-22T09:13:01Z
final-20260922T090744Z,2,82,20260922,65536,256,8,nullhash,17780806,5293016,3685772.174782178,52129463,000102030405060708090a0b0c0d0e0f101112131415161718191a1b1c1d1e1f,2026-09-22T09:13:05Z
final-20260922T090744Z,2,83,20260922,262144,256,16,nullhash,63664201,12605936,4117604.491729975,140920758,000102030405060708090a0b0c0d0e0f101112131415161718191a1b1c1d1e1f,2026-09-22T09:13:05Z
final-20260922T090744Z,2,84,20260922,16384,256,8,nullhash,4771331,1412394,3433842.6740882155,23693820,000102030405060708090a0b0c0d0e0f101112131415161718191a1b1c1d1e1f,2026-09-22T09:13:06Z
final-20260922T090744Z,2,85,20260922,262144,256,3,sha256,267016964,102204174,981750.3580034712,1137918633,b2c4c8f4e14b843f84f4adb34fee56a737067ec23d123ac06a11c1efed07ba15,2026-09-22T09:13:06Z
final-20260922T090744Z,2,86,20260922,16384,256,4,blake2s,20788741,5895306,788118.9149453543,374486218,6087b5a4baea72947053fcb075846bbcd71cf2904a4d62ee537e880b0cfc86a3,2026-09-22T09:13:07Z
final-20260922T090744Z,2,87,20260922,262144,256,4,blake2s,340947267,85471274,768869.6328514639,1356908053,f4a1a95e118ebba8edf32cb295de15d8a0f75df7a60fcfc955c71ce667349a4f,2026-09-22T09:13:07Z
final-20260922T090744Z,2,88,20260922,16384,256,3,sha3_256,26290446,9254329,623192.1664622959,394836864,b1fcafc1efd7c2e83a0277ea77e40ffbf1804373ebc9b047f0846bf0895a5176,2026-09-22T09:13:08Z
final-20260922T090744Z,2,89,20260922,65536,256,3,sha256,66153992,25978343,990658.2810603479,523128847,6cefb37f530c76678a092e56d1ca964e9d2504b927f8758afae52198f5f5ef47,2026-09-22T09:13:09Z
final-20260922T090744Z,2,90,20260922,1048576,256,4,blake2s,1365287427,340189336,768025.8231807478,4500964626,672c0d052350b2500d588f38e8362b342d03e1eee42964c1fc91c2e643b93d2c,2026-09-22T09:13:09Z
final-20260922T090744Z,2,91,20260922,16384,256,16,blake2s,17969024,2568850,911791.3137630625,376845713,bcc59923e0515b49362980c1bad2fbf21f74480c7a61a9bce386e7eb0669b5a0,2026-09-22T09:13:14Z
final-20260922T090744Z,2,92,20260922,65536,256,3,blake2s,90953527,27732126,720543.8003520193,601928644,0e8d867d450bca93825c83b1849db6904a56a3bfea02cea26a002336d48a31de,2026-09-22T09:13:14Z
final-20260922T090744Z,2,93,20260922,16384,256,2,sha3_256,34217114,17283961,478824.7191157033,360199459,2beec76ed79e48fe95d6d42bea0689837f52f1957f6a583504095165cc8d1238,2026-09-22T09:13:15Z
final-20260922T090744Z,2,94,20260922,65536,256,8,blake2s,76139972,13030669,860730.5503080563,545093936,06e8251f9da62cea200f393248fd12e1006d0926d3363048df11e27f5b40be6d,2026-09-22T09:13:15Z
final-20260922T090744Z,2,95,20260922,4096,256,8,sha3_256,5633187,1058375,727119.4796125178,320111045,4b5c1c5d7d2b27763e9d21ad1afed5c2805a8193dff148f0aad6c6e62b6499ee,2026-09-22T09:13:16Z
final-20260922T090744Z,2,96,20260922,1048576,256,2,sha3_256,2247184814,1106231801,466617.60682403756,7180358598,e6adb21e7b3e55d53244e4385ff319132398e573acbb3ee727b54dba3adcadf0,2026-09-22T09:13:16Z
final-20260922T090744Z,2,97,20260922,65536,256,16,blake2s,73074455,9308116,896838.7106000312,535370027,c10b0a1440fcbc0f50de063b71fc9cbdac0bc057ea1482b66c9d217c60bee988,2026-09-22T09:13:23Z
final-20260922T090744Z,2,98,20260922,262144,256,3,sha3_256,428354027,142312179,611979.772516531,1629610239,b9e9546fceffff316882cfe06388969f8d2b1e7005f5652c9193e782b601ca89,2026-09-22T09:13:24Z
final-20260922T090744Z,2,99,20260922,16384,256,2,sha256,21619644,12335383,757829.3148582835,308899276,c8d1ab11c0ff45f9c649aad5c41d26e2e3051847df67524d2819349b51d7a8ac,2026-09-22T09:13:25Z
final-20260922T090744Z,3,0,20260922,16384,256,8,sha256,12447764,2789183,1316220.3267992549,346719682,75a5f07ec202b2e8bf782757d3b8b57e2ef664456b6ff32e89937102051b768e,2026-09-22T09:13:26Z
final-20260922T090744Z,3,1,20260922,1048576,256,16,sha3_256,1311542284,157389590,799498.4323357127,4311639486,a32f0be7cad150453b4d59e7a089c1840eccb4c457b26cc0f3e36f4e99960f80,2026-09-22T09:13:26Z
final-20260922T090744Z,3,2,20260922,1048576,256,8,nullhash,282519049,76295666,3711523.1829907508,587438179,000102030405060708090a0b0c0d0e0f101112131415161718191a1b1c1d1e1f,2026-09-22T09:13:30Z
final-20260922T090744Z,3,3,20260922,4096,256,8,blake2s,5075516,931632,807011.5432598379,324528941,261a6fbe71efbd0b300eee814d7271ca6843873ea0aab188d5509a74694f8191,2026-09-22T09:13:31Z
final-20260922T090744Z,3,4,20260922,262144,256,3,sha256,264672411,102247014,990447.0171619059,1143799653,b2c4c8f4e14b843f84f4adb34fee56a737067ec23d123ac06a11c1efed07ba15,2026-09-22T09:13:31Z
final-20260922T090744Z,3,5,20260922,65536,256,4,sha3_256,95978113,24871373,682822.3430481489,618866008,6e6c5d411895402f18a616b478c2fbb4db78de4732c2e3edcf176e60b574fe13,2026-09-22T09:13:32Z
final-20260922T090744Z,3,6,20260922,262144,256,4,blake2s,341298342,85742003,768078.7385717802,1359263500,f4a1a95e118ebba8edf32cb295de15d8a0f75df7a60fcfc955c71ce667349a4f,2026-09-22T09:13:33Z
final-20260922T090744Z,3,7,20260922,1048576,256,16,blake2s,1168126724,140562138,897656.0320522211,3895709542,4eb3d1779b2e11941769961e4222a6f78a1837242058b17be7978d14cb2b7c80,2026-09-22T09:13:34Z
final-20260922T090744Z,3,8,20260922,4096,256,2,nullhash,2548615,1812144,1607147.4114371922,20159368,000102030405060708090a0b0c0d0e0f101112131415161718191a1b1c1d1e1f,2026-09-22T09:13:38Z
final-20260922T090744Z,3,9,20260922,4096,256,2,blake2s,7153120,3640271,572617.2635157806,344342965,3449bec8a5b5300693d94f96bfbdfc86713fc3ed0313558846ef24bbb6931132,2026-09-22T09:13:38Z
final-20260922T090744Z,3,10,20260922,65536,256,16,sha3_256,81900957,10422568,800186.0100364884,560391119,7c67c473bb32a89d122340bdf74f49f4c2a22d0253192dc8ebdc659711017198,2026-09-22T09:13:39Z
final-20260922T090744Z,3,11,20260922,4096,256,16,sha256,3330715,476632,1229765.9811782155,313574100,d56452f62051ecf4810e2c233ff01d6f2d4d7df3b23a676a0ff1a95afe6b84c8,2026-09-22T09:13:39Z
final-20260922T090744Z,3,12,20260922,1048576,256,2,nullhash,589201707,387848609,1779655.400760745,1205518323,000102030405060708090a0b0c0d0e0f101112131415161718191a1b1c1d1e1f,2026-09-22T09:13:40Z
final-20260922T090744Z,3,13,20260922,1048576,256,16,nullhash,249638108,48390335,4200384.341961124,513465979,000102030405060708090a0b0c0d0e0f101112131415161718191a1b1c1d1e1f,2026-09-22T09:13:41Z
final-20260922T090744Z,3,14,20260922,4096,256,3,sha3_256,6757951,2564570,606100.8728829197,334194195,b03b52887e17e7bb261949f75fab810eaa3b0abe93247fb386ffb81e38b56185,2026-09-22T09:13:41Z
final-20260922T090744Z,3,15,20260922,16384,256,3,sha256,16373139,6667141,1000663.3425636954,356433274,25f7a45ae60aa17f3ac9f90472fb1acd186b36b923025c2e2af9df12959b3f55,2026-09-22T09:13:42Z
final-20260922T090744Z,3,16,20260922,4096,256,4,blake2s,5520764,1608792,741926.2986064972,324332089,459ca9af078d1704b0a2d4ff4cfb9ac30914a5fe3331d4b7dce0dab47174393b,2026-09-22T09:13:42Z
final-20260922T090744Z,3,17,20260922,65536,256,3,sha256,66207756,26076085,989853.817126803,518577651,6cefb37f530c76678a092e56d1ca964e9d2504b927f8758afae52198f5f5ef47,2026-09-22T09:13:42Z
final-20260922T090744Z,3,18,20260922,1048576,256,8,sha3_256,1372288528,222977196,764107.5317653607,4499742662,cb15ce8d6f849eba3ba927622df1e38654715237f1da3204afec0eb577910fd2,2026-09-22T09:13:43Z
final-20260922T090744Z,3,19,20260922,262144,256,2,blake2s,466914770,214193792,561438.6539967455,1626308273,eed051985d2c920d928e8e3c4fc4f9c2020a4d16feb67ed8288fb50e74feee62,2026-09-22T09:13:47Z
final-20260922T090744Z,3,20,20260922,65536,256,2,blake2s,116797428,53451807,561108.2463219995,572526047,ec4932e7be03121bee1885efa61847571b1a6669b2d168c3dfad4d38b23b8281,2026-09-22T09:13:49Z
final-20260922T090744Z,3,21,20260922,262144,256,16,blake2s,291915639,35802107,898012.8673407594,1212275973,40ee6220a757588d87c979b3ced12493ff7aca3ea6c9e575e9d5bde4ba8d134d,2026-09-22T09:13:50Z
final-20260922T090744Z,3,22,20260922,65536,256,2,sha3_256,141536405,69577957,463032.8147729907,636329284,d63ffda16b17575b170fcbb398dbd05ec0b9f8a00a9493bb0f6e8bb2d1778f5f,2026-09-22T09:13:51Z
final-20260922T090744Z,3,23,20260922,16384,256,8,nullhash,4746765,1441488,3451613.8886167738,24206735,000102030405060708090a0b0c0d0e0f101112131415161718191a1b1c1d1e1f,2026-09-22T09:13:51Z
final-20260922T090744Z,3,24,20260922,262144,256,2,sha256,360989498,197402434,726181.7904741373,1306956057,740342ae28863cbe589c2a4e9d636be7cff4b142a0b87c6ede0fcf7cae92afdd,2026-09-22T09:13:51Z
final-20260922T090744Z,3,25,20260922,65536,256,8,sha256,50251839,10144473,1304151.2769313776,462538064,f24c516f1a67f2e369332f9d3f85c72fc23aa0210d12dc453d2bebbbc85571d5,2026-09-22T09:13:53Z
final-20260922T090744Z,3,26,20260922,4096,256,4,sha3_256,6174184,1791944,663407.5045382516,330421825,d2582b5797cb45c3e51b7d1789033e0d7ba602885fba67182ecf11d7ab4107ea,2026-09-22T09:13:53Z
final-20260922T090744Z,3,27,20260922,262144,256,16,sha3_256,326128087,40026037,803806.8797183973,1311886656,27f7c0d2b0ff7977d3da8279573dc66d1d971e761dbb840af56e5b5abcb7dde8,2026-09-22T09:13:54Z
final-20260922T090744Z,3,28,20260922,16384,256,3,sha3_256,26019219,9298609,629688.3853431573,405668020,b1fcafc1efd7c2e83a0277ea77e40ffbf1804373ebc9b047f0846bf0895a5176,2026-09-22T09:13:55Z
final-20260922T090744Z,3,29,20260922,4096,256,3,nullhash,1842117,977030,2223528.6900886316,17503669,000102030405060708090a0b0c0d0e0f101112131415161718191a1b1c1d1e1f,2026-09-22T09:13:55Z
final-20260922T090744Z,3,30,20260922,1048576,256,4,blake2s,1361730821,342153507,770031.7741431219,4479770165,672c0d052350b2500d588f38e8362b342d03e1eee42964c1fc91c2e643b93d2c,2026-09-22T09:13:55Z
final-20260922T090744Z,3,31,20260922,1048576,256,3,blake2s,1458745784,429581054,718820.2437334345,4613294929,f62c9ab517538e8259fe5f079856567efdcc43944ff9c37ba8139535ad3eaa38,2026-09-22T09:14:00Z
final-20260922T090744Z,3,32,20260922,1048576,256,16,sha256,753878860,95154589,1390907.8177361279,2631365794,204a0ba5a3435eb2eda994b98b6870442595c0ed813a7bed842dc70354353fc2,2026-09-22T09:14:04Z
final-20260922T090744Z,3,33,20260922,16384,256,2,sha256,21681953,12362427,755651.4858232558,324877190,c8d1ab11c0ff45f9c649aad5c41d26e2e3051847df67524d2819349b51d7a8ac,2026-09-22T09:14:07Z
final-20260922T090744Z,3,34,20260922,262144,256,16,nullhash,63910904,12895628,4101710.0931634447,146299928,000102030405060708090a0b0c0d0e0f101112131415161718191a1b1c1d1e1f,2026-09-22T09:14:07Z
final-20260922T090744Z,3,35,20260922,262144,256,4,sha256,235858104,72637653,1111447.9237906532,1042190878,56ec6e66ef5807a118558efc4a7cd511c1d7757c4b8d8a3dd33e39c5f45fd60c,2026-09-22T09:14:07Z
final-20260922T090744Z,3,36,20260922,1048576,256,2,sha256,1434279940,783227195,731081.8277218603,4708107979,f36df66f9ac61c8c5db4a352461181bf7cc01ea8793cbc773f1d3e80755388d9,2026-09-22T09:14:08Z
final-20260922T090744Z,3,37,20260922,1048576,256,8,blake2s,1220677279,197129781,859011.6470907131,4032039662,064973adad4ee5f520a97590997979971876f0d2908931e812c811e8a477c37b,2026-09-22T09:14:13Z
final-20260922T090744Z,3,38,20260922,4096,256,8,nullhash,1331947,379495,3075197.436534637,17167148,000102030405060708090a0b0c0d0e0f101112131415161718191a1b1c1d1e1f,2026-09-22T09:14:17Z
final-20260922T090744Z,3,39,20260922,262144,256,2,sha3_256,561973988,276121390,466469.9889988503,1909868964,bfe92fc58e742ec32b00df7756ef8482a29ef3b1ea96a58b6f515ae0e4f865b5,2026-09-22T09:14:17Z
final-20260922T090744Z,3,40,20260922,16384,256,4,sha3_256,23360710,6371615,701348.5463412713,389398681,b0ecec4470595a75a59c4ebede216b891e0f4638b6c4b9fa5fb44c91786b36f3,2026-09-22T09:14:19Z
final-20260922T090744Z,3,41,20260922,1048576,256,8,sha256,810712826,152677177,1293400.0380549054,2801484899,11008073f56d19ef25b5779d26d6b8c3a41343955c30b797d2d76220403ed313,2026-09-22T09:14:20Z
final-20260922T090744Z,3,42,20260922,16384,256,2,nullhash,9182896,6606333,1784186.6008283226,33912305,000102030405060708090a0b0c0d0e0f101112131415161718191a1b1c1d1e1f,2026-09-22T09:14:22Z
final-20260922T090744Z,3,43,20260922,4096,256,2,sha3_256,8609819,5097996,475735.90106830356,349251851,ee3342c752978bfd893fcf3722d3551fb022d0b599dfa4d47c5727cc53e3720f,2026-09-22T09:14:22Z
final-20260922T090744Z,3,44,20260922,16384,256,16,nullhash,4281812,926857,3826417.413935969,23198519,000102030405060708090a0b0c0d0e0f101112131415161718191a1b1c1d1e1f,2026-09-22T09:14:23Z
final-20260922T090744Z,3,45,20260922,65536,256,8,sha3_256,86154962,14776224,760675.8621749494,574907330,cf348da5b068b7af7798fefbe43e81f68a37ace420b9026269ad07663ff98f1d,2026-09-22T09:14:23Z
final-20260922T090744Z,3,46,20260922,16384,256,2,blake2s,28182268,13647269,581358.4627042791,348894708,96f4b1f8fcd0e9fa3506a247d3f822166430477ed9250f1772c77d9493b651c6,2026-09-22T09:14:23Z
final-20260922T090744Z,3,47,20260922,65536,256,3,sha3_256,106827614,35798547,613474.3400709109,649941293,7d32f04c6f66559574a32d7bcc4dfd43a6faf756f577b8f735577ce325964f99,2026-09-22T09:14:24Z
final-20260922T090744Z,3,48,20260922,4096,256,3,sha256,4246872,1869781,964474.5591578932,319820138,88f8b7ddbf126d99ba35d4ca5dbe2d3e7f48b7357189f8cdef56204f6b145a4d,2026-09-22T09:14:24Z
final-20260922T090744Z,3,49,20260922,65536,256,2,sha256,89863534,48441721,729283.5823705754,484745615,1aff050731f4ff3b64610d2bf99b4c2d38878776411f089ea1c78251fc9ea3c8,2026-09-22T09:14:25Z
final-20260922T090744Z,3,50,20260922,16384,256,3,nullhash,6614929,3732333,2476821.7466884376,28289819,000102030405060708090a0b0c0d0e0f101112131415161718191a1b1c1d1e1f,2026-09-22T09:14:25Z
final-20260922T090744Z,3,51,20260922,4096,256,3,blake2s,5873421,1987500,697378.9210751281,322261909,dd77f8d25572690c16f541fce5e0004633e7df9bb8cefd990c6740216c926dc2,2026-09-22T09:14:25Z
final-20260922T090744Z,3,52,20260922,262144,256,8,sha3_256,343640256,55726330,762844.2693279801,1349121157,86f629536e38e29d21acb6ba75134abbe666399b65bd632a228cdc086541fd78,2026-09-22T09:14:25Z
final-20260922T090744Z,3,53,20260922,262144,256,3,sha3_256,427902372,142740840,612625.7229534591,1619591491,b9e9546fceffff316882cfe06388969f8d2b1e7005f5652c9193e782b601ca89,2026-09-22T09:14:27Z
final-20260922T090744Z,3,54,20260922,1048576,256,4,nullhash,347902167,141983171,3013996.7481145356,719809634,000102030405060708090a0b0c0d0e0f101112131415161718191a1b1c1d1e1f,2026-09-22T09:14:28Z
final-20260922T090744Z,3,55,20260922,4096,256,8,sha256,3430695,739686,1193927.17802078,302064055,9e1e0cb13be2d3c60ccf5b55958f95bda3778dcbea9720c96d182a7902d8a513,2026-09-22T09:14:29Z
final-20260922T090744Z,3,56,20260922,1048576,256,4,sha256,942639171,283451043,1112383.2238879027,3216117450,fd9adf45ef158eee0499ded190ee0634d449b8ed8ed5f390b4bd2c25b331844d,2026-09-22T09:14:29Z
final-20260922T090744Z,3,57,20260922,65536,256,8,nullhash,17665359,5295280,3709859.505261116,51347576,000102030405060708090a0b0c0d0e0f101112131415161718191a1b1c1d1e1f,2026-09-22T09:14:33Z
final-20260922T090744Z,3,58,20260922,65536,256,4,nullhash,21549566,9394770,3041174.9359592674,58250868,000102030405060708090a0b0c0d0e0f101112131415161718191a1b1c1d1e1f,2026-09-22T09:14:33Z
final-20260922T090744Z,3,59,20260922,16384,256,4,nullhash,5617797,2684671,2916445.717066672,25599509,000102030405060708090a0b0c0d0e0f101112131415161718191a1b1c1d1e1f,2026-09-22T09:14:33Z
final-20260922T090744Z,3,60,20260922,16384,256,2,sha3_256,34474166,17515500,475254.42674958403,375381421,2beec76ed79e48fe95d6d42bea0689837f52f1957f6a583504095165cc8d1238,2026-09-22T09:14:33Z
final-20260922T090744Z,3,61,20260922,1048576,256,4,sha3_256,1536957616,381189860,682241.3247340972,4988821932,4162dd925fdbdda96c8d77b0013cc6c8217c1e0e54d4215dacd09de27dcda9a9,2026-09-22T09:14:33Z
final-20260922T090744Z,3,62,20260922,65536,256,16,blake2s,72791092,9436380,900329.9469665876,534667529,c10b0a1440fcbc0f50de063b71fc9cbdac0bc057ea1482b66c9d217c60bee988,2026-09-22T09:14:38Z
final-20260922T090744Z,3,63,20260922,16384,256,8,sha3_256,21041042,4030231,778668.660991219,378895875,96fea16fc4e4d9970a9163349be86aef94c806c1e54aec88fefed6958f9edbbc,2026-09-22T09:14:39Z
final-20260922T090744Z,3,64,20260922,65536,256,4,sha256,59000853,18261390,1110763.6020109744,489874566,422a75a177e15a33c77aba30f99d4cc86a4907115b73caaa66ae5486f1f6fa28,2026-09-22T09:14:39Z
final-20260922T090744Z,3,65,20260922,262144,256,3,blake2s,363977941,109476007,720219.4706629212,1417800271,aca78fa27076d3b3dc710ee06a48fd26d2db5a51e0f20d70e12a74bcecf9af54,2026-09-22T09:14:40Z
final-20260922T090744Z,3,66,20260922,1048576,256,3,sha256,1058816106,408955578,990328.7209724404,3446245322,5f1024e2eaeece60bda47502efe68cd55b1cf12c77924d95cea59a223d140912,2026-09-22T09:14:41Z
final-20260922T090744Z,3,67,20260922,16384,256,16,blake2s,17950268,2579559,912744.0325682047,370767940,bcc59923e0515b49362980c1bad2fbf21f74480c7a61a9bce386e7eb0669b5a0,2026-09-22T09:14:44Z
final-20260922T090744Z,3,68,20260922,65536,256,4,blake2s,85076818,21948107,770315.598780387,580675019,15fabb162c58e019b6fed9958bac8ce88ac26a028486dba2585536bb9a79edac,2026-09-22T09:14:45Z
final-20260922T090744Z,3,69,20260922,65536,256,2,nullhash,36835380,24836997,1779159.0584921343,90549330,000102030405060708090a0b0c0d0e0f101112131415161718191a1b1c1d1e1f,2026-09-22T09:14:45Z
final-20260922T090744Z,3,70,20260922,4096,256,16,blake2s,4861347,680379,842564.8282255926,332139688,1b2fa096f7049a0a159b9b46fda47097e7663672789ee28071fba47212909811,2026-09-22T09:14:45Z
final-20260922T090744Z,3,71,20260922,4096,256,4,sha256,3924201,1332983,1043779.3578871214,307948681,5d6f240ce86b74dc9a3b279da4cf065a81e627fa0b51e0af13b39d29490596bb,2026-09-22T09:14:46Z
final-20260922T090744Z,3,72,20260922,262144,256,3,nullhash,101494656,50893785,2582835.4943141043,217579640,000102030405060708090a0b0c0d0e0f101112131415161718191a1b1c1d1e1f,2026-09-22T09:14:46Z
final-20260922T090744Z,3,73,20260922,262144,256,4,nullhash,85931110,35804790,3050629.742825386,189427400,000102030405060708090a0b0c0d0e0f101112131415161718191a1b1c1d1e1f,2026-09-22T09:14:46Z
final-20260922T090744Z,3,74,20260922,65536,256,3,nullhash,25296955,13198468,2590667.5329105817,66535682,000102030405060708090a0b0c0d0e0f101112131415161718191a1b1c1d1e1f,2026-09-22T09:14:47Z
final-20260922T090744Z,3,75,20260922,262144,256,4,sha3_256,383305179,97110021,683904.1431266443,1491314684,95331f82e68d735cdd3d5ba2066f5bf023e72935b3c1a32f61e1d22918a03097,2026-09-22T09:14:47Z
final-20260922T090744Z,3,76,20260922,65536,256,8,blake2s,76363069,12892373,858215.9001493248,545234215,06e8251f9da62cea200f393248fd12e1006d0926d3363048df11e27f5b40be6d,2026-09-22T09:14:48Z
final-20260922T090744Z,3,77,20260922,4096,256,8,sha3_256,5942092,1165328,689319.5191188557,326838930,4b5c1c5d7d2b27763e9d21ad1afed5c2805a8193dff148f0aad6c6e62b6499ee,2026-09-22T09:14:49Z
final-20260922T090744Z,3,78,20260922,16384,256,4,sha256,14189795,4903356,1154632.6074478172,351340080,f9302c40648f7da2e6005a6911389669956ec33514d6fd72f0e5a96dfee01348,2026-09-22T09:14:49Z
final-20260922T090744Z,3,79,20260922,4096,256,16,nullhash,1226899,268803,3338498.115981837,17508529,000102030405060708090a0b0c0d0e0f101112131415161718191a1b1c1d1e1f,2026-09-22T09:14:49Z
final-20260922T090744Z,3,80,20260922,65536,256,3,blake2s,91119850,27849324,719228.5764298339,599686825,0e8d867d450bca93825c83b1849db6904a56a3bfea02cea26a002336d48a31de,2026-09-22T09:14:49Z
final-20260922T090744Z,3,81,20260922,16384,256,16,sha256,11793458,1847942,1389244.782997489,345313638,82155b7ef0c2ae48c915c324bc8f159897ff184f24c5875a1f8eb08011fb4e1d,2026-09-22T09:14:50Z
final-20260922T090744Z,3,82,20260922,65536,256,16,sha256,46984144,6404176,1394853.5488908768,458477485,63915f25f1917098dc348cc0fb3e1be5ff5801743a711c4c5d2a15a33dfa40bd,2026-09-22T09:14:50Z
final-20260922T090744Z,3,83,20260922,16384,256,3,blake2s,22125618,7197497,740499.0902401009,379280262,b30f84204a994a3c7311c54dc9e54bacefddcc74fd1f41171768c004e671ab8b,2026-09-22T09:14:51Z
final-20260922T090744Z,3,84,20260922,4096,256,2,sha256,5555971,3497813,737224.8703241972,337292755,21f5e721e8d3841fe8120999a88ece52e438cce0db6a78c8f9db76f8365ccdd3,2026-09-22T09:14:51Z
final-20260922T090744Z,3,85,20260922,16384,256,4,blake2s,21021946,5676029,779375.9911665648,376541255,6087b5a4baea72947053fcb075846bbcd71cf2904a4d62ee537e880b0cfc86a3,2026-09-22T09:14:51Z
final-20260922T090744Z,3,86,20260922,4096,256,16,sha3_256,5413134,761181,756678.1092062381,326612039,a4209cd3ce27c1cda8e39a6dbb59980104429c8edf38c63e6a7a81dc6bff8b24,2026-09-22T09:14:52Z
final-20260922T090744Z,3,87,20260922,1048576,256,2,blake2s,1875294954,867061391,559152.5737129457,6032507683,f594faa8e2cc7eb767b86bdc847beb5e18279a2855164e04d6e76e2320a61b63,2026-09-22T09:14:52Z
final-20260922T090744Z,3,88,20260922,262144,256,8,sha256,201306446,38277408,1302213.6409879294,916157777,298ecf21d5d46c2ffbf7dc0ee7b10355db667625bb517cce25e9e0ce5fc9b28c,2026-09-22T09:14:58Z
final-20260922T090744Z,3,89,20260922,262144,256,16,sha256,187627540,25547022,1397150.9726130823,884974406,8f09c92e01d5dc13b6a51118211630318ef632d26218ac7acc81bcf8d2969877,2026-09-22T09:14:59Z
final-20260922T090744Z,3,90,20260922,1048576,256,3,nullhash,404958865,204441093,2589339.5369922323,837764285,000102030405060708090a0b0c0d0e0f101112131415161718191a1b1c1d1e1f,2026-09-22T09:15:00Z
final-20260922T090744Z,3,91,20260922,262144,256,8,nullhash,70150646,19488124,3736872.2164012576,156720068,000102030405060708090a0b0c0d0e0f101112131415161718191a1b1c1d1e1f,2026-09-22T09:15:01Z
final-20260922T090744Z,3,92,20260922,16384,256,8,blake2s,19141363,3582715,855947.4056262346,367388748,cec3e3da0c45a69e2d8930eb6caa89836e766da17b58deab553da9c9a09b05c3,2026-09-22T09:15:01Z
final-20260922T090744Z,3,93,20260922,4096,256,4,nullhash,1618255,704163,2531121.485797974,17969207,000102030405060708090a0b0c0d0e0f101112131415161718191a1b1c1d1e1f,2026-09-22T09:15:01Z
final-20260922T090744Z,3,94,20260922,262144,256,8,blake2s,306023086,50020298,856615.1117108858,1239847293,7acd79da2980b4227f52ee5da9f776a332b6f275bd56e708b22bba34ddbed3fb,2026-09-22T09:15:01Z
final-20260922T090744Z,3,95,20260922,16384,256,16,sha3_256,20089943,2851175,815532.4283398913,365164050,af59672f489342e08480fa9448fa4bde1dd1d203e62322dcc439feec4caa3fe9,2026-09-22T09:15:03Z
final-20260922T090744Z,3,96,20260922,65536,256,16,nullhash,16197455,3624033,4046067.7310108286,48242014,000102030405060708090a0b0c0d0e0f101112131415161718191a1b1c1d1e1f,2026-09-22T09:15:03Z
final-20260922T090744Z,3,97,20260922,1048576,256,2,sha3_256,2254260032,1111878329,465153.08132828574,7190299583,e6adb21e7b3e55d53244e4385ff319132398e573acbb3ee727b54dba3adcadf0,2026-09-22T09:15:03Z
final-20260922T090744Z,3,98,20260922,262144,256,2,nullhash,148575636,92319910,1764380.803323635,309302660,000102030405060708090a0b0c0d0e0f101112131415161718191a1b1c1d1e1f,2026-09-22T09:15:10Z
final-20260922T090744Z,3,99,20260922,1048576,256,3,sha3_256,1718833071,568478951,610051.0966954743,5403793258,cbe999d04f925a4e957334cf674ecf2f0a32194f7b4e7b28da44a44614b05f58,2026-09-22T09:15:11Z
final-20260922T090744Z,4,0,20260922,16384,256,3,nullhash,6593534,3644398,2484858.650914669,29459933,000102030405060708090a0b0c0d0e0f101112131415161718191a1b1c1d1e1f,2026-09-22T09:15:16Z
final-20260922T090744Z,4,1,20260922,262144,256,2,blake2s,467997415,210902481,560139.8460715857,1614869044,eed051985d2c920d928e8e3c4fc4f9c2020a4d16feb67ed8288fb50e74feee62,2026-09-22T09:15:16Z
final-20260922T090744Z,4,2,20260922,1048576,256,4,sha256,951633535,290924024,1101869.534263523,3207069211,fd9adf45ef158eee0499ded190ee0634d449b8ed8ed5f390b4bd2c25b331844d,2026-09-22T09:15:18Z
final-20260922T090744Z,4,3,20260922,262144,256,4,blake2s,342392508,84887058,765624.2291376306,1360213527,f4a1a95e118ebba8edf32cb295de15d8a0f75df7a60fcfc955c71ce667349a4f,2026-09-22T09:15:21Z
final-20260922T090744Z,4,4,20260922,1048576,256,8,nullhash,281152929,74199952,3729557.446652103,580616690,000102030405060708090a0b0c0d0e0f101112131415161718191a1b1c1d1e1f,2026-09-22T09:15:22Z
final-20260922T090744Z,4,5,20260922,1048576,256,8,sha3_256,1382936519,227673614,758224.2464449664,4530764656,cb15ce8d6f849eba3ba927622df1e38654715237f1da3204afec0eb577910fd2,2026-09-22T09:15:23Z
final-20260922T090744Z,4,6,20260922,16384,256,4,nullhash,5768435,2581471,2840285.103325252,26620363,000102030405060708090a0b0c0d0e0f101112131415161718191a1b1c1d1e1f,2026-09-22T09:15:27Z
final-20260922T090744Z,4,7,20260922,1048576,256,2,blake2s,1860134089,847469413,563709.8993028561,5978108852,f594faa8e2cc7eb767b86bdc847beb5e18279a2855164e04d6e76e2320a61b63,2026-09-22T09:15:27Z
final-20260922T090744Z,4,8,20260922,262144,256,3,nullhash,99930985,48976107,2623250.4362886045,216831341,000102030405060708090a0b0c0d0e0f101112131415161718191a1b1c1d1e1f,2026-09-22T09:15:33Z
final-20260922T090744Z,4,9,20260922,1048576,256,2,sha3_256,2242705251,1107036596,467549.625405501,7148049591,e6adb21e7b3e55d53244e4385ff319132398e573acbb3ee727b54dba3adcadf0,2026-09-22T09:15:33Z
final-20260922T090744Z,4,10,20260922,16384,256,8,sha256,12427869,2757451,1318327.381790072,346392079,75a5f07ec202b2e8bf782757d3b8b57e2ef664456b6ff32e89937102051b768e,2026-09-22T09:15:41Z
final-20260922T090744Z,4,11,20260922,16384,256,4,sha256,14299363,4760894,1145785.3052615,346390108,f9302c40648f7da2e6005a6911389669956ec33514d6fd72f0e5a96dfee01348,2026-09-22T09:15:41Z
final-20260922T090744Z,4,12,20260922,65536,256,4,sha256,59602251,18774796,1099555.7869114708,495500212,422a75a177e15a33c77aba30f99d4cc86a4907115b73caaa66ae5486f1f6fa28,2026-09-22T09:15:41Z
final-20260922T090744Z,4,13,20260922,1048576,256,16,sha3_256,1308779167,155860567,801186.3471234487,4314253167,a32f0be7cad150453b4d59e7a089c1840eccb4c457b26cc0f3e36f4e99960f80,2026-09-22T09:15:42Z
final-20260922T090744Z,4,14,20260922,262144,256,16,blake2s,291486658,35658504,899334.4731407912,1210571630,40ee6220a757588d87c979b3ced12493ff7aca3ea6c9e575e9d5bde4ba8d134d,2026-09-22T09:15:46Z
final-20260922T090744Z,4,15,20260922,262144,256,2,nullhash,145568975,95380226,1800823.286692786,309651788,000102030405060708090a0b0c0d0e0f101112131415161718191a1b1c1d1e1f,2026-09-22T09:15:47Z
final-20260922T090744Z,4,16,20260922,262144,256,3,sha3_256,427115733,139427726,613754.0243688471,1624937886,b9e9546fceffff316882cfe06388969f8d2b1e7005f5652c9193e782b601ca89,2026-09-22T09:15:48Z
final-20260922T090744Z,4,17,20260922,65536,256,16,sha3_256,81749321,10337978,801670.2670839309,564359411,7c67c473bb32a89d122340bdf74f49f4c2a22d0253192dc8ebdc659711017198,2026-09-22T09:15:49Z
final-20260922T090744Z,4,18,20260922,4096,256,8,blake2s,5062099,938963,809150.5124652837,324866787,261a6fbe71efbd0b300eee814d7271ca6843873ea0aab188d5509a74694f8191,2026-09-22T09:15:50Z
final-20260922T090744Z,4,19,20260922,65536,256,4,nullhash,21391438,9259656,3063655.6551270657,58067384,000102030405060708090a0b0c0d0e0f101112131415161718191a1b1c1d1e1f,2026-09-22T09:15:50Z
final-20260922T090744Z,4,20,20260922,1048576,256,3,sha256,1051555953,406155499,997166.1488944088,3389077681,5f1024e2eaeece60bda47502efe68cd55b1cf12c77924d95cea59a223d140912,2026-09-22T09:15:50Z
final-20260922T090744Z,4,21,20260922,1048576,256,8,blake2s,1222167126,199072854,857964.4941292587,4039045184,064973adad4ee5f520a97590997979971876f0d2908931e812c811e8a477c37b,2026-09-22T09:15:54Z
final-20260922T090744Z,4,22,20260922,1048576,256,2,sha256,1432438163,787523554,732021.8262015126,4707834836,f36df66f9ac61c8c5db4a352461181bf7cc01ea8793cbc773f1d3e80755388d9,2026-09-22T09:15:58Z
final-20260922T090744Z,4,23,20260922,262144,256,4,sha256,236973970,71263604,1106214.3238770063,1038435194,56ec6e66ef5807a118558efc4a7cd511c1d7757c4b8d8a3dd33e39c5f45fd60c,2026-09-22T09:16:02Z
final-20260922T090744Z,4,24,20260922,65536,256,2,blake2s,116507023,52725179,562506.8627837138,564655371,ec4932e7be03121bee1885efa61847571b1a6669b2d168c3dfad4d38b23b8281,2026-09-22T09:16:03Z
final-20260922T090744Z,4,25,20260922,65536,256,3,sha3_256,106984848,35893186,612572.7261864223,647062262,7d32f04c6f66559574a32d7bcc4dfd43a6faf756f577b8f735577ce325964f99,2026-09-22T09:16:04Z
final-20260922T090744Z,4,26,20260922,1048576,256,16,blake2s,1164393270,139942796,900534.2327339285,3868660551,4eb3d1779b2e11941769961e4222a6f78a1837242058b17be7978d14cb2b7c80,2026-09-22T09:16:05Z
final-20260922T090744Z,4,27,20260922,262144,256,8,sha256,202581087,37861195,1294020.1076125137,924681767,298ecf21d5d46c2ffbf7dc0ee7b10355db667625bb517cce25e9e0ce5fc9b28c,2026-09-22T09:16:08Z
final-20260922T090744Z,4,28,20260922,65536,256,4,sha3_256,96171094,24802232,681452.1627465318,613760823,6e6c5d411895402f18a616b478c2fbb4db78de4732c2e3edcf176e60b574fe13,2026-09-22T09:16:09Z
final-20260922T090744Z,4,29,20260922,4096,256,2,sha3_256,8611828,4649903,475624.9195873396,355869421,ee3342c752978bfd893fcf3722d3551fb022d0b599dfa4d47c5727cc53e3720f,2026-09-22T09:16:10Z
final-20260922T090744Z,4,30,20260922,1048576,256,2,nullhash,579314196,367018970,1810029.8719418917,1167408484,000102030405060708090a0b0c0d0e0f101112131415161718191a1b1c1d1e1f,2026-09-22T09:16:10Z
final-20260922T090744Z,4,31,20260922,262144,256,4,nullhash,86142332,36152674,3043149.563213589,190411460,000102030405060708090a0b0c0d0e0f101112131415161718191a1b1c1d1e1f,2026-09-22T09:16:12Z
final-20260922T090744Z,4,32,20260922,16384,256,3,blake2s,22535589,7286730,727027.813650666,380664569,b30f84204a994a3c7311c54dc9e54bacefddcc74fd1f41171768c004e671ab8b,2026-09-22T09:16:12Z
final-20260922T090744Z,4,33,20260922,1048576,256,16,nullhash,251859068,47863188,4163344.23980319,524403470,000102030405060708090a0b0c0d0e0f101112131415161718191a1b1c1d1e1f,2026-09-22T09:16:12Z
final-20260922T090744Z,4,34,20260922,4096,256,4,nullhash,1651799,726179,2479720.5955446153,18553568,000102030405060708090a0b0c0d0e0f101112131415161718191a1b1c1d1e1f,2026-09-22T09:16:13Z
final-20260922T090744Z,4,35,20260922,4096,256,3,sha256,4320594,1890299,948017.7957012393,319946000,88f8b7ddbf126d99ba35d4ca5dbe2d3e7f48b7357189f8cdef56204f6b145a4d,2026-09-22T09:16:13Z
final-20260922T090744Z,4,36,20260922,16384,256,8,nullhash,4760850,1427180,3441402.2706029387,24287323,000102030405060708090a0b0c0d0e0f101112131415161718191a1b1c1d1e1f,2026-09-22T09:16:13Z
final-20260922T090744Z,4,37,20260922,65536,256,4,blake2s,84847709,21547254,772395.6341590792,576147690,15fabb162c58e019b6fed9958bac8ce88ac26a028486dba2585536bb9a79edac,2026-09-22T09:16:13Z
final-20260922T090744Z,4,38,20260922,16384,256,3,sha256,15847176,6692814,1033875.0576127885,354608978,25f7a45ae60aa17f3ac9f90472fb1acd186b36b923025c2e2af9df12959b3f55,2026-09-22T09:16:14Z
final-20260922T090744Z,4,39,20260922,4096,256,3,nullhash,1892194,965077,2164682.902493085,18577664,000102030405060708090a0b0c0d0e0f101112131415161718191a1b1c1d1e1f,2026-09-22T09:16:14Z
final-20260922T090744Z,4,40,20260922,262144,256,16,sha256,188564480,24306418,1390208.8028455835,886316510,8f09c92e01d5dc13b6a51118211630318ef632d26218ac7acc81bcf8d2969877,2026-09-22T09:16:14Z
final-20260922T090744Z,4,41,20260922,1048576,256,16,sha256,748786618,93472438,1400366.9066639221,2625474958,204a0ba5a3435eb2eda994b98b6870442595c0ed813a7bed842dc70354353fc2,2026-09-22T09:16:15Z
final-20260922T090744Z,4,42,20260922,16384,256,4,sha3_256,23306655,6416607,702975.180265036,386248378,b0ecec4470595a75a59c4ebede216b891e0f4638b6c4b9fa5fb44c91786b36f3,2026-09-22T09:16:17Z
final-20260922T090744Z,4,43,20260922,16384,256,2,blake2s,28700650,13569725,570858.151296225,332028448,96f4b1f8fcd0e9fa3506a247d3f822166430477ed9250f1772c77d9493b651c6,2026-09-22T09:16:18Z
final-20260922T090744Z,4,44,20260922,4096,256,4,sha3_256,6163972,1754981,664506.5876353753,330884594,d2582b5797cb45c3e51b7d1789033e0d7ba602885fba67182ecf11d7ab4107ea,2026-09-22T09:16:18Z
final-20260922T090744Z,4,45,20260922,65536,256,8,sha256,50340699,10024538,1301849.2254150065,457781858,f24c516f1a67f2e369332f9d3f85c72fc23aa0210d12dc453d2bebbbc85571d5,2026-09-22T09:16:19Z
final-20260922T090744Z,4,46,20260922,65536,256,8,nullhash,17828723,5251426,3675866.1851440505,51390962,000102030405060708090a0b0c0d0e0f101112131415161718191a1b1c1d1e1f,2026-09-22T09:16:19Z
final-20260922T090744Z,4,47,20260922,1048576,256,4,sha3_256,1529182813,381699516,685710.0348537595,4985388513,4162dd925fdbdda96c8d77b0013cc6c8217c1e0e54d4215dacd09de27dcda9a9,2026-09-22T09:16:19Z
final-20260922T090744Z,4,48,20260922,4096,256,16,sha256,3293274,485653,1243747.1039457999,299255224,d56452f62051ecf4810e2c233ff01d6f2d4d7df3b23a676a0ff1a95afe6b84c8,2026-09-22T09:16:24Z
final-20260922T090744Z,4,49,20260922,4096,256,8,sha3_256,5896911,1150935,694600.9529395984,325386152,4b5c1c5d7d2b27763e9d21ad1afed5c2805a8193dff148f0aad6c6e62b6499ee,2026-09-22T09:16:24Z
final-20260922T090744Z,4,50,20260922,4096,256,8,sha256,3403304,721174,1203536.328226923,312316129,9e1e0cb13be2d3c60ccf5b55958f95bda3778dcbea9720c96d182a7902d8a513,2026-09-22T09:16:25Z
final-20260922T090744Z,4,51,20260922,1048576,256,3,blake2s,1457423769,432880157,719472.2786217987,4612666565,f62c9ab517538e8259fe5f079856567efdcc43944ff9c37ba8139535ad3eaa38,2026-09-22T09:16:25Z
final-20260922T090744Z,4,52,20260922,262144,256,8,nullhash,70312993,18680491,3728244.0814317204,157398085,000102030405060708090a0b0c0d0e0f101112131415161718191a1b1c1d1e1f,2026-09-22T09:16:30Z
final-20260922T090744Z,4,53,20260922,4096,256,16,sha3_256,5428046,765405,754599.3530636992,325977749,a4209cd3ce27c1cda8e39a6dbb59980104429c8edf38c63e6a7a81dc6bff8b24,2026-09-22T09:16:30Z
final-20260922T090744Z,4,54,20260922,4096,256,3,sha3_256,6903631,2611125,593310.9692566129,348305630,b03b52887e17e7bb261949f75fab810eaa3b0abe93247fb386ffb81e38b56185,2026-09-22T09:16:30Z
final-20260922T090744Z,4,55,20260922,1048576,256,3,nullhash,410265260,195263433,2555848.8671451244,832629995,000102030405060708090a0b0c0d0e0f101112131415161718191a1b1c1d1e1f,2026-09-22T09:16:30Z
final-20260922T090744Z,4,56,20260922,4096,256,3,blake2s,5884681,2002770,696044.5264577637,327187959,dd77f8d25572690c16f541fce5e0004633e7df9bb8cefd990c6740216c926dc2,2026-09-22T09:16:31Z
final-20260922T090744Z,4,57,20260922,262144,256,16,nullhash,63428338,12451407,4132916.110776858,142947497,000102030405060708090a0b0c0d0e0f101112131415161718191a1b1c1d1e1f,2026-09-22T09:16:32Z
final-20260922T090744Z,4,58,20260922,65536,256,2,nullhash,36352780,23728969,1802778.219437413,88174829,000102030405060708090a0b0c0d0e0f101112131415161718191a1b1c1d1e1f,2026-09-22T09:16:32Z
final-20260922T090744Z,4,59,20260922,16384,256,8,sha3_256,21240858,3972383,771343.605799728,376255483,96fea16fc4e4d9970a9163349be86aef94c806c1e54aec88fefed6958f9edbbc,2026-09-22T09:16:32Z
final-20260922T090744Z,4,60,20260922,1048576,256,3,sha3_256,1714414092,557469389,611623.5306819911,5394641074,cbe999d04f925a4e957334cf674ecf2f0a32194f7b4e7b28da44a44614b05f58,2026-09-22T09:16:32Z
final-20260922T090744Z,4,61,20260922,16384,256,2,sha256,21712783,12079377,754578.5356027369,326632573,c8d1ab11c0ff45f9c649aad5c41d26e2e3051847df67524d2819349b51d7a8ac,2026-09-22T09:16:38Z
final-20260922T090744Z,4,62,20260922,65536,256,2,sha256,89417615,50791027,732920.4653915226,488132274,1aff050731f4ff3b64610d2bf99b4c2d38878776411f089ea1c78251fc9ea3c8,2026-09-22T09:16:38Z
final-20260922T090744Z,4,63,20260922,65536,256,3,sha256,65918625,25241986,994195.4948241109,516341837,6cefb37f530c76678a092e56d1ca964e9d2504b927f8758afae52198f5f5ef47,2026-09-22T09:16:38Z
final-20260922T090744Z,4,64,20260922,262144,256,8,sha3_256,342525451,55785400,765327.0705422704,1352411452,86f629536e38e29d21acb6ba75134abbe666399b65bd632a228cdc086541fd78,2026-09-22T09:16:39Z
final-20260922T090744Z,4,65,20260922,4096,256,2,blake2s,7175935,3697816,570796.6975732083,345878734,3449bec8a5b5300693d94f96bfbdfc86713fc3ed0313558846ef24bbb6931132,2026-09-22T09:16:40Z
final-20260922T090744Z,4,66,20260922,65536,256,2,sha3_256,140894107,68598877,465143.65572436614,637248734,d63ffda16b17575b170fcbb398dbd05ec0b9f8a00a9493bb0f6e8bb2d1778f5f,2026-09-22T09:16:41Z
final-20260922T090744Z,4,67,20260922,16384,256,2,nullhash,9296243,6418334,1762432.4149013748,33851714,000102030405060708090a0b0c0d0e0f101112131415161718191a1b1c1d1e1f,2026-09-22T09:16:41Z
final-20260922T090744Z,4,68,20260922,262144,256,8,blake2s,305357920,49778543,858481.0899943253,1242957012,7acd79da2980b4227f52ee5da9f776a332b6f275bd56e708b22bba34ddbed3fb,2026-09-22T09:16:41Z
final-20260922T090744Z,4,69,20260922,4096,256,16,blake2s,4988164,670979,821143.8116308927,329721506,1b2fa096f7049a0a159b9b46fda47097e7663672789ee28071fba47212909811,2026-09-22T09:16:42Z
final-20260922T090744Z,4,70,20260922,65536,256,3,nullhash,25413362,12850223,2578800.8686139206,66425939,000102030405060708090a0b0c0d0e0f101112131415161718191a1b1c1d1e1f,2026-09-22T09:16:43Z
final-20260922T090744Z,4,71,20260922,1048576,256,4,nullhash,347514245,143175795,3017361.201984684,717106285,000102030405060708090a0b0c0d0e0f101112131415161718191a1b1c1d1e1f,2026-09-22T09:16:43Z
final-20260922T090744Z,4,72,20260922,4096,256,2,sha256,5473324,3402051,748356.939950933,334426086,21f5e721e8d3841fe8120999a88ece52e438cce0db6a78c8f9db76f8365ccdd3,2026-09-22T09:16:44Z
final-20260922T090744Z,4,73,20260922,4096,256,8,nullhash,1428645,413592,2867052.346804139,18866979,000102030405060708090a0b0c0d0e0f101112131415161718191a1b1c1d1e1f,2026-09-22T09:16:44Z
final-20260922T090744Z,4,74,20260922,16384,256,16,sha256,11786047,1751249,1390118.332295807,342642348,82155b7ef0c2ae48c915c324bc8f159897ff184f24c5875a1f8eb08011fb4e1d,2026-09-22T09:16:44Z
final-20260922T090744Z,4,75,20260922,262144,256,2,sha3_256,562790712,273128686,465793.04599468946,1910634807,bfe92fc58e742ec32b00df7756ef8482a29ef3b1ea96a58b6f515ae0e4f865b5,2026-09-22T09:16:44Z
final-20260922T090744Z,4,76,20260922,262144,256,4,sha3_256,383057476,95359598,684346.387746783,1480074529,95331f82e68d735cdd3d5ba2066f5bf023e72935b3c1a32f61e1d22918a03097,2026-09-22T09:16:46Z
final-20260922T090744Z,4,77,20260922,4096,256,2,nullhash,2556090,1811255,1602447.4881557378,19958802,000102030405060708090a0b0c0d0e0f101112131415161718191a1b1c1d1e1f,2026-09-22T09:16:48Z
final-20260922T090744Z,4,78,20260922,16384,256,3,sha3_256,26295468,9038815,623073.147053325,402604352,b1fcafc1efd7c2e83a0277ea77e40ffbf1804373ebc9b047f0846bf0895a5176,2026-09-22T09:16:48Z
final-20260922T090744Z,4,79,20260922,65536,256,16,nullhash,15922881,3353550,4115838.082316887,47004069,000102030405060708090a0b0c0d0e0f101112131415161718191a1b1c1d1e1f,2026-09-22T09:16:48Z
final-20260922T090744Z,4,80,20260922,16384,256,16,nullhash,4375691,947327,3744322.896657922,22421376,000102030405060708090a0b0c0d0e0f101112131415161718191a1b1c1d1e1f,2026-09-22T09:16:48Z
final-20260922T090744Z,4,81,20260922,4096,256,4,blake2s,5556741,1586950,737122.7127555523,307268526,459ca9af078d1704b0a2d4ff4cfb9ac30914a5fe3331d4b7dce0dab47174393b,2026-09-22T09:16:48Z
final-20260922T090744Z,4,82,20260922,262144,256,3,blake2s,364917257,108344214,718365.5882845792,1399069152,aca78fa27076d3b3dc710ee06a48fd26d2db5a51e0f20d70e12a74bcecf9af54,2026-09-22T09:16:48Z
final-20260922T090744Z,4,83,20260922,65536,256,3,blake2s,91069093,27968172,719629.4356417934,600765241,0e8d867d450bca93825c83b1849db6904a56a3bfea02cea26a002336d48a31de,2026-09-22T09:16:50Z
final-20260922T090744Z,4,84,20260922,262144,256,3,sha256,265829190,99712258,986137.0002293579,1137041030,b2c4c8f4e14b843f84f4adb34fee56a737067ec23d123ac06a11c1efed07ba15,2026-09-22T09:16:50Z
final-20260922T090744Z,4,85,20260922,65536,256,16,blake2s,72528704,9430705,903587.0818814024,530279622,c10b0a1440fcbc0f50de063b71fc9cbdac0bc057ea1482b66c9d217c60bee988,2026-09-22T09:16:52Z
final-20260922T090744Z,4,86,20260922,4096,256,4,sha256,3872185,1331599,1057800.6990884992,314956107,5d6f240ce86b74dc9a3b279da4cf065a81e627fa0b51e0af13b39d29490596bb,2026-09-22T09:16:52Z
final-20260922T090744Z,4,87,20260922,16384,256,16,sha3_256,20086057,2898255,815690.207391127,379271681,af59672f489342e08480fa9448fa4bde1dd1d203e62322dcc439feec4caa3fe9,2026-09-22T09:16:52Z
final-20260922T090744Z,4,88,20260922,65536,256,8,sha3_256,86006413,14633151,761989.6902339131,581035104,cf348da5b068b7af7798fefbe43e81f68a37ace420b9026269ad07663ff98f1d,2026-09-22T09:16:53Z
final-20260922T090744Z,4,89,20260922,262144,256,2,sha256,358887441,198096065,730435.1449846361,1310786548,740342ae28863cbe589c2a4e9d636be7cff4b142a0b87c6ede0fcf7cae92afdd,2026-09-22T09:16:53Z
final-20260922T090744Z,4,90,20260922,4096,256,16,nullhash,1238466,266076,3307317.277987446,17559443,000102030405060708090a0b0c0d0e0f101112131415161718191a1b1c1d1e1f,2026-09-22T09:16:55Z
final-20260922T090744Z,4,91,20260922,16384,256,4,blake2s,21119613,5769894,775771.7908940851,384779309,6087b5a4baea72947053fcb075846bbcd71cf2904a4d62ee537e880b0cfc86a3,2026-09-22T09:16:55Z
final-20260922T090744Z,4,92,20260922,1048576,256,4,blake2s,1365521216,340474452,767894.3305411082,4487869330,672c0d052350b2500d588f38e8362b342d03e1eee42964c1fc91c2e643b93d2c,2026-09-22T09:16:55Z
final-20260922T090744Z,4,93,20260922,16384,256,8,blake2s,18733102,3483035,874601.5475707119,367919742,cec3e3da0c45a69e2d8930eb6caa89836e766da17b58deab553da9c9a09b05c3,2026-09-22T09:17:00Z
final-20260922T090744Z,4,94,20260922,16384,256,2,sha3_256,34661996,17338081,472679.0690299543,371696858,2beec76ed79e48fe95d6d42bea0689837f52f1957f6a583504095165cc8d1238,2026-09-22T09:17:00Z
final-20260922T090744Z,4,95,20260922,16384,256,16,blake2s,17970708,2667751,911705.8715772356,371912261,bcc59923e0515b49362980c1bad2fbf21f74480c7a61a9bce386e7eb0669b5a0,2026-09-22T09:17:00Z
final-20260922T090744Z,4,96,20260922,65536,256,16,sha256,46909343,6578516,1397077.7633786087,449889632,63915f25f1917098dc348cc0fb3e1be5ff5801743a711c4c5d2a15a33dfa40bd,2026-09-22T09:17:01Z
final-20260922T090744Z,4,97,20260922,65536,256,8,blake2s,76660217,12835892,854889.309796762,549498638,06e8251f9da62cea200f393248fd12e1006d0926d3363048df11e27f5b40be6d,2026-09-22T09:17:01Z
final-20260922T090744Z,4,98,20260922,262144,256,16,sha3_256,327136577,39857090,801328.9201836945,1311708159,27f7c0d2b0ff7977d3da8279573dc66d1d971e761dbb840af56e5b5abcb7dde8,2026-09-22T09:17:02Z
final-20260922T090744Z,4,99,20260922,1048576,256,8,sha256,806314315,150849035,1300455.6417927418,2788150722,11008073f56d19ef25b5779d26d6b8c3a41343955c30b797d2d76220403ed313,2026-09-22T09:17:03Z
final-20260922T090744Z,5,0,20260922,65536,256,16,sha3_256,81709679,10504290,802059.2028026448,563734562,7c67c473bb32a89d122340bdf74f49f4c2a22d0253192dc8ebdc659711017198,2026-09-22T09:17:06Z
final-20260922T090744Z,5,1,20260922,16384,256,4,sha3_256,23357386,6533682,701448.3555651305,386305152,b0ecec4470595a75a59c4ebede216b891e0f4638b6c4b9fa5fb44c91786b36f3,2026-09-22T09:17:06Z
final-20260922T090744Z,5,2,20260922,4096,256,16,sha256,3269845,468021,1252658.765170826,323396336,d56452f62051ecf4810e2c233ff01d6f2d4d7df3b23a676a0ff1a95afe6b84c8,2026-09-22T09:17:07Z
final-20260922T090744Z,5,3,20260922,4096,256,3,sha256,4230726,1838882,968155.3473328219,312583872,88f8b7ddbf126d99ba35d4ca5dbe2d3e7f48b7357189f8cdef56204f6b145a4d,2026-09-22T09:17:07Z
final-20260922T090744Z,5,4,20260922,4096,256,4,nullhash,1624680,735488,2521111.849718098,18444025,000102030405060708090a0b0c0d0e0f101112131415161718191a1b1c1d1e1f,2026-09-22T09:17:07Z
final-20260922T090744Z,5,5,20260922,65536,256,2,sha3_256,140251343,69905249,467275.3828817169,649091442,d63ffda16b17575b170fcbb398dbd05ec0b9f8a00a9493bb0f6e8bb2d1778f5f,2026-09-22T09:17:07Z
final-20260922T090744Z,5,6,20260922,1048576,256,2,sha3_256,2244703553,1086511229,467133.3987949544,7140256991,e6adb21e7b3e55d53244e4385ff319132398e573acbb3ee727b54dba3adcadf0,2026-09-22T09:17:08Z
final-20260922T090744Z,5,7,20260922,1048576,256,3,nullhash,411151122,195698531,2550342.0613309187,833245083,000102030405060708090a0b0c0d0e0f101112131415161718191a1b1c1d1e1f,2026-09-22T09:17:15Z
final-20260922T090744Z,5,8,20260922,4096,256,16,nullhash,1249033,263479,3279336.895021989,17474122,000102030405060708090a0b0c0d0e0f101112131415161718191a1b1c1d1e1f,2026-09-22T09:17:16Z
final-20260922T090744Z,5,9,20260922,262144,256,16,sha256,188875800,24066588,1387917.3509787912,891485991,8f09c92e01d5dc13b6a51118211630318ef632d26218ac7acc81bcf8d2969877,2026-09-22T09:17:16Z
final-20260922T090744Z,5,10,20260922,16384,256,2,nullhash,9126717,6353936,1795169.0624350465,33400344,000102030405060708090a0b0c0d0e0f101112131415161718191a1b1c1d1e1f,2026-09-22T09:17:17Z
final-20260922T090744Z,5,11,20260922,65536,256,8,nullhash,17569285,5367326,3730146.1044089156,50700220,000102030405060708090a0b0c0d0e0f101112131415161718191a1b1c1d1e1f,2026-09-22T09:17:17Z
final-20260922T090744Z,5,12,20260922,262144,256,4,blake2s,341188299,84870523,768326.465967111,1363878660,f4a1a95e118ebba8edf32cb295de15d8a0f75df7a60fcfc955c71ce667349a4f,2026-09-22T09:17:17Z
final-20260922T090744Z,5,13,20260922,4096,256,8,sha3_256,5661406,1040263,723495.188297748,321221000,4b5c1c5d7d2b27763e9d21ad1afed5c2805a8193dff148f0aad6c6e62b6499ee,2026-09-22T09:17:18Z
final-20260922T090744Z,5,14,20260922,65536,256,4,sha3_256,96119022,24835324,681821.3360514634,611988527,6e6c5d411895402f18a616b478c2fbb4db78de4732c2e3edcf176e60b574fe13,2026-09-22T09:17:19Z
final-20260922T090744Z,5,15,20260922,65536,256,4,nullhash,21624264,9375251,3030669.621865512,58378445,000102030405060708090a0b0c0d0e0f101112131415161718191a1b1c1d1e1f,2026-09-22T09:17:19Z
final-20260922T090744Z,5,16,20260922,4096,256,2,blake2s,7155776,3654085,572404.7259165184,349168755,3449bec8a5b5300693d94f96bfbdfc86713fc3ed0313558846ef24bbb6931132,2026-09-22T09:17:19Z
final-20260922T090744Z,5,17,20260922,16384,256,3,sha256,16433873,6554889,996965.2315069003,360546587,25f7a45ae60aa17f3ac9f90472fb1acd186b36b923025c2e2af9df12959b3f55,2026-09-22T09:17:20Z
final-20260922T090744Z,5,18,20260922,65536,256,8,blake2s,76306793,12829377,858848.8314533151,548272529,06e8251f9da62cea200f393248fd12e1006d0926d3363048df11e27f5b40be6d,2026-09-22T09:17:20Z
final-20260922T090744Z,5,19,20260922,16384,256,16,sha3_256,20166438,2903021,812438.9641839575,376502385,af59672f489342e08480fa9448fa4bde1dd1d203e62322dcc439feec4caa3fe9,2026-09-22T09:17:21Z
final-20260922T090744Z,5,20,20260922,1048576,256,4,sha256,947522095,283555649,1106650.7108733966,3225957438,fd9adf45ef158eee0499ded190ee0634d449b8ed8ed5f390b4bd2c25b331844d,2026-09-22T09:17:21Z
final-20260922T090744Z,5,21,20260922,16384,256,8,blake2s,18817158,3652669,870694.7138351073,371635456,cec3e3da0c45a69e2d8930eb6caa89836e766da17b58deab553da9c9a09b05c3,2026-09-22T09:17:24Z
final-20260922T090744Z,5,22,20260922,4096,256,8,blake2s,5330553,935945,768400.5768257064,332169319,261a6fbe71efbd0b300eee814d7271ca6843873ea0aab188d5509a74694f8191,2026-09-22T09:17:25Z
final-20260922T090744Z,5,23,20260922,1048576,256,4,blake2s,1372874619,338852534,763781.328235044,4516397859,672c0d052350b2500d588f38e8362b342d03e1eee42964c1fc91c2e643b93d2c,2026-09-22T09:17:25Z
final-20260922T090744Z,5,24,20260922,16384,256,16,blake2s,18056258,2547444,907386.2369489848,382494276,bcc59923e0515b49362980c1bad2fbf21f74480c7a61a9bce386e7eb0669b5a0,2026-09-22T09:17:30Z
final-20260922T090744Z,5,25,20260922,4096,256,16,sha3_256,5476409,789617,747935.3715180879,329218578,a4209cd3ce27c1cda8e39a6dbb59980104429c8edf38c63e6a7a81dc6bff8b24,2026-09-22T09:17:30Z
final-20260922T090744Z,5,26,20260922,65536,256,2,sha256,90682347,48618948,722698.5424186253,486971843,1aff050731f4ff3b64610d2bf99b4c2d38878776411f089ea1c78251fc9ea3c8,2026-09-22T09:17:30Z
final-20260922T090744Z,5,27,20260922,262144,256,8,blake2s,306646543,49421574,854873.4886601999,1244728855,7acd79da2980b4227f52ee5da9f776a332b6f275bd56e708b22bba34ddbed3fb,2026-09-22T09:17:31Z
final-20260922T090744Z,5,28,20260922,65536,256,4,blake2s,85215621,21866917,769060.8744140936,587643535,15fabb162c58e019b6fed9958bac8ce88ac26a028486dba2585536bb9a79edac,2026-09-22T09:17:32Z
final-20260922T090744Z,5,29,20260922,1048576,256,3,blake2s,1462309999,432147084,717068.2008035699,4643150810,f62c9ab517538e8259fe5f079856567efdcc43944ff9c37ba8139535ad3eaa38,2026-09-22T09:17:33Z
final-20260922T090744Z,5,30,20260922,262144,256,4,sha3_256,384899891,96262135,681070.6007708379,1469654530,95331f82e68d735cdd3d5ba2066f5bf023e72935b3c1a32f61e1d22918a03097,2026-09-22T09:17:37Z
final-20260922T090744Z,5,31,20260922,1048576,256,8,sha3_256,1376144246,225034446,761966.6347098907,4507925824,cb15ce8d6f849eba3ba927622df1e38654715237f1da3204afec0eb577910fd2,2026-09-22T09:17:39Z
final-20260922T090744Z,5,32,20260922,16384,256,4,nullhash,5707932,2597848,2870391.58840715,26607231,000102030405060708090a0b0c0d0e0f101112131415161718191a1b1c1d1e1f,2026-09-22T09:17:43Z
final-20260922T090744Z,5,33,20260922,4096,256,4,sha3_256,6170616,1815708,663791.1028655809,325733069,d2582b5797cb45c3e51b7d1789033e0d7ba602885fba67182ecf11d7ab4107ea,2026-09-22T09:17:43Z
final-20260922T090744Z,5,34,20260922,262144,256,4,nullhash,85748534,34910362,3057125.1515506958,187369826,000102030405060708090a0b0c0d0e0f101112131415161718191a1b1c1d1e1f,2026-09-22T09:17:44Z
final-20260922T090744Z,5,35,20260922,262144,256,3,sha3_256,429749205,142567307,609992.9841638682,1620195012,b9e9546fceffff316882cfe06388969f8d2b1e7005f5652c9193e782b601ca89,2026-09-22T09:17:44Z
final-20260922T090744Z,5,36,20260922,4096,256,2,sha256,5570881,3350064,735251.7492296102,335723272,21f5e721e8d3841fe8120999a88ece52e438cce0db6a78c8f9db76f8365ccdd3,2026-09-22T09:17:45Z
final-20260922T090744Z,5,37,20260922,1048576,256,3,sha256,1061867317,398512588,987483.0717668657,3396323721,5f1024e2eaeece60bda47502efe68cd55b1cf12c77924d95cea59a223d140912,2026-09-22T09:17:46Z
final-20260922T090744Z,5,38,20260922,262144,256,16,blake2s,291080433,35552130,900589.5631603653,1203311282,40ee6220a757588d87c979b3ced12493ff7aca3ea6c9e575e9d5bde4ba8d134d,2026-09-22T09:17:49Z
final-20260922T090744Z,5,39,20260922,65536,256,16,blake2s,72728772,9484811,901101.4237941485,538200131,c10b0a1440fcbc0f50de063b71fc9cbdac0bc057ea1482b66c9d217c60bee988,2026-09-22T09:17:50Z
final-20260922T090744Z,5,40,20260922,16384,256,4,blake2s,20737500,5714509,790066.3050030139,379123025,6087b5a4baea72947053fcb075846bbcd71cf2904a4d62ee537e880b0cfc86a3,2026-09-22T09:17:51Z
final-20260922T090744Z,5,41,20260922,4096,256,8,sha256,3504739,726110,1168703.2900310121,303467201,9e1e0cb13be2d3c60ccf5b55958f95bda3778dcbea9720c96d182a7902d8a513,2026-09-22T09:17:51Z
final-20260922T090744Z,5,42,20260922,262144,256,4,sha256,236741534,73476848,1107300.419874782,1029015050,56ec6e66ef5807a118558efc4a7cd511c1d7757c4b8d8a3dd33e39c5f45fd60c,2026-09-22T09:17:51Z
final-20260922T090744Z,5,43,20260922,262144,256,8,sha256,202427496,37905032,1295001.939855048,931811414,298ecf21d5d46c2ffbf7dc0ee7b10355db667625bb517cce25e9e0ce5fc9b28c,2026-09-22T09:17:53Z
final-20260922T090744Z,5,44,20260922,65536,256,4,sha256,58574734,18394766,1118844.1760572058,499829481,422a75a177e15a33c77aba30f99d4cc86a4907115b73caaa66ae5486f1f6fa28,2026-09-22T09:17:53Z
final-20260922T090744Z,5,45,20260922,4096,256,8,nullhash,1379981,408267,2968156.8079560515,17525836,000102030405060708090a0b0c0d0e0f101112131415161718191a1b1c1d1e1f,2026-09-22T09:17:54Z
final-20260922T090744Z,5,46,20260922,262144,256,3,blake2s,364358305,108978615,719467.6130684053,1443213345,aca78fa27076d3b3dc710ee06a48fd26d2db5a51e0f20d70e12a74bcecf9af54,2026-09-22T09:17:54Z
final-20260922T090744Z,5,47,20260922,4096,256,2,nullhash,2575527,1775116,1590354.1294655423,20372984,000102030405060708090a0b0c0d0e0f101112131415161718191a1b1c1d1e1f,2026-09-22T09:17:55Z
final-20260922T090744Z,5,48,20260922,1048576,256,16,sha3_256,1309398325,157912214,800807.5006511101,4310317146,a32f0be7cad150453b4d59e7a089c1840eccb4c457b26cc0f3e36f4e99960f80,2026-09-22T09:17:55Z
final-20260922T090744Z,5,49,20260922,4096,256,3,sha3_256,6789687,2579569,603267.8678707869,343545683,b03b52887e17e7bb261949f75fab810eaa3b0abe93247fb386ffb81e38b56185,2026-09-22T09:18:00Z
final-20260922T090744Z,5,50,20260922,16384,256,3,blake2s,22349797,7082079,733071.5352806112,381181054,b30f84204a994a3c7311c54dc9e54bacefddcc74fd1f41171768c004e671ab8b,2026-09-22T09:18:00Z
final-20260922T090744Z,5,51,20260922,16384,256,2,sha256,22014282,12634868,744244.1229743491,321212433,c8d1ab11c0ff45f9c649aad5c41d26e2e3051847df67524d2819349b51d7a8ac,2026-09-22T09:18:00Z
final-20260922T090744Z,5,52,20260922,4096,256,3,blake2s,5896870,1994218,694605.7823896406,332917055,dd77f8d25572690c16f541fce5e0004633e7df9bb8cefd990c6740216c926dc2,2026-09-22T09:18:01Z
final-20260922T090744Z,5,53,20260922,1048576,256,2,blake2s,1865088501,837244598,562212.4630749627,5973978938,f594faa8e2cc7eb767b86bdc847beb5e18279a2855164e04d6e76e2320a61b63,2026-09-22T09:18:01Z
final-20260922T090744Z,5,54,20260922,262144,256,8,sha3_256,342263950,56459219,765911.8057861484,1355877901,86f629536e38e29d21acb6ba75134abbe666399b65bd632a228cdc086541fd78,2026-09-22T09:18:07Z
final-20260922T090744Z,5,55,20260922,16384,256,8,nullhash,4736766,1368006,3458900.017438058,23921119,000102030405060708090a0b0c0d0e0f101112131415161718191a1b1c1d1e1f,2026-09-22T09:18:08Z
final-20260922T090744Z,5,56,20260922,1048576,256,4,sha3_256,1529845151,380255131,685413.1604852863,4959931701,4162dd925fdbdda96c8d77b0013cc6c8217c1e0e54d4215dacd09de27dcda9a9,2026-09-22T09:18:08Z
final-20260922T090744Z,5,57,20260922,262144,256,3,nullhash,101564567,51181566,2581057.624161387,220933459,000102030405060708090a0b0c0d0e0f101112131415161718191a1b1c1d1e1f,2026-09-22T09:18:13Z
final-20260922T090744Z,5,58,20260922,1048576,256,3,sha3_256,1719737203,566306336,609730.3693673713,5412377093,cbe999d04f925a4e957334cf674ecf2f0a32194f7b4e7b28da44a44614b05f58,2026-09-22T09:18:14Z
final-20260922T090744Z,5,59,20260922,16384,256,3,nullhash,6477961,3567957,2529190.898185401,27933961,000102030405060708090a0b0c0d0e0f101112131415161718191a1b1c1d1e1f,2026-09-22T09:18:19Z
final-20260922T090744Z,5,60,20260922,262144,256,16,sha3_256,326056720,39606905,803982.8162412968,1322459601,27f7c0d2b0ff7977d3da8279573dc66d1d971e761dbb840af56e5b5abcb7dde8,2026-09-22T09:18:19Z
final-20260922T090744Z,5,61,20260922,1048576,256,16,sha256,750437309,94733257,1397286.6053225505,2622617565,204a0ba5a3435eb2eda994b98b6870442595c0ed813a7bed842dc70354353fc2,2026-09-22T09:18:20Z
final-20260922T090744Z,5,62,20260922,1048576,256,2,sha256,1449469355,763754716,723420.6065708785,4707109877,f36df66f9ac61c8c5db4a352461181bf7cc01ea8793cbc773f1d3e80755388d9,2026-09-22T09:18:23Z
final-20260922T090744Z,5,63,20260922,16384,256,2,sha3_256,34092458,17328966,480575.49854574876,362552342,2beec76ed79e48fe95d6d42bea0689837f52f1957f6a583504095165cc8d1238,2026-09-22T09:18:28Z
final-20260922T090744Z,5,64,20260922,65536,256,16,nullhash,16263949,3405855,4029525.670549016,47412816,000102030405060708090a0b0c0d0e0f101112131415161718191a1b1c1d1e1f,2026-09-22T09:18:28Z
final-20260922T090744Z,5,65,20260922,4096,256,3,nullhash,1852748,924652,2210770.164102188,17498929,000102030405060708090a0b0c0d0e0f101112131415161718191a1b1c1d1e1f,2026-09-22T09:18:28Z
final-20260922T090744Z,5,66,20260922,16384,256,16,nullhash,4243359,979676,3861092.12065253,22124082,000102030405060708090a0b0c0d0e0f101112131415161718191a1b1c1d1e1f,2026-09-22T09:18:28Z
final-20260922T090744Z,5,67,20260922,16384,256,3,sha3_256,26409558,9360882,620381.4543204396,403276901,b1fcafc1efd7c2e83a0277ea77e40ffbf1804373ebc9b047f0846bf0895a5176,2026-09-22T09:18:28Z
final-20260922T090744Z,5,68,20260922,262144,256,3,sha256,264587945,99119529,990763.2035163204,1124984908,b2c4c8f4e14b843f84f4adb34fee56a737067ec23d123ac06a11c1efed07ba15,2026-09-22T09:18:29Z
final-20260922T090744Z,5,69,20260922,1048576,256,2,nullhash,583960706,381417962,1795627.6667697567,1181761967,000102030405060708090a0b0c0d0e0f101112131415161718191a1b1c1d1e1f,2026-09-22T09:18:30Z
final-20260922T090744Z,5,70,20260922,1048576,256,8,blake2s,1225755940,195991288,855452.5136545534,4063923664,064973adad4ee5f520a97590997979971876f0d2908931e812c811e8a477c37b,2026-09-22T09:18:31Z
final-20260922T090744Z,5,71,20260922,4096,256,16,blake2s,4873839,666819,840405.2739534483,332271922,1b2fa096f7049a0a159b9b46fda47097e7663672789ee28071fba47212909811,2026-09-22T09:18:35Z
final-20260922T090744Z,5,72,20260922,16384,256,8,sha256,12642031,2738957,1295994.2907907756,335675609,75a5f07ec202b2e8bf782757d3b8b57e2ef664456b6ff32e89937102051b768e,2026-09-22T09:18:35Z
final-20260922T090744Z,5,73,20260922,262144,256,16,nullhash,63823567,12267885,4107322.926654977,143753728,000102030405060708090a0b0c0d0e0f101112131415161718191a1b1c1d1e1f,2026-09-22T09:18:36Z
final-20260922T090744Z,5,74,20260922,4096,256,4,blake2s,5487165,1547420,746469.260538001,320680455,459ca9af078d1704b0a2d4ff4cfb9ac30914a5fe3331d4b7dce0dab47174393b,2026-09-22T09:18:36Z
final-20260922T090744Z,5,75,20260922,262144,256,2,sha3_256,560861334,275948910,467395.3865395185,1904904323,bfe92fc58e742ec32b00df7756ef8482a29ef3b1ea96a58b6f515ae0e4f865b5,2026-09-22T09:18:36Z
final-20260922T090744Z,5,76,20260922,16384,256,4,sha256,14116973,4812469,1160588.7466101975,349569360,f9302c40648f7da2e6005a6911389669956ec33514d6fd72f0e5a96dfee01348,2026-09-22T09:18:38Z
final-20260922T090744Z,5,77,20260922,65536,256,3,blake2s,90924768,27367836,720771.7043611263,599352058,0e8d867d450bca93825c83b1849db6904a56a3bfea02cea26a002336d48a31de,2026-09-22T09:18:38Z
final-20260922T090744Z,5,78,20260922,4096,256,2,sha3_256,8604430,4713482,476033.85697832395,349798191,ee3342c752978bfd893fcf3722d3551fb022d0b599dfa4d47c5727cc53e3720f,2026-09-22T09:18:39Z
final-20260922T090744Z,5,79,20260922,1048576,256,8,nullhash,282368174,72778803,3713506.3245477513,577781313,000102030405060708090a0b0c0d0e0f101112131415161718191a1b1c1d1e1f,2026-09-22T09:18:39Z
final-20260922T090744Z,5,80,20260922,65536,256,8,sha256,50004530,10229977,1310601.259525887,460075695,f24c516f1a67f2e369332f9d3f85c72fc23aa0210d12dc453d2bebbbc85571d5,2026-09-22T09:18:40Z
final-20260922T090744Z,5,81,20260922,262144,256,8,nullhash,71108945,19929852,3686512.294620599,159779726,000102030405060708090a0b0c0d0e0f101112131415161718191a1b1c1d1e1f,2026-09-22T09:18:40Z
final-20260922T090744Z,5,82,20260922,1048576,256,16,blake2s,1168735307,139790642,897188.6052553387,3884867694,4eb3d1779b2e11941769961e4222a6f78a1837242058b17be7978d14cb2b7c80,2026-09-22T09:18:41Z
final-20260922T090744Z,5,83,20260922,262144,256,2,sha256,356691881,192081292,734931.222053804,1287963459,740342ae28863cbe589c2a4e9d636be7cff4b142a0b87c6ede0fcf7cae92afdd,2026-09-22T09:18:44Z
final-20260922T090744Z,5,84,20260922,1048576,256,8,sha256,805311052,153982788,1302075.759913947,2793299844,11008073f56d19ef25b5779d26d6b8c3a41343955c30b797d2d76220403ed313,2026-09-22T09:18:46Z
final-20260922T090744Z,5,85,20260922,4096,256,4,sha256,3905721,1352553,1048718.0215893558,316357291,5d6f240ce86b74dc9a3b279da4cf065a81e627fa0b51e0af13b39d29490596bb,2026-09-22T09:18:48Z
final-20260922T090744Z,5,86,20260922,16384,256,16,sha256,11744884,1767555,1394990.3634637855,338021914,82155b7ef0c2ae48c915c324bc8f159897ff184f24c5875a1f8eb08011fb4e1d,2026-09-22T09:18:49Z
final-20260922T090744Z,5,87,20260922,16384,256,8,sha3_256,21199786,3937441,772837.9899683893,372536238,96fea16fc4e4d9970a9163349be86aef94c806c1e54aec88fefed6958f9edbbc,2026-09-22T09:18:49Z
final-20260922T090744Z,5,88,20260922,1048576,256,16,nullhash,248433411,47299193,4220752.73925213,517243704,000102030405060708090a0b0c0d0e0f101112131415161718191a1b1c1d1e1f,2026-09-22T09:18:50Z
final-20260922T090744Z,5,89,20260922,65536,256,3,nullhash,25708418,12842600,2549203.9222327876,66414320,000102030405060708090a0b0c0d0e0f101112131415161718191a1b1c1d1e1f,2026-09-22T09:18:50Z
final-20260922T090744Z,5,90,20260922,262144,256,2,nullhash,147274385,96374605,1779970.0878058325,310715101,000102030405060708090a0b0c0d0e0f101112131415161718191a1b1c1d1e1f,2026-09-22T09:18:50Z
final-20260922T090744Z,5,91,20260922,65536,256,3,sha3_256,106628963,35371792,614617.2499117337,651199248,7d32f04c6f66559574a32d7bcc4dfd43a6faf756f577b8f735577ce325964f99,2026-09-22T09:18:50Z
final-20260922T090744Z,5,92,20260922,65536,256,2,blake2s,116756823,52662537,561303.3852419914,571698562,ec4932e7be03121bee1885efa61847571b1a6669b2d168c3dfad4d38b23b8281,2026-09-22T09:18:51Z
final-20260922T090744Z,5,93,20260922,65536,256,16,sha256,46773706,6680286,1401129.0873551907,446460092,63915f25f1917098dc348cc0fb3e1be5ff5801743a711c4c5d2a15a33dfa40bd,2026-09-22T09:18:52Z
final-20260922T090744Z,5,94,20260922,16384,256,2,blake2s,28585567,13198176,573156.376432904,340069334,96f4b1f8fcd0e9fa3506a247d3f822166430477ed9250f1772c77d9493b651c6,2026-09-22T09:18:52Z
final-20260922T090744Z,5,95,20260922,65536,256,3,sha256,65845354,25332433,995301.809752591,522478535,6cefb37f530c76678a092e56d1ca964e9d2504b927f8758afae52198f5f5ef47,2026-09-22T09:18:52Z
final-20260922T090744Z,5,96,20260922,65536,256,2,nullhash,36388237,24526145,1801021.5773850216,89436212,000102030405060708090a0b0c0d0e0f101112131415161718191a1b1c1d1e1f,2026-09-22T09:18:53Z
final-20260922T090744Z,5,97,20260922,1048576,256,4,nullhash,347295499,137941131,3019261.7037055236,711562755,000102030405060708090a0b0c0d0e0f101112131415161718191a1b1c1d1e1f,2026-09-22T09:18:53Z
final-20260922T090744Z,5,98,20260922,65536,256,8,sha3_256,85790011,14645776,763911.7798924167,576122354,cf348da5b068b7af7798fefbe43e81f68a37ace420b9026269ad07663ff98f1d,2026-09-22T09:18:54Z
final-20260922T090744Z,5,99,20260922,262144,256,2,blake2s,466833431,210059256,561536.4765939396,1622861891,eed051985d2c920d928e8e3c4fc4f9c2020a4d16feb67ed8288fb50e74feee62,2026-09-22T09:18:54Z
final-20260922T090744Z,6,0,20260922,1048576,256,8,nullhash,279481195,76355858,3751866.0244743833,576802331,000102030405060708090a0b0c0d0e0f101112131415161718191a1b1c1d1e1f,2026-09-22T09:18:56Z
final-20260922T090744Z,6,1,20260922,262144,256,2,nullhash,145811878,95825779,1797823.357024453,309410306,000102030405060708090a0b0c0d0e0f101112131415161718191a1b1c1d1e1f,2026-09-22T09:18:57Z
final-20260922T090744Z,6,2,20260922,16384,256,16,sha3_256,20210963,2877968,810649.1511562314,372455588,af59672f489342e08480fa9448fa4bde1dd1d203e62322dcc439feec4caa3fe9,2026-09-22T09:18:57Z
final-20260922T090744Z,6,3,20260922,65536,256,8,sha3_256,85975388,14589126,762264.6611376735,585380110,cf348da5b068b7af7798fefbe43e81f68a37ace420b9026269ad07663ff98f1d,2026-09-22T09:18:57Z
final-20260922T090744Z,6,4,20260922,16384,256,8,nullhash,4728109,1512397,3465233.140775731,24256010,000102030405060708090a0b0c0d0e0f101112131415161718191a1b1c1d1e1f,2026-09-22T09:18:58Z
final-20260922T090744Z,6,5,20260922,65536,256,16,sha256,47000569,6541294,1394366.0979934095,451996991,63915f25f1917098dc348cc0fb3e1be5ff5801743a711c4c5d2a15a33dfa40bd,2026-09-22T09:18:58Z
final-20260922T090744Z,6,6,20260922,4096,256,2,sha256,5606288,3422256,730608.2027894392,341802673,21f5e721e8d3841fe8120999a88ece52e438cce0db6a78c8f9db76f8365ccdd3,2026-09-22T09:18:58Z
final-20260922T090744Z,6,7,20260922,262144,256,4,blake2s,341558240,85907052,767494.2932133623,1350996480,f4a1a95e118ebba8edf32cb295de15d8a0f75df7a60fcfc955c71ce667349a4f,2026-09-22T09:18:59Z
final-20260922T090744Z,6,8,20260922,1048576,256,8,sha3_256,1373200287,220836109,763600.1899553929,4493214891,cb15ce8d6f849eba3ba927622df1e38654715237f1da3204afec0eb577910fd2,2026-09-22T09:19:00Z
final-20260922T090744Z,6,9,20260922,16384,256,16,nullhash,4371221,948857,3748151.832176868,23870334,000102030405060708090a0b0c0d0e0f101112131415161718191a1b1c1d1e1f,2026-09-22T09:19:04Z
final-20260922T090744Z,6,10,20260922,262144,256,8,sha3_256,344070786,56316043,761889.7350965448,1367130679,86f629536e38e29d21acb6ba75134abbe666399b65bd632a228cdc086541fd78,2026-09-22T09:19:04Z
final-20260922T090744Z,6,11,20260922,4096,256,2,nullhash,2534791,1771037,1615912.3178202857,20292720,000102030405060708090a0b0c0d0e0f101112131415161718191a1b1c1d1e1f,2026-09-22T09:19:06Z
final-20260922T090744Z,6,12,20260922,262144,256,3,sha256,264874473,102589917,989691.4452756646,1125095555,b2c4c8f4e14b843f84f4adb34fee56a737067ec23d123ac06a11c1efed07ba15,2026-09-22T09:19:06Z
final-20260922T090744Z,6,13,20260922,16384,256,2,blake2s,28119753,13161169,582650.9215781519,359576899,96f4b1f8fcd0e9fa3506a247d3f822166430477ed9250f1772c77d9493b651c6,2026-09-22T09:19:07Z
final-20260922T090744Z,6,14,20260922,1048576,256,2,sha3_256,2241846549,1086049086,467728.712506094,7133836725,e6adb21e7b3e55d53244e4385ff319132398e573acbb3ee727b54dba3adcadf0,2026-09-22T09:19:07Z
final-20260922T090744Z,6,15,20260922,16384,256,4,sha256,14216691,4949397,1152448.2033125712,353720992,f9302c40648f7da2e6005a6911389669956ec33514d6fd72f0e5a96dfee01348,2026-09-22T09:19:14Z
final-20260922T090744Z,6,16,20260922,4096,256,2,sha3_256,8604782,4700233,476014.3836299397,352270990,ee3342c752978bfd893fcf3722d3551fb022d0b599dfa4d47c5727cc53e3720f,2026-09-22T09:19:15Z
final-20260922T090744Z,6,17,20260922,1048576,256,16,nullhash,249324763,46766581,4205663.277818899,518109681,000102030405060708090a0b0c0d0e0f101112131415161718191a1b1c1d1e1f,2026-09-22T09:19:15Z
final-20260922T090744Z,6,18,20260922,65536,256,4,sha3_256,95853717,24716070,683708.4888424305,615152080,6e6c5d411895402f18a616b478c2fbb4db78de4732c2e3edcf176e60b574fe13,2026-09-22T09:19:16Z
final-20260922T090744Z,6,19,20260922,65536,256,4,sha256,59564476,18820039,1100253.110595651,500675707,422a75a177e15a33c77aba30f99d4cc86a4907115b73caaa66ae5486f1f6fa28,2026-09-22T09:19:16Z
final-20260922T090744Z,6,20,20260922,65536,256,16,blake2s,72795299,9375915,900277.9149241493,533264584,c10b0a1440fcbc0f50de063b71fc9cbdac0bc057ea1482b66c9d217c60bee988,2026-09-22T09:19:17Z
final-20260922T090744Z,6,21,20260922,1048576,256,8,sha256,805311200,152463749,1302075.520618613,2785741752,11008073f56d19ef25b5779d26d6b8c3a41343955c30b797d2d76220403ed313,2026-09-22T09:19:17Z
final-20260922T090744Z,6,22,20260922,1048576,256,3,blake2s,1458648202,436764691,718868.332036651,4622560393,f62c9ab517538e8259fe5f079856567efdcc43944ff9c37ba8139535ad3eaa38,2026-09-22T09:19:20Z
final-20260922T090744Z,6,23,20260922,1048576,256,3,sha256,1053501540,396694671,995324.6010442472,3415257250,5f1024e2eaeece60bda47502efe68cd55b1cf12c77924d95cea59a223d140912,2026-09-22T09:19:25Z
final-20260922T090744Z,6,24,20260922,262144,256,2,sha3_256,559628348,275730279,468425.1627653429,1909501717,bfe92fc58e742ec32b00df7756ef8482a29ef3b1ea96a58b6f515ae0e4f865b5,2026-09-22T09:19:28Z
final-20260922T090744Z,6,25,20260922,1048576,256,4,blake2s,1361650730,342433961,770077.0666792063,4477718208,672c0d052350b2500d588f38e8362b342d03e1eee42964c1fc91c2e643b93d2c,2026-09-22T09:19:30Z
final-20260922T090744Z,6,26,20260922,262144,256,4,sha256,234644487,70974321,1117196.501616507,1040597914,56ec6e66ef5807a118558efc4a7cd511c1d7757c4b8d8a3dd33e39c5f45fd60c,2026-09-22T09:19:35Z
final-20260922T090744Z,6,27,20260922,1048576,256,3,nullhash,411536043,203357640,2547956.656131818,843660224,000102030405060708090a0b0c0d0e0f101112131415161718191a1b1c1d1e1f,2026-09-22T09:19:36Z
final-20260922T090744Z,6,28,20260922,1048576,256,2,sha256,1426628251,782764601,735002.9688988684,4692723155,f36df66f9ac61c8c5db4a352461181bf7cc01ea8793cbc773f1d3e80755388d9,2026-09-22T09:19:36Z
final-20260922T090744Z,6,29,20260922,16384,256,4,nullhash,5633844,2522344,2908138.7415058,26492149,000102030405060708090a0b0c0d0e0f101112131415161718191a1b1c1d1e1f,2026-09-22T09:19:41Z
final-20260922T090744Z,6,30,20260922,4096,256,4,blake2s,5494014,1555074,745538.6899268914,323212219,459ca9af078d1704b0a2d4ff4cfb9ac30914a5fe3331d4b7dce0dab47174393b,2026-09-22T09:19:41Z
final-20260922T090744Z,6,31,20260922,16384,256,2,sha256,21980320,12362126,745394.0615969194,321235641,c8d1ab11c0ff45f9c649aad5c41d26e2e3051847df67524d2819349b51d7a8ac,2026-09-22T09:19:41Z
final-20260922T090744Z,6,32,20260922,65536,256,2,blake2s,116499290,53261079,562544.2009131558,565342006,ec4932e7be03121bee1885efa61847571b1a6669b2d168c3dfad4d38b23b8281,2026-09-22T09:19:42Z
final-20260922T090744Z,6,33,20260922,4096,256,4,sha3_256,6328815,1987378,647198.5671883284,336010410,d2582b5797cb45c3e51b7d1789033e0d7ba602885fba67182ecf11d7ab4107ea,2026-09-22T09:19:42Z
final-20260922T090744Z,6,34,20260922,4096,256,8,sha256,3500326,735938,1170176.720682588,291887808,9e1e0cb13be2d3c60ccf5b55958f95bda3778dcbea9720c96d182a7902d8a513,2026-09-22T09:19:43Z
final-20260922T090744Z,6,35,20260922,1048576,256,8,blake2s,1232959716,204170666,850454.3874327196,4075666554,064973adad4ee5f520a97590997979971876f0d2908931e812c811e8a477c37b,2026-09-22T09:19:43Z
final-20260922T090744Z,6,36,20260922,65536,256,16,nullhash,16013322,3733226,4092592.40524858,48762091,000102030405060708090a0b0c0d0e0f101112131415161718191a1b1c1d1e1f,2026-09-22T09:19:47Z
final-20260922T090744Z,6,37,20260922,65536,256,3,nullhash,25388542,12606265,2581321.920731013,65706852,000102030405060708090a0b0c0d0e0f101112131415161718191a1b1c1d1e1f,2026-09-22T09:19:47Z
final-20260922T090744Z,6,38,20260922,1048576,256,16,sha256,753886493,96035441,1390893.73498034,2634805158,204a0ba5a3435eb2eda994b98b6870442595c0ed813a7bed842dc70354353fc2,2026-09-22T09:19:47Z
final-20260922T090744Z,6,39,20260922,262144,256,3,sha3_256,428715722,141603443,611463.4629611274,1636034245,b9e9546fceffff316882cfe06388969f8d2b1e7005f5652c9193e782b601ca89,2026-09-22T09:19:50Z
final-20260922T090744Z,6,40,20260922,262144,256,4,sha3_256,383596858,96548471,683384.116769799,1488008330,95331f82e68d735cdd3d5ba2066f5bf023e72935b3c1a32f61e1d22918a03097,2026-09-22T09:19:51Z
final-20260922T090744Z,6,41,20260922,4096,256,8,sha3_256,5646878,1088910,725356.5598548437,336530454,4b5c1c5d7d2b27763e9d21ad1afed5c2805a8193dff148f0aad6c6e62b6499ee,2026-09-22T09:19:53Z
final-20260922T090744Z,6,42,20260922,65536,256,2,nullhash,37336395,23398384,1755284.622417349,88582888,000102030405060708090a0b0c0d0e0f101112131415161718191a1b1c1d1e1f,2026-09-22T09:19:53Z
final-20260922T090744Z,6,43,20260922,262144,256,4,nullhash,87093400,35760545,3009918.087937777,188559486,000102030405060708090a0b0c0d0e0f101112131415161718191a1b1c1d1e1f,2026-09-22T09:19:53Z
final-20260922T090744Z,6,44,20260922,65536,256,8,nullhash,17776834,5397587,3686595.712149869,51271460,000102030405060708090a0b0c0d0e0f101112131415161718191a1b1c1d1e1f,2026-09-22T09:19:54Z
final-20260922T090744Z,6,45,20260922,4096,256,16,sha3_256,5392190,759727,759617.149989151,333342065,a4209cd3ce27c1cda8e39a6dbb59980104429c8edf38c63e6a7a81dc6bff8b24,2026-09-22T09:19:54Z
final-20260922T090744Z,6,46,20260922,65536,256,3,sha256,66313865,25726907,988269.9492783296,514376105,6cefb37f530c76678a092e56d1ca964e9d2504b927f8758afae52198f5f5ef47,2026-09-22T09:19:54Z
final-20260922T090744Z,6,47,20260922,262144,256,16,blake2s,292495971,35553956,896231.1484283658,1207714730,40ee6220a757588d87c979b3ced12493ff7aca3ea6c9e575e9d5bde4ba8d134d,2026-09-22T09:19:54Z
final-20260922T090744Z,6,48,20260922,65536,256,8,blake2s,76591598,12875944,855655.2116852296,550832826,06e8251f9da62cea200f393248fd12e1006d0926d3363048df11e27f5b40be6d,2026-09-22T09:19:56Z
final-20260922T090744Z,6,49,20260922,4096,256,16,blake2s,5311250,747571,771193.2219345728,335316598,1b2fa096f7049a0a159b9b46fda47097e7663672789ee28071fba47212909811,2026-09-22T09:19:56Z
final-20260922T090744Z,6,50,20260922,16384,256,16,blake2s,18023945,2585876,909012.9824519549,363669398,bcc59923e0515b49362980c1bad2fbf21f74480c7a61a9bce386e7eb0669b5a0,2026-09-22T09:19:57Z
final-20260922T090744Z,6,51,20260922,1048576,256,2,nullhash,589711105,363891202,1778118.117684082,1180242465,000102030405060708090a0b0c0d0e0f101112131415161718191a1b1c1d1e1f,2026-09-22T09:19:57Z
final-20260922T090744Z,6,52,20260922,4096,256,16,nullhash,1279028,262085,3202431.8466835753,17606869,000102030405060708090a0b0c0d0e0f101112131415161718191a1b1c1d1e1f,2026-09-22T09:19:58Z
final-20260922T090744Z,6,53,20260922,262144,256,2,blake2s,468657859,214215836,559350.483440842,1634733592,eed051985d2c920d928e8e3c4fc4f9c2020a4d16feb67ed8288fb50e74feee62,2026-09-22T09:19:58Z
final-20260922T090744Z,6,54,20260922,16384,256,8,sha256,12303138,2699563,1331692.7762656973,336972986,75a5f07ec202b2e8bf782757d3b8b57e2ef664456b6ff32e89937102051b768e,2026-09-22T09:20:00Z
final-20260922T090744Z,6,55,20260922,65536,256,8,sha256,50354995,10665130,1301479.6248117988,469956980,f24c516f1a67f2e369332f9d3f85c72fc23aa0210d12dc453d2bebbbc85571d5,2026-09-22T09:20:00Z
final-20260922T090744Z,6,56,20260922,4096,256,3,sha256,4393823,1936973,932217.7975762793,332471298,88f8b7ddbf126d99ba35d4ca5dbe2d3e7f48b7357189f8cdef56204f6b145a4d,2026-09-22T09:20:01Z
final-20260922T090744Z,6,57,20260922,1048576,256,16,sha3_256,1312945547,158866526,798643.9364495594,4323444766,a32f0be7cad150453b4d59e7a089c1840eccb4c457b26cc0f3e36f4e99960f80,2026-09-22T09:20:01Z
final-20260922T090744Z,6,58,20260922,262144,256,16,nullhash,63986748,12397814,4096848.3036518754,142946973,000102030405060708090a0b0c0d0e0f101112131415161718191a1b1c1d1e1f,2026-09-22T09:20:05Z
final-20260922T090744Z,6,59,20260922,262144,256,3,blake2s,366567504,110148773,715131.5846044008,1411614357,aca78fa27076d3b3dc710ee06a48fd26d2db5a51e0f20d70e12a74bcecf9af54,2026-09-22T09:20:05Z
final-20260922T090744Z,6,60,20260922,16384,256,3,sha256,16103957,6533424,1017389.7011771704,361737333,25f7a45ae60aa17f3ac9f90472fb1acd186b36b923025c2e2af9df12959b3f55,2026-09-22T09:20:07Z
final-20260922T090744Z,6,61,20260922,65536,256,2,sha256,90210426,49570707,726479.2209273017,484645562,1aff050731f4ff3b64610d2bf99b4c2d38878776411f089ea1c78251fc9ea3c8,2026-09-22T09:20:07Z
final-20260922T090744Z,6,62,20260922,65536,256,4,nullhash,21779224,9476773,3009106.2932269764,58405317,000102030405060708090a0b0c0d0e0f101112131415161718191a1b1c1d1e1f,2026-09-22T09:20:08Z
final-20260922T090744Z,6,63,20260922,4096,256,8,blake2s,5061475,922963,809250.2679554872,330543652,261a6fbe71efbd0b300eee814d7271ca6843873ea0aab188d5509a74694f8191,2026-09-22T09:20:08Z
final-20260922T090744Z,6,64,20260922,16384,256,8,sha3_256,21361244,4158840,766996.5288538438,379177243,96fea16fc4e4d9970a9163349be86aef94c806c1e54aec88fefed6958f9edbbc,2026-09-22T09:20:08Z
final-20260922T090744Z,6,65,20260922,262144,256,3,nullhash,101573770,50903616,2580823.769758669,217195659,000102030405060708090a0b0c0d0e0f101112131415161718191a1b1c1d1e1f,2026-09-22T09:20:08Z
final-20260922T090744Z,6,66,20260922,4096,256,8,nullhash,1319808,389506,3103481.7185530015,17353676,000102030405060708090a0b0c0d0e0f101112131415161718191a1b1c1d1e1f,2026-09-22T09:20:09Z
final-20260922T090744Z,6,67,20260922,65536,256,3,blake2s,91201489,27375111,718584.7590712033,595540131,0e8d867d450bca93825c83b1849db6904a56a3bfea02cea26a002336d48a31de,2026-09-22T09:20:09Z
final-20260922T090744Z,6,68,20260922,65536,256,16,sha3_256,81702253,10507528,802132.1027707767,557701837,7c67c473bb32a89d122340bdf74f49f4c2a22d0253192dc8ebdc659711017198,2026-09-22T09:20:09Z
final-20260922T090744Z,6,69,20260922,65536,256,4,blake2s,84843323,21855547,772435.5633736788,576135504,15fabb162c58e019b6fed9958bac8ce88ac26a028486dba2585536bb9a79edac,2026-09-22T09:20:10Z
final-20260922T090744Z,6,70,20260922,1048576,256,3,sha3_256,1727351327,557630979,607042.6922478637,5402627392,cbe999d04f925a4e957334cf674ecf2f0a32194f7b4e7b28da44a44614b05f58,2026-09-22T09:20:10Z
final-20260922T090744Z,6,71,20260922,1048576,256,2,blake2s,1870808425,859093447,560493.520334665,6014552043,f594faa8e2cc7eb767b86bdc847beb5e18279a2855164e04d6e76e2320a61b63,2026-09-22T09:20:16Z
final-20260922T090744Z,6,72,20260922,16384,256,3,sha3_256,26095276,9987218,627853.1026075371,402398337,b1fcafc1efd7c2e83a0277ea77e40ffbf1804373ebc9b047f0846bf0895a5176,2026-09-22T09:20:22Z
final-20260922T090744Z,6,73,20260922,4096,256,3,blake2s,5807333,1952682,705315.1592994581,324725573,dd77f8d25572690c16f541fce5e0004633e7df9bb8cefd990c6740216c926dc2,2026-09-22T09:20:22Z
final-20260922T090744Z,6,74,20260922,16384,256,2,nullhash,9171235,6590150,1786455.1502605702,33716333,000102030405060708090a0b0c0d0e0f101112131415161718191a1b1c1d1e1f,2026-09-22T09:20:22Z
final-20260922T090744Z,6,75,20260922,4096,256,16,sha256,3291310,465880,1244489.2763063947,313788549,d56452f62051ecf4810e2c233ff01d6f2d4d7df3b23a676a0ff1a95afe6b84c8,2026-09-22T09:20:23Z
final-20260922T090744Z,6,76,20260922,65536,256,2,sha3_256,140449735,68702666,466615.3339484763,642302898,d63ffda16b17575b170fcbb398dbd05ec0b9f8a00a9493bb0f6e8bb2d1778f5f,2026-09-22T09:20:23Z
final-20260922T090744Z,6,77,20260922,1048576,256,16,blake2s,1174243829,142270670,892979.7833325467,3889786261,4eb3d1779b2e11941769961e4222a6f78a1837242058b17be7978d14cb2b7c80,2026-09-22T09:20:23Z
final-20260922T090744Z,6,78,20260922,262144,256,2,sha256,357145185,197655285,733998.4157983259,1299247797,740342ae28863cbe589c2a4e9d636be7cff4b142a0b87c6ede0fcf7cae92afdd,2026-09-22T09:20:27Z
final-20260922T090744Z,6,79,20260922,16384,256,4,sha3_256,23243159,6415864,704895.5780924616,398703288,b0ecec4470595a75a59c4ebede216b891e0f4638b6c4b9fa5fb44c91786b36f3,2026-09-22T09:20:29Z
final-20260922T090744Z,6,80,20260922,262144,256,8,blake2s,305558710,50076701,857916.9613590789,1244711394,7acd79da2980b4227f52ee5da9f776a332b6f275bd56e708b22bba34ddbed3fb,2026-09-22T09:20:29Z
final-20260922T090744Z,6,81,20260922,1048576,256,4,sha256,944058659,289156530,1110710.6428224605,3223871606,fd9adf45ef158eee0499ded190ee0634d449b8ed8ed5f390b4bd2c25b331844d,2026-09-22T09:20:30Z
final-20260922T090744Z,6,82,20260922,1048576,256,4,sha3_256,1541633374,381472068,680172.0938872203,5011573210,4162dd925fdbdda96c8d77b0013cc6c8217c1e0e54d4215dacd09de27dcda9a9,2026-09-22T09:20:34Z
final-20260922T090744Z,6,83,20260922,262144,256,8,sha256,201659212,38451312,1299935.6558033163,927326595,298ecf21d5d46c2ffbf7dc0ee7b10355db667625bb517cce25e9e0ce5fc9b28c,2026-09-22T09:20:39Z
final-20260922T090744Z,6,84,20260922,16384,256,3,nullhash,6621028,3797123,2474540.2073514867,29042649,000102030405060708090a0b0c0d0e0f101112131415161718191a1b1c1d1e1f,2026-09-22T09:20:39Z
final-20260922T090744Z,6,85,20260922,4096,256,4,sha256,3997960,1379309,1024522.5064783039,321185710,5d6f240ce86b74dc9a3b279da4cf065a81e627fa0b51e0af13b39d29490596bb,2026-09-22T09:20:40Z
final-20260922T090744Z,6,86,20260922,65536,256,3,sha3_256,106908575,36828963,613009.7609101982,655228153,7d32f04c6f66559574a32d7bcc4dfd43a6faf756f577b8f735577ce325964f99,2026-09-22T09:20:40Z
final-20260922T090744Z,6,87,20260922,16384,256,3,blake2s,22311703,7347138,734323.1487081018,394463381,b30f84204a994a3c7311c54dc9e54bacefddcc74fd1f41171768c004e671ab8b,2026-09-22T09:20:40Z
final-20260922T090744Z,6,88,20260922,262144,256,8,nullhash,70566693,19765081,3714840.3709381707,160869151,000102030405060708090a0b0c0d0e0f101112131415161718191a1b1c1d1e1f,2026-09-22T09:20:41Z
final-20260922T090744Z,6,89,20260922,262144,256,16,sha256,190302594,24411664,1377511.4384410337,890336932,8f09c92e01d5dc13b6a51118211630318ef632d26218ac7acc81bcf8d2969877,2026-09-22T09:20:41Z
final-20260922T090744Z,6,90,20260922,16384,256,8,blake2s,19810570,3867329,827033.2453836512,385259906,cec3e3da0c45a69e2d8930eb6caa89836e766da17b58deab553da9c9a09b05c3,2026-09-22T09:20:42Z
final-20260922T090744Z,6,91,20260922,262144,256,16,sha3_256,327704766,39792136,799939.5407023162,1317942065,27f7c0d2b0ff7977d3da8279573dc66d1d971e761dbb840af56e5b5abcb7dde8,2026-09-22T09:20:42Z
final-20260922T090744Z,6,92,20260922,16384,256,16,sha256,11686557,1756351,1401952.6880329254,342026141,82155b7ef0c2ae48c915c324bc8f159897ff184f24c5875a1f8eb08011fb4e1d,2026-09-22T09:20:44Z
final-20260922T090744Z,6,93,20260922,4096,256,3,nullhash,1855142,969677,2207917.2376022968,18445569,000102030405060708090a0b0c0d0e0f101112131415161718191a1b1c1d1e1f,2026-09-22T09:20:44Z
final-20260922T090744Z,6,94,20260922,4096,256,2,blake2s,8642245,3706416,473950.9236315333,354505825,3449bec8a5b5300693d94f96bfbdfc86713fc3ed0313558846ef24bbb6931132,2026-09-22T09:20:44Z
final-20260922T090744Z,6,95,20260922,16384,256,4,blake2s,21417844,5884765,764969.6206583632,377265317,6087b5a4baea72947053fcb075846bbcd71cf2904a4d62ee537e880b0cfc86a3,2026-09-22T09:20:44Z
final-20260922T090744Z,6,96,20260922,16384,256,2,sha3_256,34704855,17668113,472095.3307541553,358821020,2beec76ed79e48fe95d6d42bea0689837f52f1957f6a583504095165cc8d1238,2026-09-22T09:20:45Z
final-20260922T090744Z,6,97,20260922,1048576,256,4,nullhash,343344589,142472896,3054004.7334195795,701351466,000102030405060708090a0b0c0d0e0f101112131415161718191a1b1c1d1e1f,2026-09-22T09:20:45Z
final-20260922T090744Z,6,98,20260922,4096,256,4,nullhash,1709569,730025,2395925.522748716,18907740,000102030405060708090a0b0c0d0e0f101112131415161718191a1b1c1d1e1f,2026-09-22T09:20:46Z
final-20260922T090744Z,6,99,20260922,4096,256,3,sha3_256,6820159,2597463,600572.5086467925,334722707,b03b52887e17e7bb261949f75fab810eaa3b0abe93247fb386ffb81e38b56185,2026-09-22T09:20:46Z
final-20260922T090744Z,7,0,20260922,262144,256,3,sha256,267264680,100868475,980840.4163243718,1143056176,b2c4c8f4e14b843f84f4adb34fee56a737067ec23d123ac06a11c1efed07ba15,2026-09-22T09:20:46Z
final-20260922T090744Z,7,1,20260922,16384,256,8,nullhash,4726913,1429567,3466109.9114792254,24297131,000102030405060708090a0b0c0d0e0f101112131415161718191a1b1c1d1e1f,2026-09-22T09:20:47Z
final-20260922T090744Z,7,2,20260922,1048576,256,8,sha256,842977939,152340586,1243894.948477412,2855009478,11008073f56d19ef25b5779d26d6b8c3a41343955c30b797d2d76220403ed313,2026-09-22T09:20:47Z
final-20260922T090744Z,7,3,20260922,1048576,256,16,nullhash,252688237,47129415,4149682.6779475296,522861695,000102030405060708090a0b0c0d0e0f101112131415161718191a1b1c1d1e1f,2026-09-22T09:20:50Z
final-20260922T090744Z,7,4,20260922,4096,256,4,blake2s,5531619,1578334,740470.3758519884,325006315,459ca9af078d1704b0a2d4ff4cfb9ac30914a5fe3331d4b7dce0dab47174393b,2026-09-22T09:20:51Z
final-20260922T090744Z,7,5,20260922,4096,256,3,blake2s,6080070,2191139,673676.4543829266,337227841,dd77f8d25572690c16f541fce5e0004633e7df9bb8cefd990c6740216c926dc2,2026-09-22T09:20:51Z
final-20260922T090744Z,7,6,20260922,4096,256,16,sha256,3281438,474380,1248233.244083844,299448964,d56452f62051ecf4810e2c233ff01d6f2d4d7df3b23a676a0ff1a95afe6b84c8,2026-09-22T09:20:51Z
final-20260922T090744Z,7,7,20260922,262144,256,16,nullhash,62436064,12681509,4198599.0660782205,142766954,000102030405060708090a0b0c0d0e0f101112131415161718191a1b1c1d1e1f,2026-09-22T09:20:52Z
final-20260922T090744Z,7,8,20260922,4096,256,4,nullhash,1641460,703529,2495339.5148221706,18441462,000102030405060708090a0b0c0d0e0f101112131415161718191a1b1c1d1e1f,2026-09-22T09:20:52Z
final-20260922T090744Z,7,9,20260922,1048576,256,4,blake2s,1363506526,340731923,769028.955861411,4485826347,672c0d052350b2500d588f38e8362b342d03e1eee42964c1fc91c2e643b93d2c,2026-09-22T09:20:52Z
final-20260922T090744Z,7,10,20260922,16384,256,3,sha256,15950342,6527144,1027188.0063762896,354264524,25f7a45ae60aa17f3ac9f90472fb1acd186b36b923025c2e2af9df12959b3f55,2026-09-22T09:20:56Z
final-20260922T090744Z,7,11,20260922,4096,256,16,sha3_256,5482748,778750,747070.629545622,339099308,a4209cd3ce27c1cda8e39a6dbb59980104429c8edf38c63e6a7a81dc6bff8b24,2026-09-22T09:20:57Z
final-20260922T090744Z,7,12,20260922,1048576,256,16,sha256,752114998,96689345,1394169.77827638,2635684574,204a0ba5a3435eb2eda994b98b6870442595c0ed813a7bed842dc70354353fc2,2026-09-22T09:20:57Z
final-20260922T090744Z,7,13,20260922,262144,256,16,sha3_256,326548480,39552306,802772.0723122031,1315186660,27f7c0d2b0ff7977d3da8279573dc66d1d971e761dbb840af56e5b5abcb7dde8,2026-09-22T09:21:00Z
final-20260922T090744Z,7,14,20260922,65536,256,8,sha3_256,85510457,14395325,766409.1889954465,576857212,cf348da5b068b7af7798fefbe43e81f68a37ace420b9026269ad07663ff98f1d,2026-09-22T09:21:01Z
final-20260922T090744Z,7,15,20260922,65536,256,4,sha256,64801318,18714184,1011337.4545869577,495293617,422a75a177e15a33c77aba30f99d4cc86a4907115b73caaa66ae5486f1f6fa28,2026-09-22T09:21:02Z
final-20260922T090744Z,7,16,20260922,262144,256,4,sha3_256,395229515,96419124,663270.3025734301,1505208284,95331f82e68d735cdd3d5ba2066f5bf023e72935b3c1a32f61e1d22918a03097,2026-09-22T09:21:02Z
final-20260922T090744Z,7,17,20260922,16384,256,4,nullhash,5637295,2622092,2906358.457380712,26996223,000102030405060708090a0b0c0d0e0f101112131415161718191a1b1c1d1e1f,2026-09-22T09:21:04Z
final-20260922T090744Z,7,18,20260922,1048576,256,8,blake2s,1224869386,198047151,856071.6856711447,4085304314,064973adad4ee5f520a97590997979971876f0d2908931e812c811e8a477c37b,2026-09-22T09:21:04Z
final-20260922T090744Z,7,19,20260922,16384,256,3,nullhash,6571708,3493292,2493111.37987263,28135987,000102030405060708090a0b0c0d0e0f101112131415161718191a1b1c1d1e1f,2026-09-22T09:21:08Z
final-20260922T090744Z,7,20,20260922,65536,256,16,nullhash,15951801,3366426,4108376.2266091453,46422369,000102030405060708090a0b0c0d0e0f101112131415161718191a1b1c1d1e1f,2026-09-22T09:21:08Z
final-20260922T090744Z,7,21,20260922,65536,256,16,sha256,46603260,6649358,1406253.5539359264,444362967,63915f25f1917098dc348cc0fb3e1be5ff5801743a711c4c5d2a15a33dfa40bd,2026-09-22T09:21:08Z
final-20260922T090744Z,7,22,20260922,16384,256,16,nullhash,4372578,946492,3746988.61861355,23804416,000102030405060708090a0b0c0d0e0f101112131415161718191a1b1c1d1e1f,2026-09-22T09:21:08Z
final-20260922T090744Z,7,23,20260922,16384,256,16,blake2s,18159640,2541174,902220.5286007872,370340098,bcc59923e0515b49362980c1bad2fbf21f74480c7a61a9bce386e7eb0669b5a0,2026-09-22T09:21:08Z
final-20260922T090744Z,7,24,20260922,262144,256,16,blake2s,292038669,36281994,897634.5526352198,1205874604,40ee6220a757588d87c979b3ced12493ff7aca3ea6c9e575e9d5bde4ba8d134d,2026-09-22T09:21:09Z
final-20260922T090744Z,7,25,20260922,16384,256,4,sha3_256,23421302,6453949,699534.1249602605,387652609,b0ecec4470595a75a59c4ebede216b891e0f4638b6c4b9fa5fb44c91786b36f3,2026-09-22T09:21:10Z
final-20260922T090744Z,7,26,20260922,65536,256,2,blake2s,116492369,52657017,562577.6225737155,567791845,ec4932e7be03121bee1885efa61847571b1a6669b2d168c3dfad4d38b23b8281,2026-09-22T09:21:10Z
final-20260922T090744Z,7,27,20260922,65536,256,4,blake2s,85768503,21948258,764103.344557617,585541068,15fabb162c58e019b6fed9958bac8ce88ac26a028486dba2585536bb9a79edac,2026-09-22T09:21:11Z
final-20260922T090744Z,7,28,20260922,4096,256,8,sha3_256,6589057,1178354,621636.753180311,320654323,4b5c1c5d7d2b27763e9d21ad1afed5c2805a8193dff148f0aad6c6e62b6499ee,2026-09-22T09:21:11Z
final-20260922T090744Z,7,29,20260922,262144,256,2,nullhash,148127245,93088084,1769721.7010955682,311182081,000102030405060708090a0b0c0d0e0f101112131415161718191a1b1c1d1e1f,2026-09-22T09:21:12Z
final-20260922T090744Z,7,30,20260922,65536,256,3,sha3_256,106749351,35961800,613924.1071357895,646192150,7d32f04c6f66559574a32d7bcc4dfd43a6faf756f577b8f735577ce325964f99,2026-09-22T09:21:12Z
final-20260922T090744Z,7,31,20260922,16384,256,2,sha3_256,34253036,17088205,478322.563874338,356318712,2beec76ed79e48fe95d6d42bea0689837f52f1957f6a583504095165cc8d1238,2026-09-22T09:21:13Z
final-20260922T090744Z,7,32,20260922,4096,256,8,nullhash,1358008,385730,3016182.5261706854,17087133,000102030405060708090a0b0c0d0e0f101112131415161718191a1b1c1d1e1f,2026-09-22T09:21:13Z
final-20260922T090744Z,7,33,20260922,1048576,256,16,blake2s,1166860390,140164872,898630.2123084321,3892582739,4eb3d1779b2e11941769961e4222a6f78a1837242058b17be7978d14cb2b7c80,2026-09-22T09:21:13Z
final-20260922T090744Z,7,34,20260922,1048576,256,4,sha256,973011820,283687879,1077660.084334844,3254788324,fd9adf45ef158eee0499ded190ee0634d449b8ed8ed5f390b4bd2c25b331844d,2026-09-22T09:21:17Z
final-20260922T090744Z,7,35,20260922,262144,256,16,sha256,186645482,24137298,1404502.2531003456,879331406,8f09c92e01d5dc13b6a51118211630318ef632d26218ac7acc81bcf8d2969877,2026-09-22T09:21:20Z
final-20260922T090744Z,7,36,20260922,65536,256,3,blake2s,97026215,28298812,675446.3213885031,608768694,0e8d867d450bca93825c83b1849db6904a56a3bfea02cea26a002336d48a31de,2026-09-22T09:21:21Z
final-20260922T090744Z,7,37,20260922,262144,256,3,nullhash,101908688,49249841,2572342.016610007,218899951,000102030405060708090a0b0c0d0e0f101112131415161718191a1b1c1d1e1f,2026-09-22T09:21:22Z
final-20260922T090744Z,7,38,20260922,4096,256,3,sha3_256,6723233,3115960,609230.7079049618,332948486,b03b52887e17e7bb261949f75fab810eaa3b0abe93247fb386ffb81e38b56185,2026-09-22T09:21:22Z
final-20260922T090744Z,7,39,20260922,16384,256,4,blake2s,21191267,6112501,773148.6748763063,381973065,6087b5a4baea72947053fcb075846bbcd71cf2904a4d62ee537e880b0cfc86a3,2026-09-22T09:21:22Z
final-20260922T090744Z,7,40,20260922,4096,256,2,sha256,5560865,3338907,736576.054264939,336706898,21f5e721e8d3841fe8120999a88ece52e438cce0db6a78c8f9db76f8365ccdd3,2026-09-22T09:21:23Z
final-20260922T090744Z,7,41,20260922,262144,256,8,blake2s,306892514,49834403,854188.3168906491,1194141751,7acd79da2980b4227f52ee5da9f776a332b6f275bd56e708b22bba34ddbed3fb,2026-09-22T09:21:23Z
final-20260922T090744Z,7,42,20260922,4096,256,16,blake2s,5213887,711121,785594.3176367267,339045695,1b2fa096f7049a0a159b9b46fda47097e7663672789ee28071fba47212909811,2026-09-22T09:21:24Z
final-20260922T090744Z,7,43,20260922,4096,256,4,sha256,3852711,1317343,1063147.4823831841,309401083,5d6f240ce86b74dc9a3b279da4cf065a81e627fa0b51e0af13b39d29490596bb,2026-09-22T09:21:24Z
final-20260922T090744Z,7,44,20260922,1048576,256,4,nullhash,347538690,143115361,3017148.9683637815,707374115,000102030405060708090a0b0c0d0e0f101112131415161718191a1b1c1d1e1f,2026-09-22T09:21:25Z
final-20260922T090744Z,7,45,20260922,16384,256,3,sha3_256,27010347,9246411,606582.3589752475,395838691,b1fcafc1efd7c2e83a0277ea77e40ffbf1804373ebc9b047f0846bf0895a5176,2026-09-22T09:21:25Z
final-20260922T090744Z,7,46,20260922,16384,256,2,blake2s,28789300,13290968,569100.3254681426,352716796,96f4b1f8fcd0e9fa3506a247d3f822166430477ed9250f1772c77d9493b651c6,2026-09-22T09:21:26Z
final-20260922T090744Z,7,47,20260922,262144,256,4,nullhash,86555456,35008971,3028624.7928726757,189270559,000102030405060708090a0b0c0d0e0f101112131415161718191a1b1c1d1e1f,2026-09-22T09:21:26Z
final-20260922T090744Z,7,48,20260922,65536,256,4,nullhash,21934964,9481655,2987741.3977064197,59430426,000102030405060708090a0b0c0d0e0f101112131415161718191a1b1c1d1e1f,2026-09-22T09:21:26Z
final-20260922T090744Z,7,49,20260922,1048576,256,4,sha3_256,1529166735,386082071,685717.2445619542,5006422817,4162dd925fdbdda96c8d77b0013cc6c8217c1e0e54d4215dacd09de27dcda9a9,2026-09-22T09:21:26Z
final-20260922T090744Z,7,50,20260922,1048576,256,3,sha3_256,1754473100,572243967,597658.6360885213,5496595370,cbe999d04f925a4e957334cf674ecf2f0a32194f7b4e7b28da44a44614b05f58,2026-09-22T09:21:31Z
final-20260922T090744Z,7,51,20260922,1048576,256,2,sha256,1494411274,793329327,701664.9420700235,4842623126,f36df66f9ac61c8c5db4a352461181bf7cc01ea8793cbc773f1d3e80755388d9,2026-09-22T09:21:37Z
final-20260922T090744Z,7,52,20260922,1048576,256,2,sha3_256,2245211711,1105976351,467027.6726522918,7191838105,e6adb21e7b3e55d53244e4385ff319132398e573acbb3ee727b54dba3adcadf0,2026-09-22T09:21:42Z
final-20260922T090744Z,7,53,20260922,262144,256,4,blake2s,341991018,85264616,766523.0552926393,1366714446,f4a1a95e118ebba8edf32cb295de15d8a0f75df7a60fcfc955c71ce667349a4f,2026-09-22T09:21:49Z
final-20260922T090744Z,7,54,20260922,262144,256,2,blake2s,467402214,210857414,560853.1413588896,1615850364,eed051985d2c920d928e8e3c4fc4f9c2020a4d16feb67ed8288fb50e74feee62,2026-09-22T09:21:50Z
final-20260922T090744Z,7,55,20260922,65536,256,8,nullhash,17776297,5902309,3686707.0796578163,54076193,000102030405060708090a0b0c0d0e0f101112131415161718191a1b1c1d1e1f,2026-09-22T09:21:52Z
final-20260922T090744Z,7,56,20260922,1048576,256,3,blake2s,1472307934,432922831,712198.8381541928,4650694630,f62c9ab517538e8259fe5f079856567efdcc43944ff9c37ba8139535ad3eaa38,2026-09-22T09:21:52Z
final-20260922T090744Z,7,57,20260922,65536,256,16,sha3_256,81812898,10498717,801047.2871893623,564275011,7c67c473bb32a89d122340bdf74f49f4c2a22d0253192dc8ebdc659711017198,2026-09-22T09:21:57Z
final-20260922T090744Z,7,58,20260922,65536,256,3,sha256,66702843,25991140,982506.8475716995,528129167,6cefb37f530c76678a092e56d1ca964e9d2504b927f8758afae52198f5f5ef47,2026-09-22T09:21:57Z
final-20260922T090744Z,7,59,20260922,4096,256,2,nullhash,2494516,1754574,1642001.8953576565,19750202,000102030405060708090a0b0c0d0e0f101112131415161718191a1b1c1d1e1f,2026-09-22T09:21:58Z
final-20260922T090744Z,7,60,20260922,65536,256,8,sha256,50463850,10085643,1298672.2178351434,471292861,f24c516f1a67f2e369332f9d3f85c72fc23aa0210d12dc453d2bebbbc85571d5,2026-09-22T09:21:58Z
final-20260922T090744Z,7,61,20260922,262144,256,8,sha256,202451454,38468748,1294848.6899975536,930598016,298ecf21d5d46c2ffbf7dc0ee7b10355db667625bb517cce25e9e0ce5fc9b28c,2026-09-22T09:21:58Z
final-20260922T090744Z,7,62,20260922,16384,256,16,sha3_256,20123689,2828915,814164.838265986,381677875,af59672f489342e08480fa9448fa4bde1dd1d203e62322dcc439feec4caa3fe9,2026-09-22T09:21:59Z
final-20260922T090744Z,7,63,20260922,262144,256,3,blake2s,367961420,108025495,712422.5142951128,1443128797,aca78fa27076d3b3dc710ee06a48fd26d2db5a51e0f20d70e12a74bcecf9af54,2026-09-22T09:22:00Z
final-20260922T090744Z,7,64,20260922,65536,256,2,sha256,89257082,50210765,734238.6568272532,483307991,1aff050731f4ff3b64610d2bf99b4c2d38878776411f089ea1c78251fc9ea3c8,2026-09-22T09:22:01Z
final-20260922T090744Z,7,65,20260922,1048576,256,3,sha256,1063491099,397804400,985975.341952533,3505349128,5f1024e2eaeece60bda47502efe68cd55b1cf12c77924d95cea59a223d140912,2026-09-22T09:22:01Z
final-20260922T090744Z,7,66,20260922,4096,256,8,blake2s,5655624,891528,724234.8501244072,324747908,261a6fbe71efbd0b300eee814d7271ca6843873ea0aab188d5509a74694f8191,2026-09-22T09:22:05Z
final-20260922T090744Z,7,67,20260922,262144,256,2,sha3_256,563432921,277691872,465262.12833772274,1920360643,bfe92fc58e742ec32b00df7756ef8482a29ef3b1ea96a58b6f515ae0e4f865b5,2026-09-22T09:22:05Z
final-20260922T090744Z,7,68,20260922,65536,256,3,nullhash,25765703,12777683,2543536.266019988,66699887,000102030405060708090a0b0c0d0e0f101112131415161718191a1b1c1d1e1f,2026-09-22T09:22:07Z
final-20260922T090744Z,7,69,20260922,1048576,256,2,blake2s,1866453739,854981901,561801.2266201685,5993576044,f594faa8e2cc7eb767b86bdc847beb5e18279a2855164e04d6e76e2320a61b63,2026-09-22T09:22:07Z
final-20260922T090744Z,7,70,20260922,4096,256,3,sha256,4271067,1816891,959010.9450401972,309257927,88f8b7ddbf126d99ba35d4ca5dbe2d3e7f48b7357189f8cdef56204f6b145a4d,2026-09-22T09:22:13Z
final-20260922T090744Z,7,71,20260922,1048576,256,2,nullhash,590689850,368955087,1775171.860494979,1187682819,000102030405060708090a0b0c0d0e0f101112131415161718191a1b1c1d1e1f,2026-09-22T09:22:14Z
final-20260922T090744Z,7,72,20260922,16384,256,2,nullhash,9140112,6588053,1792538.2095974316,33495916,000102030405060708090a0b0c0d0e0f101112131415161718191a1b1c1d1e1f,2026-09-22T09:22:15Z
final-20260922T090744Z,7,73,20260922,16384,256,3,blake2s,22453515,7044189,729685.3076233276,384671900,b30f84204a994a3c7311c54dc9e54bacefddcc74fd1f41171768c004e671ab8b,2026-09-22T09:22:15Z
final-20260922T090744Z,7,74,20260922,1048576,256,3,nullhash,406605101,194936525,2578855.9893152937,825052412,000102030405060708090a0b0c0d0e0f101112131415161718191a1b1c1d1e1f,2026-09-22T09:22:15Z
final-20260922T090744Z,7,75,20260922,1048576,256,8,sha3_256,1374394288,223678427,762936.8145336763,4503537901,cb15ce8d6f849eba3ba927622df1e38654715237f1da3204afec0eb577910fd2,2026-09-22T09:22:16Z
final-20260922T090744Z,7,76,20260922,4096,256,16,nullhash,1189565,262681,3443275.48305473,16754869,000102030405060708090a0b0c0d0e0f101112131415161718191a1b1c1d1e1f,2026-09-22T09:22:21Z
final-20260922T090744Z,7,77,20260922,4096,256,3,nullhash,1884502,967521,2173518.521073472,17503261,000102030405060708090a0b0c0d0e0f101112131415161718191a1b1c1d1e1f,2026-09-22T09:22:21Z
final-20260922T090744Z,7,78,20260922,4096,256,2,sha3_256,8595581,4782436,476523.9254914822,349941459,ee3342c752978bfd893fcf3722d3551fb022d0b599dfa4d47c5727cc53e3720f,2026-09-22T09:22:21Z
final-20260922T090744Z,7,79,20260922,16384,256,8,blake2s,18963265,3542526,863986.238656687,375656959,cec3e3da0c45a69e2d8930eb6caa89836e766da17b58deab553da9c9a09b05c3,2026-09-22T09:22:21Z
final-20260922T090744Z,7,80,20260922,16384,256,4,sha256,14901377,5427804,1099495.7043231642,349681105,f9302c40648f7da2e6005a6911389669956ec33514d6fd72f0e5a96dfee01348,2026-09-22T09:22:21Z
final-20260922T090744Z,7,81,20260922,65536,256,2,nullhash,36791768,24734223,1781268.0271304166,92949294,000102030405060708090a0b0c0d0e0f101112131415161718191a1b1c1d1e1f,2026-09-22T09:22:22Z
final-20260922T090744Z,7,82,20260922,4096,256,4,sha3_256,6167885,1812915,664085.0145552325,325486714,d2582b5797cb45c3e51b7d1789033e0d7ba602885fba67182ecf11d7ab4107ea,2026-09-22T09:22:22Z
final-20260922T090744Z,7,83,20260922,262144,256,4,sha256,237250522,71176892,1104924.8608186413,1030739224,56ec6e66ef5807a118558efc4a7cd511c1d7757c4b8d8a3dd33e39c5f45fd60c,2026-09-22T09:22:22Z
final-20260922T090744Z,7,84,20260922,16384,256,2,sha256,21795396,12636116,751718.3904343834,323410969,c8d1ab11c0ff45f9c649aad5c41d26e2e3051847df67524d2819349b51d7a8ac,2026-09-22T09:22:23Z
final-20260922T090744Z,7,85,20260922,16384,256,16,sha256,11656523,1728764,1405564.9356158779,332971988,82155b7ef0c2ae48c915c324bc8f159897ff184f24c5875a1f8eb08011fb4e1d,2026-09-22T09:22:23Z
final-20260922T090744Z,7,86,20260922,4096,256,8,sha256,3518855,751725,1164014.999197182,307960377,9e1e0cb13be2d3c60ccf5b55958f95bda3778dcbea9720c96d182a7902d8a513,2026-09-22T09:22:24Z
final-20260922T090744Z,7,87,20260922,65536,256,4,sha3_256,95972099,24895113,682865.1314586753,613434976,6e6c5d411895402f18a616b478c2fbb4db78de4732c2e3edcf176e60b574fe13,2026-09-22T09:22:24Z
final-20260922T090744Z,7,88,20260922,65536,256,8,blake2s,76184407,13225673,860228.5241913087,545125012,06e8251f9da62cea200f393248fd12e1006d0926d3363048df11e27f5b40be6d,2026-09-22T09:22:25Z
final-20260922T090744Z,7,89,20260922,262144,256,8,sha3_256,342968678,55624329,764338.019228683,1359181101,86f629536e38e29d21acb6ba75134abbe666399b65bd632a228cdc086541fd78,2026-09-22T09:22:25Z
final-20260922T090744Z,7,90,20260922,1048576,256,8,nullhash,279492163,76853454,3751718.791485398,580587017,000102030405060708090a0b0c0d0e0f101112131415161718191a1b1c1d1e1f,2026-09-22T09:22:27Z
final-20260922T090744Z,7,91,20260922,262144,256,2,sha256,359136548,191007782,729928.495052528,1284625287,740342ae28863cbe589c2a4e9d636be7cff4b142a0b87c6ede0fcf7cae92afdd,2026-09-22T09:22:27Z
final-20260922T090744Z,7,92,20260922,1048576,256,16,sha3_256,1305815565,157361724,803004.6724094608,4303223348,a32f0be7cad150453b4d59e7a089c1840eccb4c457b26cc0f3e36f4e99960f80,2026-09-22T09:22:28Z
final-20260922T090744Z,7,93,20260922,262144,256,8,nullhash,70923362,19340121,3696158.6789977606,156224134,000102030405060708090a0b0c0d0e0f101112131415161718191a1b1c1d1e1f,2026-09-22T09:22:33Z
final-20260922T090744Z,7,94,20260922,16384,256,8,sha256,12772967,2792889,1282709.0213260553,348823738,75a5f07ec202b2e8bf782757d3b8b57e2ef664456b6ff32e89937102051b768e,2026-09-22T09:22:33Z
final-20260922T090744Z,7,95,20260922,4096,256,2,blake2s,7377150,3679952,555227.9674400005,340632508,3449bec8a5b5300693d94f96bfbdfc86713fc3ed0313558846ef24bbb6931132,2026-09-22T09:22:33Z
final-20260922T090744Z,7,96,20260922,65536,256,2,sha3_256,140468829,69614982,466551.90668671415,644018871,d63ffda16b17575b170fcbb398dbd05ec0b9f8a00a9493bb0f6e8bb2d1778f5f,2026-09-22T09:22:34Z
final-20260922T090744Z,7,97,20260922,65536,256,16,blake2s,72904634,9879497,898927.7691182155,536526626,c10b0a1440fcbc0f50de063b71fc9cbdac0bc057ea1482b66c9d217c60bee988,2026-09-22T09:22:34Z
final-20260922T090744Z,7,98,20260922,16384,256,8,sha3_256,20942854,3955881,782319.3534176383,373126798,96fea16fc4e4d9970a9163349be86aef94c806c1e54aec88fefed6958f9edbbc,2026-09-22T09:22:35Z
final-20260922T090744Z,7,99,20260922,262144,256,3,sha3_256,426634267,141582430,614446.6590631361,1616898818,b9e9546fceffff316882cfe06388969f8d2b1e7005f5652c9193e782b601ca89,2026-09-22T09:22:35Z
final-20260922T090744Z,8,0,20260922,4096,256,4,sha256,3934258,1362603,1041111.1828456598,320349230,5d6f240ce86b74dc9a3b279da4cf065a81e627fa0b51e0af13b39d29490596bb,2026-09-22T09:22:37Z
final-20260922T090744Z,8,1,20260922,65536,256,4,nullhash,21981866,9430234,2981366.5500462973,60265786,000102030405060708090a0b0c0d0e0f101112131415161718191a1b1c1d1e1f,2026-09-22T09:22:37Z
final-20260922T090744Z,8,2,20260922,1048576,256,8,nullhash,296828227,75713968,3532602.0392258717,589549365,000102030405060708090a0b0c0d0e0f101112131415161718191a1b1c1d1e1f,2026-09-22T09:22:37Z
final-20260922T090744Z,8,3,20260922,262144,256,2,blake2s,467941121,210703427,560207.231712812,1627229619,eed051985d2c920d928e8e3c4fc4f9c2020a4d16feb67ed8288fb50e74feee62,2026-09-22T09:22:38Z
final-20260922T090744Z,8,4,20260922,16384,256,4,sha256,14182015,4882897,1155266.0182632722,350628227,f9302c40648f7da2e6005a6911389669956ec33514d6fd72f0e5a96dfee01348,2026-09-22T09:22:39Z
final-20260922T090744Z,8,5,20260922,16384,256,3,sha3_256,26333598,9228757,622170.9619779264,406749799,b1fcafc1efd7c2e83a0277ea77e40ffbf1804373ebc9b047f0846bf0895a5176,2026-09-22T09:22:40Z
final-20260922T090744Z,8,6,20260922,16384,256,3,nullhash,6761750,3868902,2423041.3724257774,30966210,000102030405060708090a0b0c0d0e0f101112131415161718191a1b1c1d1e1f,2026-09-22T09:22:40Z
final-20260922T090744Z,8,7,20260922,4096,256,4,blake2s,5524464,1588462,741429.3947792945,321156204,459ca9af078d1704b0a2d4ff4cfb9ac30914a5fe3331d4b7dce0dab47174393b,2026-09-22T09:22:40Z
final-20260922T090744Z,8,8,20260922,65536,256,4,blake2s,84999598,21936873,771015.4111552386,588578252,15fabb162c58e019b6fed9958bac8ce88ac26a028486dba2585536bb9a79edac,2026-09-22T09:22:40Z
final-20260922T090744Z,8,9,20260922,65536,256,4,sha3_256,95838460,24734023,683817.3317893464,609325103,6e6c5d411895402f18a616b478c2fbb4db78de4732c2e3edcf176e60b574fe13,2026-09-22T09:22:41Z
final-20260922T090744Z,8,10,20260922,4096,256,3,sha3_256,6753578,2589135,606493.3284253177,343635658,b03b52887e17e7bb261949f75fab810eaa3b0abe93247fb386ffb81e38b56185,2026-09-22T09:22:42Z
final-20260922T090744Z,8,11,20260922,16384,256,2,blake2s,28792522,14149312,569036.6408333386,348532700,96f4b1f8fcd0e9fa3506a247d3f822166430477ed9250f1772c77d9493b651c6,2026-09-22T09:22:42Z
final-20260922T090744Z,8,12,20260922,4096,256,2,sha3_256,8929175,5109610,458720.9904610449,356454963,ee3342c752978bfd893fcf3722d3551fb022d0b599dfa4d47c5727cc53e3720f,2026-09-22T09:22:42Z
final-20260922T090744Z,8,13,20260922,65536,256,3,sha256,66104671,26075394,991397.415774144,524753593,6cefb37f530c76678a092e56d1ca964e9d2504b927f8758afae52198f5f5ef47,2026-09-22T09:22:43Z
final-20260922T090744Z,8,14,20260922,262144,256,2,sha3_256,561160825,276850147,467145.9380650814,1914454931,bfe92fc58e742ec32b00df7756ef8482a29ef3b1ea96a58b6f515ae0e4f865b5,2026-09-22T09:22:43Z
final-20260922T090744Z,8,15,20260922,4096,256,2,blake2s,7353687,3992158,556999.5024264698,350607319,3449bec8a5b5300693d94f96bfbdfc86713fc3ed0313558846ef24bbb6931132,2026-09-22T09:22:45Z
final-20260922T090744Z,8,16,20260922,1048576,256,3,blake2s,1463781283,439959924,716347.4572177597,4627351906,f62c9ab517538e8259fe5f079856567efdcc43944ff9c37ba8139535ad3eaa38,2026-09-22T09:22:45Z
final-20260922T090744Z,8,17,20260922,65536,256,8,nullhash,17741101,5417640,3694021.019326817,51029072,000102030405060708090a0b0c0d0e0f101112131415161718191a1b1c1d1e1f,2026-09-22T09:22:50Z
final-20260922T090744Z,8,18,20260922,65536,256,16,sha256,47190167,6514887,1388763.8922744223,445391144,63915f25f1917098dc348cc0fb3e1be5ff5801743a711c4c5d2a15a33dfa40bd,2026-09-22T09:22:50Z
final-20260922T090744Z,8,19,20260922,16384,256,16,sha3_256,20161649,2899660,812631.942952682,377117217,af59672f489342e08480fa9448fa4bde1dd1d203e62322dcc439feec4caa3fe9,2026-09-22T09:22:51Z
final-20260922T090744Z,8,20,20260922,4096,256,3,blake2s,5847620,2017212,700455.9119778645,323807673,dd77f8d25572690c16f541fce5e0004633e7df9bb8cefd990c6740216c926dc2,2026-09-22T09:22:51Z
final-20260922T090744Z,8,21,20260922,65536,256,3,blake2s,91174860,27620002,718794.6326432527,595907703,0e8d867d450bca93825c83b1849db6904a56a3bfea02cea26a002336d48a31de,2026-09-22T09:22:51Z
final-20260922T090744Z,8,22,20260922,4096,256,4,nullhash,1682042,738430,2435135.3890093113,18871936,000102030405060708090a0b0c0d0e0f101112131415161718191a1b1c1d1e1f,2026-09-22T09:22:52Z
final-20260922T090744Z,8,23,20260922,65536,256,16,nullhash,16081509,3412948,4075239.4566952637,47117078,000102030405060708090a0b0c0d0e0f101112131415161718191a1b1c1d1e1f,2026-09-22T09:22:52Z
final-20260922T090744Z,8,24,20260922,1048576,256,8,blake2s,1222252008,196198978,857904.9108831573,4042783443,064973adad4ee5f520a97590997979971876f0d2908931e812c811e8a477c37b,2026-09-22T09:22:52Z
final-20260922T090744Z,8,25,20260922,1048576,256,4,nullhash,347186129,142889792,3020212.8265325944,720250367,000102030405060708090a0b0c0d0e0f101112131415161718191a1b1c1d1e1f,2026-09-22T09:22:56Z
final-20260922T090744Z,8,26,20260922,4096,256,8,nullhash,1350824,390994,3032223.29481857,17223261,000102030405060708090a0b0c0d0e0f101112131415161718191a1b1c1d1e1f,2026-09-22T09:22:57Z
final-20260922T090744Z,8,27,20260922,262144,256,16,sha3_256,325685269,39462496,804899.7758016498,1311144634,27f7c0d2b0ff7977d3da8279573dc66d1d971e761dbb840af56e5b5abcb7dde8,2026-09-22T09:22:57Z
final-20260922T090744Z,8,28,20260922,4096,256,16,sha3_256,5443822,749532,752412.5513288274,326608298,a4209cd3ce27c1cda8e39a6dbb59980104429c8edf38c63e6a7a81dc6bff8b24,2026-09-22T09:22:58Z
final-20260922T090744Z,8,29,20260922,1048576,256,8,sha3_256,1372896791,223669882,763768.993324131,4524190941,cb15ce8d6f849eba3ba927622df1e38654715237f1da3204afec0eb577910fd2,2026-09-22T09:22:58Z
final-20260922T090744Z,8,30,20260922,4096,256,8,sha3_256,6204315,1169220,660185.6933440678,337475432,4b5c1c5d7d2b27763e9d21ad1afed5c2805a8193dff148f0aad6c6e62b6499ee,2026-09-22T09:23:03Z
final-20260922T090744Z,8,31,20260922,65536,256,3,sha3_256,107659357,37172199,608734.8264582334,656625410,7d32f04c6f66559574a32d7bcc4dfd43a6faf756f577b8f735577ce325964f99,2026-09-22T09:23:03Z
final-20260922T090744Z,8,32,20260922,1048576,256,4,sha256,943860596,291354095,1110943.7182183203,3245143187,fd9adf45ef158eee0499ded190ee0634d449b8ed8ed5f390b4bd2c25b331844d,2026-09-22T09:23:04Z
final-20260922T090744Z,8,33,20260922,16384,256,8,sha3_256,21517974,4286734,761409.9728905705,385316644,96fea16fc4e4d9970a9163349be86aef94c806c1e54aec88fefed6958f9edbbc,2026-09-22T09:23:07Z
final-20260922T090744Z,8,34,20260922,65536,256,2,sha3_256,142202279,69678783,460864.6251021055,646602814,d63ffda16b17575b170fcbb398dbd05ec0b9f8a00a9493bb0f6e8bb2d1778f5f,2026-09-22T09:23:08Z
final-20260922T090744Z,8,35,20260922,262144,256,3,blake2s,364706283,115850829,718781.1458680024,1442894746,aca78fa27076d3b3dc710ee06a48fd26d2db5a51e0f20d70e12a74bcecf9af54,2026-09-22T09:23:08Z
final-20260922T090744Z,8,36,20260922,65536,256,8,blake2s,76644482,13041648,855064.8173210956,557087658,06e8251f9da62cea200f393248fd12e1006d0926d3363048df11e27f5b40be6d,2026-09-22T09:23:10Z
final-20260922T090744Z,8,37,20260922,262144,256,2,nullhash,145921765,96987905,1796469.4985700042,311083930,000102030405060708090a0b0c0d0e0f101112131415161718191a1b1c1d1e1f,2026-09-22T09:23:10Z
final-20260922T090744Z,8,38,20260922,262144,256,3,sha3_256,429687619,143786742,610080.4128591846,1644109584,b9e9546fceffff316882cfe06388969f8d2b1e7005f5652c9193e782b601ca89,2026-09-22T09:23:10Z
final-20260922T090744Z,8,39,20260922,16384,256,4,nullhash,5907153,2756696,2773586.5314475517,28202366,000102030405060708090a0b0c0d0e0f101112131415161718191a1b1c1d1e1f,2026-09-22T09:23:12Z
final-20260922T090744Z,8,40,20260922,262144,256,4,sha256,235176761,73267232,1114667.9582001725,1031864252,56ec6e66ef5807a118558efc4a7cd511c1d7757c4b8d8a3dd33e39c5f45fd60c,2026-09-22T09:23:12Z
final-20260922T090744Z,8,41,20260922,4096,256,2,sha256,5583595,3305739,733577.5606934242,328826053,21f5e721e8d3841fe8120999a88ece52e438cce0db6a78c8f9db76f8365ccdd3,2026-09-22T09:23:13Z
final-20260922T090744Z,8,42,20260922,1048576,256,16,blake2s,1171816924,143674775,894829.1994458343,3881005116,4eb3d1779b2e11941769961e4222a6f78a1837242058b17be7978d14cb2b7c80,2026-09-22T09:23:14Z
final-20260922T090744Z,8,43,20260922,16384,256,2,nullhash,9139196,6728303,1792717.8714626536,33920371,000102030405060708090a0b0c0d0e0f101112131415161718191a1b1c1d1e1f,2026-09-22T09:23:17Z
final-20260922T090744Z,8,44,20260922,262144,256,3,sha256,264828843,99869392,989861.9690756268,1131304504,b2c4c8f4e14b843f84f4adb34fee56a737067ec23d123ac06a11c1efed07ba15,2026-09-22T09:23:17Z
final-20260922T090744Z,8,45,20260922,1048576,256,4,sha3_256,1537927140,392555236,681811.2332681768,4981685378,4162dd925fdbdda96c8d77b0013cc6c8217c1e0e54d4215dacd09de27dcda9a9,2026-09-22T09:23:19Z
final-20260922T090744Z,8,46,20260922,16384,256,16,sha256,12136501,2064064,1349977.2298457357,358273533,82155b7ef0c2ae48c915c324bc8f159897ff184f24c5875a1f8eb08011fb4e1d,2026-09-22T09:23:24Z
final-20260922T090744Z,8,47,20260922,65536,256,16,sha3_256,82146419,10960528,797794.9714399602,568853473,7c67c473bb32a89d122340bdf74f49f4c2a22d0253192dc8ebdc659711017198,2026-09-22T09:23:24Z
final-20260922T090744Z,8,48,20260922,262144,256,8,sha3_256,345617948,66546529,758479.1285202585,1372454655,86f629536e38e29d21acb6ba75134abbe666399b65bd632a228cdc086541fd78,2026-09-22T09:23:24Z
final-20260922T090744Z,8,49,20260922,4096,256,16,nullhash,1241761,274328,3298541.345717896,17861106,000102030405060708090a0b0c0d0e0f101112131415161718191a1b1c1d1e1f,2026-09-22T09:23:26Z
final-20260922T090744Z,8,50,20260922,65536,256,8,sha256,50261903,9902384,1303890.1451861064,467434574,f24c516f1a67f2e369332f9d3f85c72fc23aa0210d12dc453d2bebbbc85571d5,2026-09-22T09:23:26Z
final-20260922T090744Z,8,51,20260922,4096,256,3,nullhash,1859771,1025821,2202421.696004508,18368410,000102030405060708090a0b0c0d0e0f101112131415161718191a1b1c1d1e1f,2026-09-22T09:23:26Z
final-20260922T090744Z,8,52,20260922,16384,256,8,nullhash,4647557,1430290,3525292.9657452293,23310569,000102030405060708090a0b0c0d0e0f101112131415161718191a1b1c1d1e1f,2026-09-22T09:23:26Z
final-20260922T090744Z,8,53,20260922,1048576,256,3,nullhash,405492028,195054474,2585934.932363208,823911882,000102030405060708090a0b0c0d0e0f101112131415161718191a1b1c1d1e1f,2026-09-22T09:23:26Z
final-20260922T090744Z,8,54,20260922,262144,256,16,sha256,188401048,24520042,1391414.7653785876,898381100,8f09c92e01d5dc13b6a51118211630318ef632d26218ac7acc81bcf8d2969877,2026-09-22T09:23:27Z
final-20260922T090744Z,8,55,20260922,4096,256,16,sha256,3508546,483981,1167435.1711506704,304782694,d56452f62051ecf4810e2c233ff01d6f2d4d7df3b23a676a0ff1a95afe6b84c8,2026-09-22T09:23:28Z
final-20260922T090744Z,8,56,20260922,1048576,256,3,sha3_256,1716868892,567047181,610749.0239272156,5389711788,cbe999d04f925a4e957334cf674ecf2f0a32194f7b4e7b28da44a44614b05f58,2026-09-22T09:23:28Z
final-20260922T090744Z,8,57,20260922,65536,256,8,sha3_256,85936750,14706376,762607.3827553403,580543720,cf348da5b068b7af7798fefbe43e81f68a37ace420b9026269ad07663ff98f1d,2026-09-22T09:23:34Z
final-20260922T090744Z,8,58,20260922,1048576,256,2,blake2s,1877296997,847118025,558556.2655646224,5978419483,f594faa8e2cc7eb767b86bdc847beb5e18279a2855164e04d6e76e2320a61b63,2026-09-22T09:23:34Z
final-20260922T090744Z,8,59,20260922,16384,256,2,sha3_256,34253412,17446935,478317.31332341436,341049548,2beec76ed79e48fe95d6d42bea0689837f52f1957f6a583504095165cc8d1238,2026-09-22T09:23:40Z
final-20260922T090744Z,8,60,20260922,1048576,256,16,sha256,748985804,94570836,1399994.4917514084,2620860813,204a0ba5a3435eb2eda994b98b6870442595c0ed813a7bed842dc70354353fc2,2026-09-22T09:23:41Z
final-20260922T090744Z,8,61,20260922,262144,256,8,nullhash,69731416,20385996,3759338.5454842905,161357636,000102030405060708090a0b0c0d0e0f101112131415161718191a1b1c1d1e1f,2026-09-22T09:23:43Z
final-20260922T090744Z,8,62,20260922,4096,256,3,sha256,4460432,2059210,918296.70309961,304958938,88f8b7ddbf126d99ba35d4ca5dbe2d3e7f48b7357189f8cdef56204f6b145a4d,2026-09-22T09:23:43Z
final-20260922T090744Z,8,63,20260922,1048576,256,2,sha256,1434675390,766799691,730880.3143267133,4713498165,f36df66f9ac61c8c5db4a352461181bf7cc01ea8793cbc773f1d3e80755388d9,2026-09-22T09:23:44Z
final-20260922T090744Z,8,64,20260922,65536,256,2,sha256,91817506,50380768,713763.6694248698,484764580,1aff050731f4ff3b64610d2bf99b4c2d38878776411f089ea1c78251fc9ea3c8,2026-09-22T09:23:48Z
final-20260922T090744Z,8,65,20260922,1048576,256,16,nullhash,252516504,48986600,4152504.820041387,518081231,000102030405060708090a0b0c0d0e0f101112131415161718191a1b1c1d1e1f,2026-09-22T09:23:49Z
final-20260922T090744Z,8,66,20260922,262144,256,4,sha3_256,383026561,96477100,684401.6229986724,1491022507,95331f82e68d735cdd3d5ba2066f5bf023e72935b3c1a32f61e1d22918a03097,2026-09-22T09:23:49Z
final-20260922T090744Z,8,67,20260922,65536,256,4,sha256,58586477,18685301,1118619.916333252,496274807,422a75a177e15a33c77aba30f99d4cc86a4907115b73caaa66ae5486f1f6fa28,2026-09-22T09:23:51Z
final-20260922T090744Z,8,68,20260922,1048576,256,3,sha256,1054588706,407533628,994298.5298763477,3439012768,5f1024e2eaeece60bda47502efe68cd55b1cf12c77924d95cea59a223d140912,2026-09-22T09:23:51Z
final-20260922T090744Z,8,69,20260922,262144,256,2,sha256,356996495,191721911,734304.128111958,1293395425,740342ae28863cbe589c2a4e9d636be7cff4b142a0b87c6ede0fcf7cae92afdd,2026-09-22T09:23:55Z
final-20260922T090744Z,8,70,20260922,1048576,256,2,sha3_256,2248675798,1107207481,466308.21612106846,7160538361,e6adb21e7b3e55d53244e4385ff319132398e573acbb3ee727b54dba3adcadf0,2026-09-22T09:23:56Z
final-20260922T090744Z,8,71,20260922,4096,256,4,sha3_256,6202812,1874244,660345.662580133,334379976,d2582b5797cb45c3e51b7d1789033e0d7ba602885fba67182ecf11d7ab4107ea,2026-09-22T09:24:03Z
final-20260922T090744Z,8,72,20260922,65536,256,2,nullhash,36682233,23641713,1786586.9834042,87818393,000102030405060708090a0b0c0d0e0f101112131415161718191a1b1c1d1e1f,2026-09-22T09:24:04Z
final-20260922T090744Z,8,73,20260922,262144,256,8,sha256,201118218,38462222,1303432.3921863707,929189840,298ecf21d5d46c2ffbf7dc0ee7b10355db667625bb517cce25e9e0ce5fc9b28c,2026-09-22T09:24:04Z
final-20260922T090744Z,8,74,20260922,262144,256,3,nullhash,100644049,50458076,2604664.6831547883,219082354,000102030405060708090a0b0c0d0e0f101112131415161718191a1b1c1d1e1f,2026-09-22T09:24:05Z
final-20260922T090744Z,8,75,20260922,16384,256,16,blake2s,18156692,2602350,902367.0170755775,370112744,bcc59923e0515b49362980c1bad2fbf21f74480c7a61a9bce386e7eb0669b5a0,2026-09-22T09:24:05Z
final-20260922T090744Z,8,76,20260922,4096,256,8,blake2s,5086673,1114392,805241.4613638424,337979313,261a6fbe71efbd0b300eee814d7271ca6843873ea0aab188d5509a74694f8191,2026-09-22T09:24:05Z
final-20260922T090744Z,8,77,20260922,1048576,256,16,sha3_256,1314420954,157585324,797747.4771754133,4330052922,a32f0be7cad150453b4d59e7a089c1840eccb4c457b26cc0f3e36f4e99960f80,2026-09-22T09:24:06Z
final-20260922T090744Z,8,78,20260922,262144,256,4,nullhash,86864279,35882589,3017857.3173905006,190016609,000102030405060708090a0b0c0d0e0f101112131415161718191a1b1c1d1e1f,2026-09-22T09:24:10Z
final-20260922T090744Z,8,79,20260922,4096,256,2,nullhash,2563007,1803212,1598122.829941549,20215591,000102030405060708090a0b0c0d0e0f101112131415161718191a1b1c1d1e1f,2026-09-22T09:24:10Z
final-20260922T090744Z,8,80,20260922,16384,256,4,sha3_256,23876248,6511423,686204.968217787,380940759,b0ecec4470595a75a59c4ebede216b891e0f4638b6c4b9fa5fb44c91786b36f3,2026-09-22T09:24:10Z
final-20260922T090744Z,8,81,20260922,262144,256,16,nullhash,63623608,12698861,4120231.597051208,141759068,000102030405060708090a0b0c0d0e0f101112131415161718191a1b1c1d1e1f,2026-09-22T09:24:11Z
final-20260922T090744Z,8,82,20260922,65536,256,3,nullhash,25667926,13430409,2553225.3755133934,67601703,000102030405060708090a0b0c0d0e0f101112131415161718191a1b1c1d1e1f,2026-09-22T09:24:11Z
final-20260922T090744Z,8,83,20260922,65536,256,2,blake2s,116967749,53882135,560291.1961655346,563935672,ec4932e7be03121bee1885efa61847571b1a6669b2d168c3dfad4d38b23b8281,2026-09-22T09:24:11Z
final-20260922T090744Z,8,84,20260922,262144,256,8,blake2s,305812951,49297101,857203.7225460736,1241148518,7acd79da2980b4227f52ee5da9f776a332b6f275bd56e708b22bba34ddbed3fb,2026-09-22T09:24:11Z
final-20260922T090744Z,8,85,20260922,16384,256,3,sha256,15808132,6685167,1036428.5925750114,355376989,25f7a45ae60aa17f3ac9f90472fb1acd186b36b923025c2e2af9df12959b3f55,2026-09-22T09:24:13Z
final-20260922T090744Z,8,86,20260922,16384,256,2,sha256,22005051,12920469,744556.3293627449,334240425,c8d1ab11c0ff45f9c649aad5c41d26e2e3051847df67524d2819349b51d7a8ac,2026-09-22T09:24:13Z
final-20260922T090744Z,8,87,20260922,1048576,256,2,nullhash,580152275,367452257,1807415.1307947556,1170255568,000102030405060708090a0b0c0d0e0f101112131415161718191a1b1c1d1e1f,2026-09-22T09:24:13Z
final-20260922T090744Z,8,88,20260922,262144,256,16,blake2s,291829251,35604764,898278.6992795317,1209549567,40ee6220a757588d87c979b3ced12493ff7aca3ea6c9e575e9d5bde4ba8d134d,2026-09-22T09:24:14Z
final-20260922T090744Z,8,89,20260922,16384,256,8,sha256,12389865,2787001,1322371.1477082276,339009660,75a5f07ec202b2e8bf782757d3b8b57e2ef664456b6ff32e89937102051b768e,2026-09-22T09:24:16Z
final-20260922T090744Z,8,90,20260922,16384,256,4,blake2s,21304256,6092112,769048.212713929,381487753,6087b5a4baea72947053fcb075846bbcd71cf2904a4d62ee537e880b0cfc86a3,2026-09-22T09:24:16Z
final-20260922T090744Z,8,91,20260922,1048576,256,8,sha256,810467157,151767340,1293792.093786226,2801255578,11008073f56d19ef25b5779d26d6b8c3a41343955c30b797d2d76220403ed313,2026-09-22T09:24:16Z
final-20260922T090744Z,8,92,20260922,4096,256,16,blake2s,5106932,704873,802047.0999026422,298710143,1b2fa096f7049a0a159b9b46fda47097e7663672789ee28071fba47212909811,2026-09-22T09:24:19Z
final-20260922T090744Z,8,93,20260922,16384,256,8,blake2s,18940308,3495724,865033.4514095547,373316869,cec3e3da0c45a69e2d8930eb6caa89836e766da17b58deab553da9c9a09b05c3,2026-09-22T09:24:19Z
final-20260922T090744Z,8,94,20260922,262144,256,4,blake2s,340395071,85766626,770116.9092427898,1361141529,f4a1a95e118ebba8edf32cb295de15d8a0f75df7a60fcfc955c71ce667349a4f,2026-09-22T09:24:20Z
final-20260922T090744Z,8,95,20260922,4096,256,8,sha256,3430551,732385,1193977.294026528,290371130,9e1e0cb13be2d3c60ccf5b55958f95bda3778dcbea9720c96d182a7902d8a513,2026-09-22T09:24:21Z
final-20260922T090744Z,8,96,20260922,1048576,256,4,blake2s,1361694884,338085936,770052.0963402548,4477671620,672c0d052350b2500d588f38e8362b342d03e1eee42964c1fc91c2e643b93d2c,2026-09-22T09:24:22Z
final-20260922T090744Z,8,97,20260922,16384,256,16,nullhash,4439388,959807,3690598.7942482163,23922339,000102030405060708090a0b0c0d0e0f101112131415161718191a1b1c1d1e1f,2026-09-22T09:24:26Z
final-20260922T090744Z,8,98,20260922,16384,256,3,blake2s,22478992,7486810,728858.3046784304,380149751,b30f84204a994a3c7311c54dc9e54bacefddcc74fd1f41171768c004e671ab8b,2026-09-22T09:24:26Z
final-20260922T090744Z,8,99,20260922,65536,256,16,blake2s,72980645,9510253,897991.5154216574,542753468,c10b0a1440fcbc0f50de063b71fc9cbdac0bc057ea1482b66c9d217c60bee988,2026-09-22T09:24:26Z
final-20260922T090744Z,9,0,20260922,65536,256,4,nullhash,21782508,9712337,3008652.6308173514,60404064,000102030405060708090a0b0c0d0e0f101112131415161718191a1b1c1d1e1f,2026-09-22T09:24:27Z
final-20260922T090744Z,9,1,20260922,1048576,256,3,nullhash,406234295,204284844,2581209.9394513206,831172881,000102030405060708090a0b0c0d0e0f101112131415161718191a1b1c1d1e1f,2026-09-22T09:24:27Z
final-20260922T090744Z,9,2,20260922,1048576,256,8,sha3_256,1373253087,226010283,763570.8304073159,4514647434,cb15ce8d6f849eba3ba927622df1e38654715237f1da3204afec0eb577910fd2,2026-09-22T09:24:28Z
final-20260922T090744Z,9,3,20260922,1048576,256,2,blake2s,1866286197,835578019,561851.6611683433,5985210500,f594faa8e2cc7eb767b86bdc847beb5e18279a2855164e04d6e76e2320a61b63,2026-09-22T09:24:32Z
final-20260922T090744Z,9,4,20260922,65536,256,3,nullhash,25252675,13209477,2595210.2104034526,66589812,000102030405060708090a0b0c0d0e0f101112131415161718191a1b1c1d1e1f,2026-09-22T09:24:38Z
final-20260922T090744Z,9,5,20260922,262144,256,8,sha256,202349457,38782801,1295501.376116863,927497305,298ecf21d5d46c2ffbf7dc0ee7b10355db667625bb517cce25e9e0ce5fc9b28c,2026-09-22T09:24:38Z
final-20260922T090744Z,9,6,20260922,4096,256,8,nullhash,1338629,406600,3059847.0524693546,17476451,000102030405060708090a0b0c0d0e0f101112131415161718191a1b1c1d1e1f,2026-09-22T09:24:39Z
final-20260922T090744Z,9,7,20260922,262144,256,16,sha3_256,326631746,39683076,802567.4271110194,1318573625,27f7c0d2b0ff7977d3da8279573dc66d1d971e761dbb840af56e5b5abcb7dde8,2026-09-22T09:24:39Z
final-20260922T090744Z,9,8,20260922,1048576,256,3,sha3_256,1714165225,566691842,611712.3277891722,5405003356,cbe999d04f925a4e957334cf674ecf2f0a32194f7b4e7b28da44a44614b05f58,2026-09-22T09:24:41Z
final-20260922T090744Z,9,9,20260922,262144,256,2,sha256,357057261,191976966,734179.1601319654,1290774988,740342ae28863cbe589c2a4e9d636be7cff4b142a0b87c6ede0fcf7cae92afdd,2026-09-22T09:24:46Z
final-20260922T090744Z,9,10,20260922,262144,256,16,sha256,187796689,24260853,1395892.5548469068,886648655,8f09c92e01d5dc13b6a51118211630318ef632d26218ac7acc81bcf8d2969877,2026-09-22T09:24:47Z
final-20260922T090744Z,9,11,20260922,65536,256,8,sha256,49935733,10213125,1312406.8890707982,473338699,f24c516f1a67f2e369332f9d3f85c72fc23aa0210d12dc453d2bebbbc85571d5,2026-09-22T09:24:48Z
final-20260922T090744Z,9,12,20260922,262144,256,2,blake2s,467023191,209814287,561308.314130379,1620305934,eed051985d2c920d928e8e3c4fc4f9c2020a4d16feb67ed8288fb50e74feee62,2026-09-22T09:24:49Z
final-20260922T090744Z,9,13,20260922,16384,256,4,nullhash,5697359,2756743,2875718.3810955216,26842385,000102030405060708090a0b0c0d0e0f101112131415161718191a1b1c1d1e1f,2026-09-22T09:24:50Z
final-20260922T090744Z,9,14,20260922,262144,256,16,nullhash,63177293,12529045,4149338.9088386553,142624035,000102030405060708090a0b0c0d0e0f101112131415161718191a1b1c1d1e1f,2026-09-22T09:24:50Z
final-20260922T090744Z,9,15,20260922,262144,256,3,sha3_256,426371330,140238568,614825.5793840548,1627019745,b9e9546fceffff316882cfe06388969f8d2b1e7005f5652c9193e782b601ca89,2026-09-22T09:24:50Z
final-20260922T090744Z,9,16,20260922,1048576,256,4,sha256,945011186,289144623,1109591.0985333035,3183245176,fd9adf45ef158eee0499ded190ee0634d449b8ed8ed5f390b4bd2c25b331844d,2026-09-22T09:24:52Z
final-20260922T090744Z,9,17,20260922,4096,256,3,nullhash,1893936,1027970,2162691.875543841,19892141,000102030405060708090a0b0c0d0e0f101112131415161718191a1b1c1d1e1f,2026-09-22T09:24:55Z
final-20260922T090744Z,9,18,20260922,262144,256,8,nullhash,69360586,19702506,3779437.5035989457,157217613,000102030405060708090a0b0c0d0e0f101112131415161718191a1b1c1d1e1f,2026-09-22T09:24:55Z
final-20260922T090744Z,9,19,20260922,262144,256,4,nullhash,86535445,34884866,3029325.1510984893,189285846,000102030405060708090a0b0c0d0e0f101112131415161718191a1b1c1d1e1f,2026-09-22T09:24:55Z
final-20260922T090744Z,9,20,20260922,1048576,256,16,blake2s,1166178144,140277495,899155.9354760124,3864632956,4eb3d1779b2e11941769961e4222a6f78a1837242058b17be7978d14cb2b7c80,2026-09-22T09:24:56Z
final-20260922T090744Z,9,21,20260922,4096,256,16,blake2s,5031951,724360,813998.3875041709,323214484,1b2fa096f7049a0a159b9b46fda47097e7663672789ee28071fba47212909811,2026-09-22T09:25:00Z
final-20260922T090744Z,9,22,20260922,65536,256,16,nullhash,15806747,3494700,4146077.621157598,47447928,000102030405060708090a0b0c0d0e0f101112131415161718191a1b1c1d1e1f,2026-09-22T09:25:00Z
final-20260922T090744Z,9,23,20260922,1048576,256,4,sha3_256,1540074799,387859795,680860.4365715616,5018860983,4162dd925fdbdda96c8d77b0013cc6c8217c1e0e54d4215dacd09de27dcda9a9,2026-09-22T09:25:00Z
final-20260922T090744Z,9,24,20260922,4096,256,2,blake2s,7389114,3971083,554328.9763833662,355158987,3449bec8a5b5300693d94f96bfbdfc86713fc3ed0313558846ef24bbb6931132,2026-09-22T09:25:05Z
final-20260922T090744Z,9,25,20260922,4096,256,3,sha3_256,6773679,2591385,604693.5498419692,340767166,b03b52887e17e7bb261949f75fab810eaa3b0abe93247fb386ffb81e38b56185,2026-09-22T09:25:05Z
final-20260922T090744Z,9,26,20260922,262144,256,16,blake2s,302710299,35905927,865989.696637312,1229174825,40ee6220a757588d87c979b3ced12493ff7aca3ea6c9e575e9d5bde4ba8d134d,2026-09-22T09:25:06Z
final-20260922T090744Z,9,27,20260922,262144,256,3,nullhash,102118010,49802067,2567069.217271273,219577723,000102030405060708090a0b0c0d0e0f101112131415161718191a1b1c1d1e1f,2026-09-22T09:25:07Z
final-20260922T090744Z,9,28,20260922,65536,256,2,nullhash,36824766,24587510,1779671.8653962389,88899019,000102030405060708090a0b0c0d0e0f101112131415161718191a1b1c1d1e1f,2026-09-22T09:25:07Z
final-20260922T090744Z,9,29,20260922,16384,256,3,sha3_256,26522769,9490138,617733.3897527818,396573028,b1fcafc1efd7c2e83a0277ea77e40ffbf1804373ebc9b047f0846bf0895a5176,2026-09-22T09:25:07Z
final-20260922T090744Z,9,30,20260922,16384,256,3,blake2s,22497488,7347790,728259.0838586068,380964594,b30f84204a994a3c7311c54dc9e54bacefddcc74fd1f41171768c004e671ab8b,2026-09-22T09:25:08Z
final-20260922T090744Z,9,31,20260922,4096,256,3,blake2s,6163860,2287932,664518.6620072487,342775575,dd77f8d25572690c16f541fce5e0004633e7df9bb8cefd990c6740216c926dc2,2026-09-22T09:25:08Z
final-20260922T090744Z,9,32,20260922,262144,256,4,sha3_256,387037130,100696811,677309.693775375,1503908972,95331f82e68d735cdd3d5ba2066f5bf023e72935b3c1a32f61e1d22918a03097,2026-09-22T09:25:08Z
final-20260922T090744Z,9,33,20260922,16384,256,3,nullhash,6681156,3868339,2452270.2358693616,29911577,000102030405060708090a0b0c0d0e0f101112131415161718191a1b1c1d1e1f,2026-09-22T09:25:10Z
final-20260922T090744Z,9,34,20260922,65536,256,16,blake2s,76425136,9710817,857518.9189064708,539450161,c10b0a1440fcbc0f50de063b71fc9cbdac0bc057ea1482b66c9d217c60bee988,2026-09-22T09:25:10Z
final-20260922T090744Z,9,35,20260922,262144,256,4,blake2s,340880967,85054274,769019.1749544058,1369880914,f4a1a95e118ebba8edf32cb295de15d8a0f75df7a60fcfc955c71ce667349a4f,2026-09-22T09:25:10Z
final-20260922T090744Z,9,36,20260922,16384,256,2,nullhash,9336575,7114571,1754819.0851570303,37889094,000102030405060708090a0b0c0d0e0f101112131415161718191a1b1c1d1e1f,2026-09-22T09:25:12Z
final-20260922T090744Z,9,37,20260922,16384,256,8,nullhash,4951229,1532468,3309077.4028024157,26722559,000102030405060708090a0b0c0d0e0f101112131415161718191a1b1c1d1e1f,2026-09-22T09:25:12Z
final-20260922T090744Z,9,38,20260922,65536,256,2,sha3_256,140214775,69034737,467397.24825718254,643624975,d63ffda16b17575b170fcbb398dbd05ec0b9f8a00a9493bb0f6e8bb2d1778f5f,2026-09-22T09:25:12Z
final-20260922T090744Z,9,39,20260922,1048576,256,4,blake2s,1363039934,341887181,769292.2076925738,4483550582,672c0d052350b2500d588f38e8362b342d03e1eee42964c1fc91c2e643b93d2c,2026-09-22T09:25:12Z
final-20260922T090744Z,9,40,20260922,4096,256,16,sha256,3403180,469740,1203580.1808896386,300815693,d56452f62051ecf4810e2c233ff01d6f2d4d7df3b23a676a0ff1a95afe6b84c8,2026-09-22T09:25:17Z
final-20260922T090744Z,9,41,20260922,16384,256,3,sha256,16653277,6928452,983830.3896584437,395918661,25f7a45ae60aa17f3ac9f90472fb1acd186b36b923025c2e2af9df12959b3f55,2026-09-22T09:25:17Z
final-20260922T090744Z,9,42,20260922,1048576,256,3,sha256,1061482805,407643509,987840.7780708233,3530139575,5f1024e2eaeece60bda47502efe68cd55b1cf12c77924d95cea59a223d140912,2026-09-22T09:25:18Z
final-20260922T090744Z,9,43,20260922,4096,256,2,sha256,13068709,8169135,313420.3998267924,311147002,21f5e721e8d3841fe8120999a88ece52e438cce0db6a78c8f9db76f8365ccdd3,2026-09-22T09:25:21Z
final-20260922T090744Z,9,44,20260922,262144,256,3,blake2s,370753906,108277283,707056.6102141079,1393617563,aca78fa27076d3b3dc710ee06a48fd26d2db5a51e0f20d70e12a74bcecf9af54,2026-09-22T09:25:21Z
final-20260922T090744Z,9,45,20260922,4096,256,8,sha256,3582921,749652,1143201.3153513572,316676437,9e1e0cb13be2d3c60ccf5b55958f95bda3778dcbea9720c96d182a7902d8a513,2026-09-22T09:25:23Z
final-20260922T090744Z,9,46,20260922,65536,256,4,sha3_256,125079710,25352718,523953.88508655794,674815214,6e6c5d411895402f18a616b478c2fbb4db78de4732c2e3edcf176e60b574fe13,2026-09-22T09:25:23Z
final-20260922T090744Z,9,47,20260922,16384,256,16,blake2s,18195519,2765819,900441.4768273442,376422526,bcc59923e0515b49362980c1bad2fbf21f74480c7a61a9bce386e7eb0669b5a0,2026-09-22T09:25:24Z
final-20260922T090744Z,9,48,20260922,262144,256,2,sha3_256,566696361,289175668,462582.8186675086,1975494489,bfe92fc58e742ec32b00df7756ef8482a29ef3b1ea96a58b6f515ae0e4f865b5,2026-09-22T09:25:24Z
final-20260922T090744Z,9,49,20260922,1048576,256,16,sha256,788447003,101932168,1329925.7857664784,2733142867,204a0ba5a3435eb2eda994b98b6870442595c0ed813a7bed842dc70354353fc2,2026-09-22T09:25:26Z
final-20260922T090744Z,9,50,20260922,16384,256,2,blake2s,29962537,14048219,546816.1791506506,348816567,96f4b1f8fcd0e9fa3506a247d3f822166430477ed9250f1772c77d9493b651c6,2026-09-22T09:25:29Z
final-20260922T090744Z,9,51,20260922,262144,256,3,sha256,272729258,111617005,961187.6698612219,1159147234,b2c4c8f4e14b843f84f4adb34fee56a737067ec23d123ac06a11c1efed07ba15,2026-09-22T09:25:29Z
final-20260922T090744Z,9,52,20260922,4096,256,4,sha256,3885957,1322071,1054051.8075727548,276825375,5d6f240ce86b74dc9a3b279da4cf065a81e627fa0b51e0af13b39d29490596bb,2026-09-22T09:25:30Z
final-20260922T090744Z,9,53,20260922,65536,256,3,sha256,65248457,25352790,1004406.8934840866,527105184,6cefb37f530c76678a092e56d1ca964e9d2504b927f8758afae52198f5f5ef47,2026-09-22T09:25:31Z
final-20260922T090744Z,9,54,20260922,1048576,256,3,blake2s,1469379471,453533460,713618.2454532195,4699075667,f62c9ab517538e8259fe5f079856567efdcc43944ff9c37ba8139535ad3eaa38,2026-09-22T09:25:31Z
final-20260922T090744Z,9,55,20260922,16384,256,16,sha256,12032233,1908626,1361675.758772291,345422307,82155b7ef0c2ae48c915c324bc8f159897ff184f24c5875a1f8eb08011fb4e1d,2026-09-22T09:25:36Z
final-20260922T090744Z,9,56,20260922,4096,256,2,nullhash,2623553,1908653,1561241.5682092186,21830438,000102030405060708090a0b0c0d0e0f101112131415161718191a1b1c1d1e1f,2026-09-22T09:25:36Z
final-20260922T090744Z,9,57,20260922,65536,256,4,blake2s,85182834,22857814,769356.8870930028,583706951,15fabb162c58e019b6fed9958bac8ce88ac26a028486dba2585536bb9a79edac,2026-09-22T09:25:36Z
final-20260922T090744Z,9,58,20260922,65536,256,4,sha256,58827511,18721422,1114036.5942050482,490213485,422a75a177e15a33c77aba30f99d4cc86a4907115b73caaa66ae5486f1f6fa28,2026-09-22T09:25:37Z
final-20260922T090744Z,9,59,20260922,4096,256,4,blake2s,5848965,1687555,700294.8384885188,323336551,459ca9af078d1704b0a2d4ff4cfb9ac30914a5fe3331d4b7dce0dab47174393b,2026-09-22T09:25:37Z
final-20260922T090744Z,9,60,20260922,4096,256,8,sha3_256,5869300,1107245,697868.5703576235,331369076,4b5c1c5d7d2b27763e9d21ad1afed5c2805a8193dff148f0aad6c6e62b6499ee,2026-09-22T09:25:38Z
final-20260922T090744Z,9,61,20260922,16384,256,16,nullhash,4589851,1002842,3569614.7870595367,24503004,000102030405060708090a0b0c0d0e0f101112131415161718191a1b1c1d1e1f,2026-09-22T09:25:38Z
final-20260922T090744Z,9,62,20260922,262144,256,8,sha3_256,343864107,56962275,762347.667766325,1368056943,86f629536e38e29d21acb6ba75134abbe666399b65bd632a228cdc086541fd78,2026-09-22T09:25:38Z
final-20260922T090744Z,9,63,20260922,1048576,256,2,sha3_256,2275118946,1109762984,460888.4304020911,7204305289,e6adb21e7b3e55d53244e4385ff319132398e573acbb3ee727b54dba3adcadf0,2026-09-22T09:25:39Z
final-20260922T090744Z,9,64,20260922,65536,256,8,sha3_256,85954904,14984632,762446.3171990745,584009789,cf348da5b068b7af7798fefbe43e81f68a37ace420b9026269ad07663ff98f1d,2026-09-22T09:25:47Z
final-20260922T090744Z,9,65,20260922,1048576,256,8,nullhash,284252448,76951189,3688889.9546082364,577899848,000102030405060708090a0b0c0d0e0f101112131415161718191a1b1c1d1e1f,2026-09-22T09:25:47Z
final-20260922T090744Z,9,66,20260922,1048576,256,16,nullhash,261122101,66561878,4015653.9641200267,553579488,000102030405060708090a0b0c0d0e0f101112131415161718191a1b1c1d1e1f,2026-09-22T09:25:48Z
final-20260922T090744Z,9,67,20260922,262144,256,8,blake2s,312402977,50154129,839121.3250186152,1270633138,7acd79da2980b4227f52ee5da9f776a332b6f275bd56e708b22bba34ddbed3fb,2026-09-22T09:25:48Z
final-20260922T090744Z,9,68,20260922,65536,256,16,sha3_256,81977094,11085106,799442.8297250937,569806011,7c67c473bb32a89d122340bdf74f49f4c2a22d0253192dc8ebdc659711017198,2026-09-22T09:25:50Z
final-20260922T090744Z,9,69,20260922,16384,256,4,blake2s,20748486,6170117,789647.9772066261,380127878,6087b5a4baea72947053fcb075846bbcd71cf2904a4d62ee537e880b0cfc86a3,2026-09-22T09:25:50Z
final-20260922T090744Z,9,70,20260922,16384,256,4,sha256,14666373,5189431,1117113.276745382,347421640,f9302c40648f7da2e6005a6911389669956ec33514d6fd72f0e5a96dfee01348,2026-09-22T09:25:51Z
final-20260922T090744Z,9,71,20260922,4096,256,16,sha3_256,5506889,760243,743795.6348856859,330186571,a4209cd3ce27c1cda8e39a6dbb59980104429c8edf38c63e6a7a81dc6bff8b24,2026-09-22T09:25:51Z
final-20260922T090744Z,9,72,20260922,16384,256,4,sha3_256,23772446,7181425,689201.27108502,406733369,b0ecec4470595a75a59c4ebede216b891e0f4638b6c4b9fa5fb44c91786b36f3,2026-09-22T09:25:51Z
final-20260922T090744Z,9,73,20260922,4096,256,4,nullhash,1741857,730883,2351513.356148065,19405922,000102030405060708090a0b0c0d0e0f101112131415161718191a1b1c1d1e1f,2026-09-22T09:25:52Z
final-20260922T090744Z,9,74,20260922,65536,256,3,blake2s,91963001,28738009,712634.4213147198,606686299,0e8d867d450bca93825c83b1849db6904a56a3bfea02cea26a002336d48a31de,2026-09-22T09:25:52Z
final-20260922T090744Z,9,75,20260922,1048576,256,16,sha3_256,1320373106,156265051,794151.2859017594,4307134882,a32f0be7cad150453b4d59e7a089c1840eccb4c457b26cc0f3e36f4e99960f80,2026-09-22T09:25:52Z
final-20260922T090744Z,9,76,20260922,262144,256,2,nullhash,145267250,96086288,1804563.6576723247,306231773,000102030405060708090a0b0c0d0e0f101112131415161718191a1b1c1d1e1f,2026-09-22T09:25:57Z
final-20260922T090744Z,9,77,20260922,65536,256,3,sha3_256,106818832,35956644,613524.7762304684,645723684,7d32f04c6f66559574a32d7bcc4dfd43a6faf756f577b8f735577ce325964f99,2026-09-22T09:25:57Z
final-20260922T090744Z,9,78,20260922,1048576,256,8,sha256,805890713,150248801,1301139.2029777616,2832795056,11008073f56d19ef25b5779d26d6b8c3a41343955c30b797d2d76220403ed313,2026-09-22T09:25:58Z
final-20260922T090744Z,9,79,20260922,16384,256,2,sha256,22720199,15061437,721120.4444116005,322353550,c8d1ab11c0ff45f9c649aad5c41d26e2e3051847df67524d2819349b51d7a8ac,2026-09-22T09:26:00Z
final-20260922T090744Z,9,80,20260922,1048576,256,8,blake2s,1225656885,198818104,855521.6495193922,4095395562,064973adad4ee5f520a97590997979971876f0d2908931e812c811e8a477c37b,2026-09-22T09:26:01Z
final-20260922T090744Z,9,81,20260922,4096,256,4,sha3_256,6437551,2173088,636266.8039445436,370391709,d2582b5797cb45c3e51b7d1789033e0d7ba602885fba67182ecf11d7ab4107ea,2026-09-22T09:26:05Z
final-20260922T090744Z,9,82,20260922,4096,256,8,blake2s,5252914,1407962,779757.673550338,277338374,261a6fbe71efbd0b300eee814d7271ca6843873ea0aab188d5509a74694f8191,2026-09-22T09:26:05Z
final-20260922T090744Z,9,83,20260922,4096,256,3,sha256,4488861,2037037,912480.9166512395,302137843,88f8b7ddbf126d99ba35d4ca5dbe2d3e7f48b7357189f8cdef56204f6b145a4d,2026-09-22T09:26:05Z
final-20260922T090744Z,9,84,20260922,4096,256,2,sha3_256,8804716,5157061,465205.23773850285,379235281,ee3342c752978bfd893fcf3722d3551fb022d0b599dfa4d47c5727cc53e3720f,2026-09-22T09:26:06Z
final-20260922T090744Z,9,85,20260922,65536,256,2,sha256,89753320,51632669,730179.1176081286,488976833,1aff050731f4ff3b64610d2bf99b4c2d38878776411f089ea1c78251fc9ea3c8,2026-09-22T09:26:06Z
final-20260922T090744Z,9,86,20260922,1048576,256,2,sha256,1483159945,782311697,706987.8090592583,4808139810,f36df66f9ac61c8c5db4a352461181bf7cc01ea8793cbc773f1d3e80755388d9,2026-09-22T09:26:07Z
final-20260922T090744Z,9,87,20260922,65536,256,8,blake2s,77205127,13493957,848855.5429744971,538508513,06e8251f9da62cea200f393248fd12e1006d0926d3363048df11e27f5b40be6d,2026-09-22T09:26:11Z
final-20260922T090744Z,9,88,20260922,16384,256,8,sha3_256,21099999,4315873,776492.9277958733,396055057,96fea16fc4e4d9970a9163349be86aef94c806c1e54aec88fefed6958f9edbbc,2026-09-22T09:26:12Z
final-20260922T090744Z,9,89,20260922,4096,256,16,nullhash,1315408,282126,3113862.771094596,19811971,000102030405060708090a0b0c0d0e0f101112131415161718191a1b1c1d1e1f,2026-09-22T09:26:12Z
final-20260922T090744Z,9,90,20260922,262144,256,4,sha256,239171536,104723648,1096050.1587446427,1068672961,56ec6e66ef5807a118558efc4a7cd511c1d7757c4b8d8a3dd33e39c5f45fd60c,2026-09-22T09:26:12Z
final-20260922T090744Z,9,91,20260922,16384,256,16,sha3_256,20286750,3043350,807620.7376736047,380429636,af59672f489342e08480fa9448fa4bde1dd1d203e62322dcc439feec4caa3fe9,2026-09-22T09:26:13Z
final-20260922T090744Z,9,92,20260922,16384,256,2,sha3_256,34643870,18235767,472926.379183388,360079152,2beec76ed79e48fe95d6d42bea0689837f52f1957f6a583504095165cc8d1238,2026-09-22T09:26:14Z
final-20260922T090744Z,9,93,20260922,65536,256,16,sha256,46750399,6683038,1401827.6079312179,475953966,63915f25f1917098dc348cc0fb3e1be5ff5801743a711c4c5d2a15a33dfa40bd,2026-09-22T09:26:14Z
final-20260922T090744Z,9,94,20260922,16384,256,8,blake2s,21996350,4596581,744850.8502547013,330870913,cec3e3da0c45a69e2d8930eb6caa89836e766da17b58deab553da9c9a09b05c3,2026-09-22T09:26:15Z
final-20260922T090744Z,9,95,20260922,16384,256,8,sha256,12785787,3124091,1281422.87995256,348289229,75a5f07ec202b2e8bf782757d3b8b57e2ef664456b6ff32e89937102051b768e,2026-09-22T09:26:15Z
final-20260922T090744Z,9,96,20260922,1048576,256,4,nullhash,348170826,140155027,3011671.0582752847,728109081,000102030405060708090a0b0c0d0e0f101112131415161718191a1b1c1d1e1f,2026-09-22T09:26:15Z
final-20260922T090744Z,9,97,20260922,65536,256,2,blake2s,116321850,54172604,563402.3186529444,582948167,ec4932e7be03121bee1885efa61847571b1a6669b2d168c3dfad4d38b23b8281,2026-09-22T09:26:16Z
final-20260922T090744Z,9,98,20260922,1048576,256,2,nullhash,595716632,374891969,1760192.587673127,1204032965,000102030405060708090a0b0c0d0e0f101112131415161718191a1b1c1d1e1f,2026-09-22T09:26:17Z
final-20260922T090744Z,9,99,20260922,65536,256,8,nullhash,17626174,5603089,3718106.9470890276,51977486,000102030405060708090a0b0c0d0e0f101112131415161718191a1b1c1d1e1f,2026-09-22T09:26:18Z
final-20260922T090744Z,10,0,20260922,65536,256,8,nullhash,18422654,5463536,3557359.3251004987,52541453,000102030405060708090a0b0c0d0e0f101112131415161718191a1b1c1d1e1f,2026-09-22T09:26:18Z
final-20260922T090744Z,10,1,20260922,65536,256,4,nullhash,21790709,9385623,3007520.3151948843,59470962,000102030405060708090a0b0c0d0e0f101112131415161718191a1b1c1d1e1f,2026-09-22T09:26:18Z
final-20260922T090744Z,10,2,20260922,16384,256,8,sha3_256,21252869,4006053,770907.6830991618,371110234,96fea16fc4e4d9970a9163349be86aef94c806c1e54aec88fefed6958f9edbbc,2026-09-22T09:26:18Z
final-20260922T090744Z,10,3,20260922,4096,256,3,sha256,4290276,1803094,954717.132417588,322978621,88f8b7ddbf126d99ba35d4ca5dbe2d3e7f48b7357189f8cdef56204f6b145a4d,2026-09-22T09:26:18Z
final-20260922T090744Z,10,4,20260922,262144,256,16,nullhash,62699280,13212999,4180973.0510462006,143448808,000102030405060708090a0b0c0d0e0f101112131415161718191a1b1c1d1e1f,2026-09-22T09:26:19Z
final-20260922T090744Z,10,5,20260922,1048576,256,8,sha256,806293853,151876488,1300488.6445537617,2823833297,11008073f56d19ef25b5779d26d6b8c3a41343955c30b797d2d76220403ed313,2026-09-22T09:26:19Z
final-20260922T090744Z,10,6,20260922,65536,256,3,blake2s,96060603,28925715,682235.9838819667,622484708,0e8d867d450bca93825c83b1849db6904a56a3bfea02cea26a002336d48a31de,2026-09-22T09:26:22Z
final-20260922T090744Z,10,7,20260922,65536,256,4,sha256,59964660,21693759,1092910.390886899,507540821,422a75a177e15a33c77aba30f99d4cc86a4907115b73caaa66ae5486f1f6fa28,2026-09-22T09:26:22Z
final-20260922T090744Z,10,8,20260922,4096,256,8,sha256,3455371,753373,1185400.9308985923,324378899,9e1e0cb13be2d3c60ccf5b55958f95bda3778dcbea9720c96d182a7902d8a513,2026-09-22T09:26:23Z
final-20260922T090744Z,10,9,20260922,1048576,256,3,sha256,1104540137,402652310,949332.6361575215,3520875437,5f1024e2eaeece60bda47502efe68cd55b1cf12c77924d95cea59a223d140912,2026-09-22T09:26:23Z
final-20260922T090744Z,10,10,20260922,262144,256,2,blake2s,472836627,221970025,554407.1356384157,1645313870,eed051985d2c920d928e8e3c4fc4f9c2020a4d16feb67ed8288fb50e74feee62,2026-09-22T09:26:27Z
final-20260922T090744Z,10,11,20260922,16384,256,16,sha3_256,20094007,2925186,815367.4874304562,382235389,af59672f489342e08480fa9448fa4bde1dd1d203e62322dcc439feec4caa3fe9,2026-09-22T09:26:28Z
final-20260922T090744Z,10,12,20260922,262144,256,8,blake2s,305598142,51097857,857806.2624477606,1254963950,7acd79da2980b4227f52ee5da9f776a332b6f275bd56e708b22bba34ddbed3fb,2026-09-22T09:26:29Z
final-20260922T090744Z,10,13,20260922,262144,256,4,blake2s,342779677,86227545,764759.4580118587,1367377949,f4a1a95e118ebba8edf32cb295de15d8a0f75df7a60fcfc955c71ce667349a4f,2026-09-22T09:26:30Z
final-20260922T090744Z,10,14,20260922,4096,256,8,nullhash,1407761,445826,2909584.794578057,19213136,000102030405060708090a0b0c0d0e0f101112131415161718191a1b1c1d1e1f,2026-09-22T09:26:31Z
final-20260922T090744Z,10,15,20260922,262144,256,3,sha3_256,429711485,142153825,610046.5292427546,1623306574,b9e9546fceffff316882cfe06388969f8d2b1e7005f5652c9193e782b601ca89,2026-09-22T09:26:31Z
final-20260922T090744Z,10,16,20260922,16384,256,3,sha256,16154568,7491258,1014202.2986934717,379697598,25f7a45ae60aa17f3ac9f90472fb1acd186b36b923025c2e2af9df12959b3f55,2026-09-22T09:26:33Z
final-20260922T090744Z,10,17,20260922,1048576,256,2,sha256,1443951288,786398570,726185.162002501,4751224706,f36df66f9ac61c8c5db4a352461181bf7cc01ea8793cbc773f1d3e80755388d9,2026-09-22T09:26:33Z
final-20260922T090744Z,10,18,20260922,16384,256,4,sha256,14214791,4835532,1152602.2436770264,349780818,f9302c40648f7da2e6005a6911389669956ec33514d6fd72f0e5a96dfee01348,2026-09-22T09:26:38Z
final-20260922T090744Z,10,19,20260922,16384,256,8,sha256,12342115,2756849,1327487.2256497366,347782017,75a5f07ec202b2e8bf782757d3b8b57e2ef664456b6ff32e89937102051b768e,2026-09-22T09:26:38Z
final-20260922T090744Z,10,20,20260922,4096,256,4,nullhash,1584458,723258,2585111.123172719,18007104,000102030405060708090a0b0c0d0e0f101112131415161718191a1b1c1d1e1f,2026-09-22T09:26:39Z
final-20260922T090744Z,10,21,20260922,16384,256,16,nullhash,4349240,908150,3767094.9407252762,22003313,000102030405060708090a0b0c0d0e0f101112131415161718191a1b1c1d1e1f,2026-09-22T09:26:39Z
final-20260922T090744Z,10,22,20260922,16384,256,2,sha256,21895639,12533244,748276.8600633212,328977400,c8d1ab11c0ff45f9c649aad5c41d26e2e3051847df67524d2819349b51d7a8ac,2026-09-22T09:26:39Z
final-20260922T090744Z,10,23,20260922,4096,256,4,sha3_256,6208588,1788109,659731.3269941572,325435130,d2582b5797cb45c3e51b7d1789033e0d7ba602885fba67182ecf11d7ab4107ea,2026-09-22T09:26:39Z
final-20260922T090744Z,10,24,20260922,1048576,256,4,sha256,976095239,299784252,1074255.8288413084,3370845880,fd9adf45ef158eee0499ded190ee0634d449b8ed8ed5f390b4bd2c25b331844d,2026-09-22T09:26:39Z
final-20260922T090744Z,10,25,20260922,65536,256,3,sha256,68754633,27020030,953186.6747074339,542790489,6cefb37f530c76678a092e56d1ca964e9d2504b927f8758afae52198f5f5ef47,2026-09-22T09:26:43Z
final-20260922T090744Z,10,26,20260922,4096,256,8,sha3_256,5887706,1091391,695686.9109972542,313756630,4b5c1c5d7d2b27763e9d21ad1afed5c2805a8193dff148f0aad6c6e62b6499ee,2026-09-22T09:26:43Z
final-20260922T090744Z,10,27,20260922,262144,256,8,sha3_256,360391335,60157840,727387.077716505,1426233603,86f629536e38e29d21acb6ba75134abbe666399b65bd632a228cdc086541fd78,2026-09-22T09:26:44Z
final-20260922T090744Z,10,28,20260922,4096,256,16,nullhash,1239645,255704,3304171.758850316,18531295,000102030405060708090a0b0c0d0e0f101112131415161718191a1b1c1d1e1f,2026-09-22T09:26:45Z
final-20260922T090744Z,10,29,20260922,65536,256,3,nullhash,26575473,14059837,2466033.2480253503,71521884,000102030405060708090a0b0c0d0e0f101112131415161718191a1b1c1d1e1f,2026-09-22T09:26:45Z
final-20260922T090744Z,10,30,20260922,16384,256,8,nullhash,5014756,1421041,3267157.9634183594,25420980,000102030405060708090a0b0c0d0e0f101112131415161718191a1b1c1d1e1f,2026-09-22T09:26:45Z
final-20260922T090744Z,10,31,20260922,1048576,256,4,sha3_256,1585532399,397081061,661340.0020468455,5189610751,4162dd925fdbdda96c8d77b0013cc6c8217c1e0e54d4215dacd09de27dcda9a9,2026-09-22T09:26:45Z
final-20260922T090744Z,10,32,20260922,4096,256,2,blake2s,7609332,4241137,538286.409372071,379948764,3449bec8a5b5300693d94f96bfbdfc86713fc3ed0313558846ef24bbb6931132,2026-09-22T09:26:50Z
final-20260922T090744Z,10,33,20260922,4096,256,16,sha256,3655669,525679,1120451.5507284713,322937824,d56452f62051ecf4810e2c233ff01d6f2d4d7df3b23a676a0ff1a95afe6b84c8,2026-09-22T09:26:51Z
final-20260922T090744Z,10,34,20260922,1048576,256,2,sha3_256,2323401891,1124127705,451310.64240835636,7354402139,e6adb21e7b3e55d53244e4385ff319132398e573acbb3ee727b54dba3adcadf0,2026-09-22T09:26:51Z
final-20260922T090744Z,10,35,20260922,65536,256,2,sha256,93556719,51654039,700494.8516845701,501390505,1aff050731f4ff3b64610d2bf99b4c2d38878776411f089ea1c78251fc9ea3c8,2026-09-22T09:26:58Z
final-20260922T090744Z,10,36,20260922,262144,256,4,sha3_256,410427026,102290577,638710.3757636078,1563247922,95331f82e68d735cdd3d5ba2066f5bf023e72935b3c1a32f61e1d22918a03097,2026-09-22T09:26:59Z
final-20260922T090744Z,10,37,20260922,1048576,256,8,sha3_256,1418615144,229128048,739154.6639234241,4657163331,cb15ce8d6f849eba3ba927622df1e38654715237f1da3204afec0eb577910fd2,2026-09-22T09:27:01Z
final-20260922T090744Z,10,38,20260922,4096,256,4,sha256,4277930,1400764,957472.4224099038,320945802,5d6f240ce86b74dc9a3b279da4cf065a81e627fa0b51e0af13b39d29490596bb,2026-09-22T09:27:05Z
final-20260922T090744Z,10,39,20260922,4096,256,2,nullhash,2539244,1826917,1613078.5383366074,20894106,000102030405060708090a0b0c0d0e0f101112131415161718191a1b1c1d1e1f,2026-09-22T09:27:06Z
final-20260922T090744Z,10,40,20260922,16384,256,16,blake2s,18764045,2564645,873159.2788228764,356936297,bcc59923e0515b49362980c1bad2fbf21f74480c7a61a9bce386e7eb0669b5a0,2026-09-22T09:27:06Z
final-20260922T090744Z,10,41,20260922,4096,256,16,sha3_256,5460197,792448,750156.0841119835,327532656,a4209cd3ce27c1cda8e39a6dbb59980104429c8edf38c63e6a7a81dc6bff8b24,2026-09-22T09:27:06Z
final-20260922T090744Z,10,42,20260922,4096,256,4,blake2s,5724949,1766493,715464.8888575252,342992246,459ca9af078d1704b0a2d4ff4cfb9ac30914a5fe3331d4b7dce0dab47174393b,2026-09-22T09:27:06Z
final-20260922T090744Z,10,43,20260922,262144,256,16,sha256,189139236,24099549,1385984.2386166772,895157933,8f09c92e01d5dc13b6a51118211630318ef632d26218ac7acc81bcf8d2969877,2026-09-22T09:27:07Z
final-20260922T090744Z,10,44,20260922,65536,256,2,blake2s,122291775,56207415,535898.6734798803,590089459,ec4932e7be03121bee1885efa61847571b1a6669b2d168c3dfad4d38b23b8281,2026-09-22T09:27:07Z
final-20260922T090744Z,10,45,20260922,16384,256,16,sha256,12088807,1761461,1355303.2983320851,354004312,82155b7ef0c2ae48c915c324bc8f159897ff184f24c5875a1f8eb08011fb4e1d,2026-09-22T09:27:08Z
final-20260922T090744Z,10,46,20260922,1048576,256,16,sha256,765349480,94504958,1370061.687374505,2641173361,204a0ba5a3435eb2eda994b98b6870442595c0ed813a7bed842dc70354353fc2,2026-09-22T09:27:08Z
final-20260922T090744Z,10,47,20260922,65536,256,8,sha3_256,88544574,14971033,740146.9908252086,603518983,cf348da5b068b7af7798fefbe43e81f68a37ace420b9026269ad07663ff98f1d,2026-09-22T09:27:11Z
final-20260922T090744Z,10,48,20260922,1048576,256,3,nullhash,428776094,204878181,2445509.4737627795,875426819,000102030405060708090a0b0c0d0e0f101112131415161718191a1b1c1d1e1f,2026-09-22T09:27:12Z
final-20260922T090744Z,10,49,20260922,1048576,256,4,nullhash,366886118,146479791,2858042.178635933,753014252,000102030405060708090a0b0c0d0e0f101112131415161718191a1b1c1d1e1f,2026-09-22T09:27:13Z
final-20260922T090744Z,10,50,20260922,1048576,256,16,blake2s,1196432618,146817335,876418.7671118809,4007321649,4eb3d1779b2e11941769961e4222a6f78a1837242058b17be7978d14cb2b7c80,2026-09-22T09:27:13Z
final-20260922T090744Z,10,51,20260922,16384,256,4,sha3_256,23370268,6587738,701061.7079787018,382307442,b0ecec4470595a75a59c4ebede216b891e0f4638b6c4b9fa5fb44c91786b36f3,2026-09-22T09:27:17Z
final-20260922T090744Z,10,52,20260922,1048576,256,8,nullhash,284356431,77705413,3687541.0072930614,591182982,000102030405060708090a0b0c0d0e0f101112131415161718191a1b1c1d1e1f,2026-09-22T09:27:18Z
final-20260922T090744Z,10,53,20260922,262144,256,2,sha3_256,561977267,277447052,466467.2672604745,1919595776,bfe92fc58e742ec32b00df7756ef8482a29ef3b1ea96a58b6f515ae0e4f865b5,2026-09-22T09:27:18Z
final-20260922T090744Z,10,54,20260922,262144,256,4,nullhash,87903203,34994782,2982189.397580882,191540806,000102030405060708090a0b0c0d0e0f101112131415161718191a1b1c1d1e1f,2026-09-22T09:27:20Z
final-20260922T090744Z,10,55,20260922,1048576,256,2,blake2s,1901240352,866633763,551522.0623720487,6074963802,f594faa8e2cc7eb767b86bdc847beb5e18279a2855164e04d6e76e2320a61b63,2026-09-22T09:27:20Z
final-20260922T090744Z,10,56,20260922,1048576,256,3,blake2s,1479671623,433207291,708654.5309789996,4683147122,f62c9ab517538e8259fe5f079856567efdcc43944ff9c37ba8139535ad3eaa38,2026-09-22T09:27:26Z
final-20260922T090744Z,10,57,20260922,65536,256,16,blake2s,73722315,10341481,888957.4343941859,542778071,c10b0a1440fcbc0f50de063b71fc9cbdac0bc057ea1482b66c9d217c60bee988,2026-09-22T09:27:31Z
final-20260922T090744Z,10,58,20260922,262144,256,16,sha3_256,327803460,40718058,799698.6975061215,1334050173,27f7c0d2b0ff7977d3da8279573dc66d1d971e761dbb840af56e5b5abcb7dde8,2026-09-22T09:27:32Z
final-20260922T090744Z,10,59,20260922,65536,256,8,sha256,50924418,10517023,1286926.8334102512,473757786,f24c516f1a67f2e369332f9d3f85c72fc23aa0210d12dc453d2bebbbc85571d5,2026-09-22T09:27:33Z
final-20260922T090744Z,10,60,20260922,4096,256,3,nullhash,2063599,1116472,1984881.7527048616,22950199,000102030405060708090a0b0c0d0e0f101112131415161718191a1b1c1d1e1f,2026-09-22T09:27:33Z
final-20260922T090744Z,10,61,20260922,262144,256,8,sha256,203971146,39739327,1285201.3882394915,936591391,298ecf21d5d46c2ffbf7dc0ee7b10355db667625bb517cce25e9e0ce5fc9b28c,2026-09-22T09:27:34Z
final-20260922T090744Z,10,62,20260922,65536,256,4,sha3_256,97855221,26118040,669724.1018953909,582135537,6e6c5d411895402f18a616b478c2fbb4db78de4732c2e3edcf176e60b574fe13,2026-09-22T09:27:34Z
final-20260922T090744Z,10,63,20260922,1048576,256,8,blake2s,1268318493,199519190,826745.0216859686,4194770918,064973adad4ee5f520a97590997979971876f0d2908931e812c811e8a477c37b,2026-09-22T09:27:35Z
final-20260922T090744Z,10,64,20260922,65536,256,3,sha3_256,107578436,36343550,609192.7196264501,665797959,7d32f04c6f66559574a32d7bcc4dfd43a6faf756f577b8f735577ce325964f99,2026-09-22T09:27:39Z
final-20260922T090744Z,10,65,20260922,262144,256,2,sha256,377945723,213464956,693602.2398115615,1365341966,740342ae28863cbe589c2a4e9d636be7cff4b142a0b87c6ede0fcf7cae92afdd,2026-09-22T09:27:40Z
final-20260922T090744Z,10,66,20260922,65536,256,2,sha3_256,145738145,73338305,449683.231524595,656865421,d63ffda16b17575b170fcbb398dbd05ec0b9f8a00a9493bb0f6e8bb2d1778f5f,2026-09-22T09:27:41Z
final-20260922T090744Z,10,67,20260922,16384,256,8,blake2s,18847842,3785069,869277.2360888849,370765956,cec3e3da0c45a69e2d8930eb6caa89836e766da17b58deab553da9c9a09b05c3,2026-09-22T09:27:42Z
final-20260922T090744Z,10,68,20260922,16384,256,4,blake2s,21124376,6422975,775596.8744354863,389736950,6087b5a4baea72947053fcb075846bbcd71cf2904a4d62ee537e880b0cfc86a3,2026-09-22T09:27:42Z
final-20260922T090744Z,10,69,20260922,65536,256,16,sha256,47358586,6737166,1383825.0998456753,452314398,63915f25f1917098dc348cc0fb3e1be5ff5801743a711c4c5d2a15a33dfa40bd,2026-09-22T09:27:43Z
final-20260922T090744Z,10,70,20260922,1048576,256,3,sha3_256,1772191145,571625646,591683.3536599124,5486938933,cbe999d04f925a4e957334cf674ecf2f0a32194f7b4e7b28da44a44614b05f58,2026-09-22T09:27:43Z
final-20260922T090744Z,10,71,20260922,262144,256,8,nullhash,70653916,18784174,3710254.361555841,157182003,000102030405060708090a0b0c0d0e0f101112131415161718191a1b1c1d1e1f,2026-09-22T09:27:49Z
final-20260922T090744Z,10,72,20260922,16384,256,2,nullhash,9219632,6637052,1777077.4364963807,34138029,000102030405060708090a0b0c0d0e0f101112131415161718191a1b1c1d1e1f,2026-09-22T09:27:49Z
final-20260922T090744Z,10,73,20260922,16384,256,3,blake2s,22668049,7370641,722779.4504943942,388293966,b30f84204a994a3c7311c54dc9e54bacefddcc74fd1f41171768c004e671ab8b,2026-09-22T09:27:49Z
final-20260922T090744Z,10,74,20260922,4096,256,3,sha3_256,6890621,2594869,594431.1840688959,334745817,b03b52887e17e7bb261949f75fab810eaa3b0abe93247fb386ffb81e38b56185,2026-09-22T09:27:49Z
final-20260922T090744Z,10,75,20260922,262144,256,16,blake2s,291864367,35864085,898170.62183545,1202720003,40ee6220a757588d87c979b3ced12493ff7aca3ea6c9e575e9d5bde4ba8d134d,2026-09-22T09:27:50Z
final-20260922T090744Z,10,76,20260922,16384,256,3,nullhash,6558812,3675827,2498013.359736489,28546451,000102030405060708090a0b0c0d0e0f101112131415161718191a1b1c1d1e1f,2026-09-22T09:27:51Z
final-20260922T090744Z,10,77,20260922,65536,256,2,nullhash,36764059,23541544,1782610.5653894201,87780716,000102030405060708090a0b0c0d0e0f101112131415161718191a1b1c1d1e1f,2026-09-22T09:27:51Z
final-20260922T090744Z,10,78,20260922,4096,256,2,sha256,5520685,3529826,741936.9154371242,335664021,21f5e721e8d3841fe8120999a88ece52e438cce0db6a78c8f9db76f8365ccdd3,2026-09-22T09:27:51Z
final-20260922T090744Z,10,79,20260922,65536,256,16,sha3_256,81842410,10565449,800758.4331888565,560942457,7c67c473bb32a89d122340bdf74f49f4c2a22d0253192dc8ebdc659711017198,2026-09-22T09:27:51Z
final-20260922T090744Z,10,80,20260922,262144,256,3,nullhash,101380627,49230147,2585740.5675741183,217744018,000102030405060708090a0b0c0d0e0f101112131415161718191a1b1c1d1e1f,2026-09-22T09:27:52Z
final-20260922T090744Z,10,81,20260922,262144,256,3,blake2s,364032388,109689983,720111.750056701,1440924636,aca78fa27076d3b3dc710ee06a48fd26d2db5a51e0f20d70e12a74bcecf9af54,2026-09-22T09:27:52Z
final-20260922T090744Z,10,82,20260922,16384,256,2,sha3_256,34262536,17204594,478189.9390050987,365671170,2beec76ed79e48fe95d6d42bea0689837f52f1957f6a583504095165cc8d1238,2026-09-22T09:27:53Z
final-20260922T090744Z,10,83,20260922,65536,256,8,blake2s,76101987,13007390,861160.1691819164,547660188,06e8251f9da62cea200f393248fd12e1006d0926d3363048df11e27f5b40be6d,2026-09-22T09:27:54Z
final-20260922T090744Z,10,84,20260922,1048576,256,16,nullhash,252029966,48648085,4160521.1342209997,517364094,000102030405060708090a0b0c0d0e0f101112131415161718191a1b1c1d1e1f,2026-09-22T09:27:54Z
final-20260922T090744Z,10,85,20260922,16384,256,3,sha3_256,26401752,9209169,620564.8776641792,399925705,b1fcafc1efd7c2e83a0277ea77e40ffbf1804373ebc9b047f0846bf0895a5176,2026-09-22T09:27:55Z
final-20260922T090744Z,10,86,20260922,65536,256,16,nullhash,15770141,3642355,4155701.5882102763,47260672,000102030405060708090a0b0c0d0e0f101112131415161718191a1b1c1d1e1f,2026-09-22T09:27:55Z
final-20260922T090744Z,10,87,20260922,262144,256,4,sha256,235425608,72738673,1113489.744072361,1042521678,56ec6e66ef5807a118558efc4a7cd511c1d7757c4b8d8a3dd33e39c5f45fd60c,2026-09-22T09:27:55Z
final-20260922T090744Z,10,88,20260922,4096,256,16,blake2s,5138650,722387,797096.513675771,325267419,1b2fa096f7049a0a159b9b46fda47097e7663672789ee28071fba47212909811,2026-09-22T09:27:56Z
final-20260922T090744Z,10,89,20260922,4096,256,3,blake2s,5908524,2048859,693235.7387394889,331787647,dd77f8d25572690c16f541fce5e0004633e7df9bb8cefd990c6740216c926dc2,2026-09-22T09:27:57Z
final-20260922T090744Z,10,90,20260922,4096,256,8,blake2s,5185117,967164,789953.2450280292,332097005,261a6fbe71efbd0b300eee814d7271ca6843873ea0aab188d5509a74694f8191,2026-09-22T09:27:57Z
final-20260922T090744Z,10,91,20260922,1048576,256,4,blake2s,1387926768,352762168,755498.0739444892,4547462379,672c0d052350b2500d588f38e8362b342d03e1eee42964c1fc91c2e643b93d2c,2026-09-22T09:27:57Z
final-20260922T090744Z,10,92,20260922,1048576,256,2,nullhash,591842063,384809466,1771715.9113106162,1205455381,000102030405060708090a0b0c0d0e0f101112131415161718191a1b1c1d1e1f,2026-09-22T09:28:02Z
final-20260922T090744Z,10,93,20260922,4096,256,2,sha3_256,8694970,4782261,471076.95598719723,359959522,ee3342c752978bfd893fcf3722d3551fb022d0b599dfa4d47c5727cc53e3720f,2026-09-22T09:28:03Z
final-20260922T090744Z,10,94,20260922,16384,256,2,blake2s,29042032,13835433,564147.8530152435,345039877,96f4b1f8fcd0e9fa3506a247d3f822166430477ed9250f1772c77d9493b651c6,2026-09-22T09:28:03Z
final-20260922T090744Z,10,95,20260922,65536,256,4,blake2s,86079184,22179962,761345.5071785996,587722894,15fabb162c58e019b6fed9958bac8ce88ac26a028486dba2585536bb9a79edac,2026-09-22T09:28:04Z
final-20260922T090744Z,10,96,20260922,16384,256,4,nullhash,5819005,2705437,2815601.63636223,26762879,000102030405060708090a0b0c0d0e0f101112131415161718191a1b1c1d1e1f,2026-09-22T09:28:04Z
final-20260922T090744Z,10,97,20260922,1048576,256,16,sha3_256,1319283326,160287342,794807.2861492377,4348769729,a32f0be7cad150453b4d59e7a089c1840eccb4c457b26cc0f3e36f4e99960f80,2026-09-22T09:28:04Z
final-20260922T090744Z,10,98,20260922,262144,256,2,nullhash,149070422,94854125,1758524.571695383,319785071,000102030405060708090a0b0c0d0e0f101112131415161718191a1b1c1d1e1f,2026-09-22T09:28:09Z
final-20260922T090744Z,10,99,20260922,262144,256,3,sha256,265434297,102709116,987604.1000082217,1134350938,b2c4c8f4e14b843f84f4adb34fee56a737067ec23d123ac06a11c1efed07ba15,2026-09-22T09:28:09Z
final-20260922T090744Z,11,0,20260922,262144,256,3,nullhash,102230202,50975481,2564252.0005976316,220344721,000102030405060708090a0b0c0d0e0f101112131415161718191a1b1c1d1e1f,2026-09-22T09:28:10Z
final-20260922T090744Z,11,1,20260922,262144,256,16,nullhash,63832868,12589254,4106724.4542419743,143895254,000102030405060708090a0b0c0d0e0f101112131415161718191a1b1c1d1e1f,2026-09-22T09:28:10Z
final-20260922T090744Z,11,2,20260922,1048576,256,3,nullhash,407878128,200189048,2570807.130898669,843076153,000102030405060708090a0b0c0d0e0f101112131415161718191a1b1c1d1e1f,2026-09-22T09:28:11Z
final-20260922T090744Z,11,3,20260922,4096,256,16,blake2s,5272498,719934,776861.3662821684,347863922,1b2fa096f7049a0a159b9b46fda47097e7663672789ee28071fba47212909811,2026-09-22T09:28:11Z
final-20260922T090744Z,11,4,20260922,4096,256,4,sha256,4442786,1337152,921944.0234123364,325614632,5d6f240ce86b74dc9a3b279da4cf065a81e627fa0b51e0af13b39d29490596bb,2026-09-22T09:28:12Z
final-20260922T090744Z,11,5,20260922,65536,256,4,sha256,59621680,20160183,1099197.4731339337,511148084,422a75a177e15a33c77aba30f99d4cc86a4907115b73caaa66ae5486f1f6fa28,2026-09-22T09:28:12Z
final-20260922T090744Z,11,6,20260922,262144,256,3,sha256,266985516,102374378,981865.9975547139,1153224103,b2c4c8f4e14b843f84f4adb34fee56a737067ec23d123ac06a11c1efed07ba15,2026-09-22T09:28:13Z
final-20260922T090744Z,11,7,20260922,4096,256,4,blake2s,5645874,1603288,725485.5492701395,331257855,459ca9af078d1704b0a2d4ff4cfb9ac30914a5fe3331d4b7dce0dab47174393b,2026-09-22T09:28:14Z
final-20260922T090744Z,11,8,20260922,16384,256,16,sha3_256,20573416,2949868,796367.5064947892,387366885,af59672f489342e08480fa9448fa4bde1dd1d203e62322dcc439feec4caa3fe9,2026-09-22T09:28:14Z
final-20260922T090744Z,11,9,20260922,262144,256,8,sha256,210202898,39092259,1247099.8377957663,947985319,298ecf21d5d46c2ffbf7dc0ee7b10355db667625bb517cce25e9e0ce5fc9b28c,2026-09-22T09:28:14Z
final-20260922T090744Z,11,10,20260922,16384,256,4,nullhash,5901292,2620527,2776341.1808803906,26841998,000102030405060708090a0b0c0d0e0f101112131415161718191a1b1c1d1e1f,2026-09-22T09:28:15Z
final-20260922T090744Z,11,11,20260922,1048576,256,16,blake2s,1194677002,148943323,877706.6924738542,3977740712,4eb3d1779b2e11941769961e4222a6f78a1837242058b17be7978d14cb2b7c80,2026-09-22T09:28:15Z
final-20260922T090744Z,11,12,20260922,262144,256,3,blake2s,369705773,126869585,709061.1484717064,1470596619,aca78fa27076d3b3dc710ee06a48fd26d2db5a51e0f20d70e12a74bcecf9af54,2026-09-22T09:28:19Z
final-20260922T090744Z,11,13,20260922,65536,256,4,sha3_256,97086891,25472043,675024.1904440013,607113410,6e6c5d411895402f18a616b478c2fbb4db78de4732c2e3edcf176e60b574fe13,2026-09-22T09:28:21Z
final-20260922T090744Z,11,14,20260922,1048576,256,3,sha3_256,1749897070,575360432,599221.5302126313,5502871961,cbe999d04f925a4e957334cf674ecf2f0a32194f7b4e7b28da44a44614b05f58,2026-09-22T09:28:21Z
final-20260922T090744Z,11,15,20260922,262144,256,2,sha3_256,565609708,277226590,463471.5357466955,1939551297,bfe92fc58e742ec32b00df7756ef8482a29ef3b1ea96a58b6f515ae0e4f865b5,2026-09-22T09:28:27Z
final-20260922T090744Z,11,16,20260922,65536,256,3,blake2s,91147936,28062888,719006.9559007897,589965736,0e8d867d450bca93825c83b1849db6904a56a3bfea02cea26a002336d48a31de,2026-09-22T09:28:29Z
final-20260922T090744Z,11,17,20260922,1048576,256,3,blake2s,1465589968,438702185,715463.4126152807,4650821428,f62c9ab517538e8259fe5f079856567efdcc43944ff9c37ba8139535ad3eaa38,2026-09-22T09:28:30Z
final-20260922T090744Z,11,18,20260922,262144,256,16,sha256,195017922,25169970,1344204.6623796965,890841203,8f09c92e01d5dc13b6a51118211630318ef632d26218ac7acc81bcf8d2969877,2026-09-22T09:28:34Z
final-20260922T090744Z,11,19,20260922,16384,256,4,sha256,14209404,4988626,1153039.2126228518,356542132,f9302c40648f7da2e6005a6911389669956ec33514d6fd72f0e5a96dfee01348,2026-09-22T09:28:35Z
final-20260922T090744Z,11,20,20260922,262144,256,16,blake2s,293007694,35878670,894665.9264176183,1196145733,40ee6220a757588d87c979b3ced12493ff7aca3ea6c9e575e9d5bde4ba8d134d,2026-09-22T09:28:35Z
final-20260922T090744Z,11,21,20260922,16384,256,16,blake2s,18092399,2592108,905573.661071702,371791043,bcc59923e0515b49362980c1bad2fbf21f74480c7a61a9bce386e7eb0669b5a0,2026-09-22T09:28:37Z
final-20260922T090744Z,11,22,20260922,65536,256,16,nullhash,16279186,3702847,4025754.113258488,49038705,000102030405060708090a0b0c0d0e0f101112131415161718191a1b1c1d1e1f,2026-09-22T09:28:37Z
final-20260922T090744Z,11,23,20260922,262144,256,4,sha256,234974117,81852567,1115629.25886003,1078660013,56ec6e66ef5807a118558efc4a7cd511c1d7757c4b8d8a3dd33e39c5f45fd60c,2026-09-22T09:28:37Z
final-20260922T090744Z,11,24,20260922,16384,256,8,sha3_256,21356559,4329977,767164.785300853,383873229,96fea16fc4e4d9970a9163349be86aef94c806c1e54aec88fefed6958f9edbbc,2026-09-22T09:28:38Z
final-20260922T090744Z,11,25,20260922,262144,256,2,blake2s,472177743,213398290,555180.7637828452,1624774761,eed051985d2c920d928e8e3c4fc4f9c2020a4d16feb67ed8288fb50e74feee62,2026-09-22T09:28:39Z
final-20260922T090744Z,11,26,20260922,1048576,256,2,sha3_256,2272621681,1129247716,461394.87657206773,7271030051,e6adb21e7b3e55d53244e4385ff319132398e573acbb3ee727b54dba3adcadf0,2026-09-22T09:28:40Z
final-20260922T090744Z,11,27,20260922,1048576,256,4,sha3_256,1563588055,386573251,670621.6491273976,5092226708,4162dd925fdbdda96c8d77b0013cc6c8217c1e0e54d4215dacd09de27dcda9a9,2026-09-22T09:28:47Z
final-20260922T090744Z,11,28,20260922,16384,256,16,sha256,11968961,1913801,1368874.0401109168,355207705,82155b7ef0c2ae48c915c324bc8f159897ff184f24c5875a1f8eb08011fb4e1d,2026-09-22T09:28:52Z
final-20260922T090744Z,11,29,20260922,65536,256,16,sha3_256,82895741,11095524,790583.4390213124,577260723,7c67c473bb32a89d122340bdf74f49f4c2a22d0253192dc8ebdc659711017198,2026-09-22T09:28:53Z
final-20260922T090744Z,11,30,20260922,262144,256,8,sha3_256,347136410,56355178,755161.3499719029,1371763548,86f629536e38e29d21acb6ba75134abbe666399b65bd632a228cdc086541fd78,2026-09-22T09:28:53Z
final-20260922T090744Z,11,31,20260922,16384,256,2,nullhash,9416452,7050859,1739933.4696337855,36451545,000102030405060708090a0b0c0d0e0f101112131415161718191a1b1c1d1e1f,2026-09-22T09:28:55Z
final-20260922T090744Z,11,32,20260922,4096,256,2,sha256,5748631,3670651,712517.4672021914,345828986,21f5e721e8d3841fe8120999a88ece52e438cce0db6a78c8f9db76f8365ccdd3,2026-09-22T09:28:55Z
final-20260922T090744Z,11,33,20260922,1048576,256,16,sha3_256,1323059061,158280717,792539.0716930361,4420552262,a32f0be7cad150453b4d59e7a089c1840eccb4c457b26cc0f3e36f4e99960f80,2026-09-22T09:28:55Z
final-20260922T090744Z,11,34,20260922,262144,256,2,sha256,371965179,206827811,704754.1404406567,1354477829,740342ae28863cbe589c2a4e9d636be7cff4b142a0b87c6ede0fcf7cae92afdd,2026-09-22T09:29:00Z
final-20260922T090744Z,11,35,20260922,65536,256,8,sha3_256,90125102,15723005,727166.9994892211,619182219,cf348da5b068b7af7798fefbe43e81f68a37ace420b9026269ad07663ff98f1d,2026-09-22T09:29:01Z
final-20260922T090744Z,11,36,20260922,4096,256,3,blake2s,6364367,2119294,643583.2503059612,335836936,dd77f8d25572690c16f541fce5e0004633e7df9bb8cefd990c6740216c926dc2,2026-09-22T09:29:02Z
final-20260922T090744Z,11,37,20260922,262144,256,4,sha3_256,404390548,101224403,648244.6271221947,1553564118,95331f82e68d735cdd3d5ba2066f5bf023e72935b3c1a32f61e1d22918a03097,2026-09-22T09:29:02Z
final-20260922T090744Z,11,38,20260922,4096,256,8,sha256,3835008,795125,1068055.1383465172,319430089,9e1e0cb13be2d3c60ccf5b55958f95bda3778dcbea9720c96d182a7902d8a513,2026-09-22T09:29:03Z
final-20260922T090744Z,11,39,20260922,1048576,256,2,sha256,1492626538,835303671,702503.923992272,4952608595,f36df66f9ac61c8c5db4a352461181bf7cc01ea8793cbc773f1d3e80755388d9,2026-09-22T09:29:04Z
final-20260922T090744Z,11,40,20260922,65536,256,8,nullhash,17938343,5982548,3653403.2156704776,58845734,000102030405060708090a0b0c0d0e0f101112131415161718191a1b1c1d1e1f,2026-09-22T09:29:09Z
final-20260922T090744Z,11,41,20260922,4096,256,16,sha3_256,6260970,928676,654211.727575759,338732466,a4209cd3ce27c1cda8e39a6dbb59980104429c8edf38c63e6a7a81dc6bff8b24,2026-09-22T09:29:09Z
final-20260922T090744Z,11,42,20260922,4096,256,3,sha256,4928838,2466999,831027.5160189887,307211445,88f8b7ddbf126d99ba35d4ca5dbe2d3e7f48b7357189f8cdef56204f6b145a4d,2026-09-22T09:29:09Z
final-20260922T090744Z,11,43,20260922,1048576,256,16,sha256,772809804,102105696,1356835.788796489,2731405072,204a0ba5a3435eb2eda994b98b6870442595c0ed813a7bed842dc70354353fc2,2026-09-22T09:29:09Z
final-20260922T090744Z,11,44,20260922,65536,256,16,sha256,48074366,6679232,1363221.3059242424,457494874,63915f25f1917098dc348cc0fb3e1be5ff5801743a711c4c5d2a15a33dfa40bd,2026-09-22T09:29:12Z
final-20260922T090744Z,11,45,20260922,16384,256,3,blake2s,23019504,7479124,711744.2669485841,385311904,b30f84204a994a3c7311c54dc9e54bacefddcc74fd1f41171768c004e671ab8b,2026-09-22T09:29:13Z
final-20260922T090744Z,11,46,20260922,1048576,256,4,blake2s,1380060235,345702085,759804.5167934282,4548896229,672c0d052350b2500d588f38e8362b342d03e1eee42964c1fc91c2e643b93d2c,2026-09-22T09:29:13Z
final-20260922T090744Z,11,47,20260922,65536,256,2,sha3_256,140713061,69719577,465742.1246773958,642852163,d63ffda16b17575b170fcbb398dbd05ec0b9f8a00a9493bb0f6e8bb2d1778f5f,2026-09-22T09:29:18Z
final-20260922T090744Z,11,48,20260922,1048576,256,3,sha256,1079005245,402784042,971798.7978825811,3473893819,5f1024e2eaeece60bda47502efe68cd55b1cf12c77924d95cea59a223d140912,2026-09-22T09:29:18Z
final-20260922T090744Z,11,49,20260922,16384,256,16,nullhash,5196284,1094446,3153022.4291051067,29308871,000102030405060708090a0b0c0d0e0f101112131415161718191a1b1c1d1e1f,2026-09-22T09:29:22Z
final-20260922T090744Z,11,50,20260922,16384,256,3,sha3_256,26923751,10023513,608533.3354925173,420487332,b1fcafc1efd7c2e83a0277ea77e40ffbf1804373ebc9b047f0846bf0895a5176,2026-09-22T09:29:22Z
final-20260922T090744Z,11,51,20260922,262144,256,16,sha3_256,331360557,41228259,791114.0733626905,1329871312,27f7c0d2b0ff7977d3da8279573dc66d1d971e761dbb840af56e5b5abcb7dde8,2026-09-22T09:29:22Z
final-20260922T090744Z,11,52,20260922,65536,256,2,sha256,89666282,50806168,730887.8938462064,490977944,1aff050731f4ff3b64610d2bf99b4c2d38878776411f089ea1c78251fc9ea3c8,2026-09-22T09:29:23Z
final-20260922T090744Z,11,53,20260922,65536,256,3,sha256,66014629,25997013,992749.652505053,539161933,6cefb37f530c76678a092e56d1ca964e9d2504b927f8758afae52198f5f5ef47,2026-09-22T09:29:24Z
final-20260922T090744Z,11,54,20260922,1048576,256,8,sha3_256,1382144527,222698992,758658.7216576954,4535482964,cb15ce8d6f849eba3ba927622df1e38654715237f1da3204afec0eb577910fd2,2026-09-22T09:29:24Z
final-20260922T090744Z,11,55,20260922,4096,256,2,nullhash,2769821,2092943,1478795.922191362,24829604,000102030405060708090a0b0c0d0e0f101112131415161718191a1b1c1d1e1f,2026-09-22T09:29:29Z
final-20260922T090744Z,11,56,20260922,4096,256,4,sha3_256,6608422,2050630,619815.1389242394,335863211,d2582b5797cb45c3e51b7d1789033e0d7ba602885fba67182ecf11d7ab4107ea,2026-09-22T09:29:29Z
final-20260922T090744Z,11,57,20260922,16384,256,4,sha3_256,23917222,6797634,685029.3901189696,370489074,b0ecec4470595a75a59c4ebede216b891e0f4638b6c4b9fa5fb44c91786b36f3,2026-09-22T09:29:29Z
final-20260922T090744Z,11,58,20260922,4096,256,2,blake2s,7217043,3738568,567545.4614860961,349602669,3449bec8a5b5300693d94f96bfbdfc86713fc3ed0313558846ef24bbb6931132,2026-09-22T09:29:30Z
final-20260922T090744Z,11,59,20260922,16384,256,2,blake2s,28991148,14348046,565138.0207503338,341774374,96f4b1f8fcd0e9fa3506a247d3f822166430477ed9250f1772c77d9493b651c6,2026-09-22T09:29:30Z
final-20260922T090744Z,11,60,20260922,262144,256,3,sha3_256,428706137,140216493,611477.1340443862,1636028509,b9e9546fceffff316882cfe06388969f8d2b1e7005f5652c9193e782b601ca89,2026-09-22T09:29:30Z
final-20260922T090744Z,11,61,20260922,262144,256,8,blake2s,306225173,50607644,856049.8061993094,1257082332,7acd79da2980b4227f52ee5da9f776a332b6f275bd56e708b22bba34ddbed3fb,2026-09-22T09:29:32Z
final-20260922T090744Z,11,62,20260922,65536,256,16,blake2s,74871709,10497698,875310.5929504028,556559313,c10b0a1440fcbc0f50de063b71fc9cbdac0bc057ea1482b66c9d217c60bee988,2026-09-22T09:29:33Z
final-20260922T090744Z,11,63,20260922,16384,256,3,nullhash,6735395,3765020,2432522.5172391525,29907833,000102030405060708090a0b0c0d0e0f101112131415161718191a1b1c1d1e1f,2026-09-22T09:29:34Z
final-20260922T090744Z,11,64,20260922,4096,256,16,nullhash,1366909,255561,2996541.8327042987,18734104,000102030405060708090a0b0c0d0e0f101112131415161718191a1b1c1d1e1f,2026-09-22T09:29:34Z
final-20260922T090744Z,11,65,20260922,4096,256,8,nullhash,1537990,435888,2663216.2757885293,20810697,000102030405060708090a0b0c0d0e0f101112131415161718191a1b1c1d1e1f,2026-09-22T09:29:34Z
final-20260922T090744Z,11,66,20260922,65536,256,8,blake2s,76899406,13514429,852230.2499969895,574026359,06e8251f9da62cea200f393248fd12e1006d0926d3363048df11e27f5b40be6d,2026-09-22T09:29:34Z
final-20260922T090744Z,11,67,20260922,1048576,256,4,sha256,962423046,308280077,1089516.7196567736,3245314123,fd9adf45ef158eee0499ded190ee0634d449b8ed8ed5f390b4bd2c25b331844d,2026-09-22T09:29:35Z
final-20260922T090744Z,11,68,20260922,262144,256,2,nullhash,145475647,96343922,1801978.5813360224,308488991,000102030405060708090a0b0c0d0e0f101112131415161718191a1b1c1d1e1f,2026-09-22T09:29:38Z
final-20260922T090744Z,11,69,20260922,4096,256,3,sha3_256,6786301,2515788,603568.8661614037,342384164,b03b52887e17e7bb261949f75fab810eaa3b0abe93247fb386ffb81e38b56185,2026-09-22T09:29:38Z
final-20260922T090744Z,11,70,20260922,16384,256,3,sha256,16303079,6776335,1004963.5409360402,360828187,25f7a45ae60aa17f3ac9f90472fb1acd186b36b923025c2e2af9df12959b3f55,2026-09-22T09:29:38Z
final-20260922T090744Z,11,71,20260922,16384,256,2,sha256,21954798,12926811,746260.5668246185,332172807,c8d1ab11c0ff45f9c649aad5c41d26e2e3051847df67524d2819349b51d7a8ac,2026-09-22T09:29:39Z
final-20260922T090744Z,11,72,20260922,1048576,256,2,blake2s,1870768958,837576216,560505.3448828928,6024541497,f594faa8e2cc7eb767b86bdc847beb5e18279a2855164e04d6e76e2320a61b63,2026-09-22T09:29:39Z
final-20260922T090744Z,11,73,20260922,65536,256,4,nullhash,22565674,10110041,2904234.1035326486,61326304,000102030405060708090a0b0c0d0e0f101112131415161718191a1b1c1d1e1f,2026-09-22T09:29:45Z
final-20260922T090744Z,11,74,20260922,65536,256,4,blake2s,85143062,22067972,769716.268837031,582043853,15fabb162c58e019b6fed9958bac8ce88ac26a028486dba2585536bb9a79edac,2026-09-22T09:29:45Z
final-20260922T090744Z,11,75,20260922,1048576,256,8,nullhash,280979328,74522549,3731861.7261409354,581694147,000102030405060708090a0b0c0d0e0f101112131415161718191a1b1c1d1e1f,2026-09-22T09:29:46Z
final-20260922T090744Z,11,76,20260922,4096,256,16,sha256,3277230,481079,1249835.989539947,304190464,d56452f62051ecf4810e2c233ff01d6f2d4d7df3b23a676a0ff1a95afe6b84c8,2026-09-22T09:29:46Z
final-20260922T090744Z,11,77,20260922,1048576,256,8,blake2s,1224010640,198865691,856672.2916722358,4046435377,064973adad4ee5f520a97590997979971876f0d2908931e812c811e8a477c37b,2026-09-22T09:29:47Z
final-20260922T090744Z,11,78,20260922,65536,256,2,nullhash,37186433,24094862,1762363.1715362428,90764853,000102030405060708090a0b0c0d0e0f101112131415161718191a1b1c1d1e1f,2026-09-22T09:29:51Z
final-20260922T090744Z,11,79,20260922,16384,256,2,sha3_256,34517154,17947708,474662.54025462235,366693560,2beec76ed79e48fe95d6d42bea0689837f52f1957f6a583504095165cc8d1238,2026-09-22T09:29:51Z
final-20260922T090744Z,11,80,20260922,262144,256,4,blake2s,340702260,85519205,769422.545069117,1350408550,f4a1a95e118ebba8edf32cb295de15d8a0f75df7a60fcfc955c71ce667349a4f,2026-09-22T09:29:51Z
final-20260922T090744Z,11,81,20260922,1048576,256,4,nullhash,343573183,138541548,3051972.772857537,709457117,000102030405060708090a0b0c0d0e0f101112131415161718191a1b1c1d1e1f,2026-09-22T09:29:53Z
final-20260922T090744Z,11,82,20260922,65536,256,8,sha256,50158097,10467398,1306588.6450995142,448667746,f24c516f1a67f2e369332f9d3f85c72fc23aa0210d12dc453d2bebbbc85571d5,2026-09-22T09:29:53Z
final-20260922T090744Z,11,83,20260922,1048576,256,8,sha256,813356250,149777382,1289196.462189846,2787795695,11008073f56d19ef25b5779d26d6b8c3a41343955c30b797d2d76220403ed313,2026-09-22T09:29:54Z
final-20260922T090744Z,11,84,20260922,262144,256,4,nullhash,86304225,36423660,3037441.0986252413,187712445,000102030405060708090a0b0c0d0e0f101112131415161718191a1b1c1d1e1f,2026-09-22T09:29:56Z
final-20260922T090744Z,11,85,20260922,65536,256,3,nullhash,25161171,13535523,2604648.249479327,67076320,000102030405060708090a0b0c0d0e0f101112131415161718191a1b1c1d1e1f,2026-09-22T09:29:57Z
final-20260922T090744Z,11,86,20260922,16384,256,8,nullhash,4699218,1451769,3486537.5473110634,24104716,000102030405060708090a0b0c0d0e0f101112131415161718191a1b1c1d1e1f,2026-09-22T09:29:57Z
final-20260922T090744Z,11,87,20260922,16384,256,8,blake2s,19196273,3498055,853499.0099380228,373168708,cec3e3da0c45a69e2d8930eb6caa89836e766da17b58deab553da9c9a09b05c3,2026-09-22T09:29:57Z
final-20260922T090744Z,11,88,20260922,4096,256,8,blake2s,5173743,959873,791689.8848667203,328634368,261a6fbe71efbd0b300eee814d7271ca6843873ea0aab188d5509a74694f8191,2026-09-22T09:29:57Z
final-20260922T090744Z,11,89,20260922,65536,256,3,sha3_256,107116614,36208931,611819.1898784254,649238700,7d32f04c6f66559574a32d7bcc4dfd43a6faf756f577b8f735577ce325964f99,2026-09-22T09:29:57Z
final-20260922T090744Z,11,90,20260922,262144,256,8,nullhash,69456394,18607917,3774224.155662328,154663036,000102030405060708090a0b0c0d0e0f101112131415161718191a1b1c1d1e1f,2026-09-22T09:29:58Z
final-20260922T090744Z,11,91,20260922,1048576,256,2,nullhash,579908764,383576200,1808174.087191412,1178851404,000102030405060708090a0b0c0d0e0f101112131415161718191a1b1c1d1e1f,2026-09-22T09:29:58Z
final-20260922T090744Z,11,92,20260922,4096,256,4,nullhash,1642929,729132,2493108.3449132615,17819998,000102030405060708090a0b0c0d0e0f101112131415161718191a1b1c1d1e1f,2026-09-22T09:29:59Z
final-20260922T090744Z,11,93,20260922,16384,256,8,sha256,12870237,2790903,1273014.63057751,340080896,75a5f07ec202b2e8bf782757d3b8b57e2ef664456b6ff32e89937102051b768e,2026-09-22T09:29:59Z
final-20260922T090744Z,11,94,20260922,4096,256,8,sha3_256,6014269,1153857,681047.0233373332,326672448,4b5c1c5d7d2b27763e9d21ad1afed5c2805a8193dff148f0aad6c6e62b6499ee,2026-09-22T09:30:00Z
final-20260922T090744Z,11,95,20260922,65536,256,2,blake2s,116990206,54144952,560183.6447745037,568081787,ec4932e7be03121bee1885efa61847571b1a6669b2d168c3dfad4d38b23b8281,2026-09-22T09:30:00Z
final-20260922T090744Z,11,96,20260922,4096,256,2,sha3_256,8660611,4864809,472945.84643046546,358465269,ee3342c752978bfd893fcf3722d3551fb022d0b599dfa4d47c5727cc53e3720f,2026-09-22T09:30:01Z
final-20260922T090744Z,11,97,20260922,1048576,256,16,nullhash,253806658,46575722,4131396.742161114,524834134,000102030405060708090a0b0c0d0e0f101112131415161718191a1b1c1d1e1f,2026-09-22T09:30:01Z
final-20260922T090744Z,11,98,20260922,16384,256,4,blake2s,21154790,5971392,774481.8076662543,381206369,6087b5a4baea72947053fcb075846bbcd71cf2904a4d62ee537e880b0cfc86a3,2026-09-22T09:30:02Z
final-20260922T090744Z,11,99,20260922,4096,256,3,nullhash,2081275,1126176,1968024.4081152177,23130844,000102030405060708090a0b0c0d0e0f101112131415161718191a1b1c1d1e1f,2026-09-22T09:30:02Z
final-20260922T090744Z,12,0,20260922,16384,256,3,nullhash,7022381,4063082,2333111.8035321636,33647957,000102030405060708090a0b0c0d0e0f101112131415161718191a1b1c1d1e1f,2026-09-22T09:30:02Z
final-20260922T090744Z,12,1,20260922,1048576,256,2,sha3_256,2311227049,1136076243,453688.0097754515,7361415570,e6adb21e7b3e55d53244e4385ff319132398e573acbb3ee727b54dba3adcadf0,2026-09-22T09:30:02Z
final-20260922T090744Z,12,2,20260922,4096,256,3,sha256,4421051,1912016,926476.532390149,339069628,88f8b7ddbf126d99ba35d4ca5dbe2d3e7f48b7357189f8cdef56204f6b145a4d,2026-09-22T09:30:09Z
final-20260922T090744Z,12,3,20260922,4096,256,4,blake2s,5674382,1624277,721840.7220381004,323088525,459ca9af078d1704b0a2d4ff4cfb9ac30914a5fe3331d4b7dce0dab47174393b,2026-09-22T09:30:10Z
final-20260922T090744Z,12,4,20260922,4096,256,16,blake2s,5003359,699819,818650.0309092352,319815781,1b2fa096f7049a0a159b9b46fda47097e7663672789ee28071fba47212909811,2026-09-22T09:30:10Z
final-20260922T090744Z,12,5,20260922,65536,256,3,nullhash,25781681,13417105,2541959.928834741,66913277,000102030405060708090a0b0c0d0e0f101112131415161718191a1b1c1d1e1f,2026-09-22T09:30:10Z
final-20260922T090744Z,12,6,20260922,4096,256,2,sha256,5583517,3463568,733587.808544328,339875510,21f5e721e8d3841fe8120999a88ece52e438cce0db6a78c8f9db76f8365ccdd3,2026-09-22T09:30:10Z
final-20260922T090744Z,12,7,20260922,262144,256,8,nullhash,69869940,19113652,3751885.288580468,158260273,000102030405060708090a0b0c0d0e0f101112131415161718191a1b1c1d1e1f,2026-09-22T09:30:11Z
final-20260922T090744Z,12,8,20260922,65536,256,8,sha3_256,86129129,14878138,760904.0142505098,580899839,cf348da5b068b7af7798fefbe43e81f68a37ace420b9026269ad07663ff98f1d,2026-09-22T09:30:11Z
final-20260922T090744Z,12,9,20260922,65536,256,4,sha256,59868473,18859748,1094666.3029137223,502450216,422a75a177e15a33c77aba30f99d4cc86a4907115b73caaa66ae5486f1f6fa28,2026-09-22T09:30:12Z
final-20260922T090744Z,12,10,20260922,65536,256,3,blake2s,91471957,27712498,716460.0184513379,611944662,0e8d867d450bca93825c83b1849db6904a56a3bfea02cea26a002336d48a31de,2026-09-22T09:30:12Z
final-20260922T090744Z,12,11,20260922,65536,256,3,sha3_256,110000878,37017767,595777.062797626,654855690,7d32f04c6f66559574a32d7bcc4dfd43a6faf756f577b8f735577ce325964f99,2026-09-22T09:30:13Z
final-20260922T090744Z,12,12,20260922,65536,256,2,sha3_256,145044334,70533954,451834.2646876506,659327317,d63ffda16b17575b170fcbb398dbd05ec0b9f8a00a9493bb0f6e8bb2d1778f5f,2026-09-22T09:30:13Z
final-20260922T090744Z,12,13,20260922,1048576,256,3,sha256,1080643819,407969388,970325.2649613313,3519098029,5f1024e2eaeece60bda47502efe68cd55b1cf12c77924d95cea59a223d140912,2026-09-22T09:30:14Z
final-20260922T090744Z,12,14,20260922,4096,256,8,sha256,3504207,773682,1168880.7196606821,324915618,9e1e0cb13be2d3c60ccf5b55958f95bda3778dcbea9720c96d182a7902d8a513,2026-09-22T09:30:17Z
final-20260922T090744Z,12,15,20260922,4096,256,8,blake2s,6434183,965882,636599.8604640248,286632664,261a6fbe71efbd0b300eee814d7271ca6843873ea0aab188d5509a74694f8191,2026-09-22T09:30:18Z
final-20260922T090744Z,12,16,20260922,1048576,256,8,blake2s,1250494634,200311998,838528.988042023,4120130865,064973adad4ee5f520a97590997979971876f0d2908931e812c811e8a477c37b,2026-09-22T09:30:18Z
final-20260922T090744Z,12,17,20260922,16384,256,2,sha3_256,36344832,18025810,450793.1141351816,363139282,2beec76ed79e48fe95d6d42bea0689837f52f1957f6a583504095165cc8d1238,2026-09-22T09:30:22Z
final-20260922T090744Z,12,18,20260922,16384,256,16,blake2s,18051497,2667126,907625.5559303475,371871441,bcc59923e0515b49362980c1bad2fbf21f74480c7a61a9bce386e7eb0669b5a0,2026-09-22T09:30:23Z
final-20260922T090744Z,12,19,20260922,65536,256,16,nullhash,16063155,3419236,4079895.8859576466,48124043,000102030405060708090a0b0c0d0e0f101112131415161718191a1b1c1d1e1f,2026-09-22T09:30:23Z
final-20260922T090744Z,12,20,20260922,65536,256,4,sha3_256,95668589,25195178,685031.5310911505,609103422,6e6c5d411895402f18a616b478c2fbb4db78de4732c2e3edcf176e60b574fe13,2026-09-22T09:30:23Z
final-20260922T090744Z,12,21,20260922,1048576,256,2,blake2s,1919623182,896505892,546240.5381599523,6170237802,f594faa8e2cc7eb767b86bdc847beb5e18279a2855164e04d6e76e2320a61b63,2026-09-22T09:30:24Z
final-20260922T090744Z,12,22,20260922,262144,256,2,blake2s,484316473,234143299,541265.9172548938,1692587175,eed051985d2c920d928e8e3c4fc4f9c2020a4d16feb67ed8288fb50e74feee62,2026-09-22T09:30:30Z
final-20260922T090744Z,12,23,20260922,65536,256,8,nullhash,19394653,5800604,3379075.6658549136,54920353,000102030405060708090a0b0c0d0e0f101112131415161718191a1b1c1d1e1f,2026-09-22T09:30:31Z
final-20260922T090744Z,12,24,20260922,4096,256,8,sha3_256,8577768,1556600,477513.49768377974,345307927,4b5c1c5d7d2b27763e9d21ad1afed5c2805a8193dff148f0aad6c6e62b6499ee,2026-09-22T09:30:32Z
final-20260922T090744Z,12,25,20260922,1048576,256,2,nullhash,602400606,379811169,1740662.2595595464,1216415719,000102030405060708090a0b0c0d0e0f101112131415161718191a1b1c1d1e1f,2026-09-22T09:30:32Z
final-20260922T090744Z,12,26,20260922,1048576,256,3,blake2s,1470715796,438775772,712969.8360838167,4655471727,f62c9ab517538e8259fe5f079856567efdcc43944ff9c37ba8139535ad3eaa38,2026-09-22T09:30:33Z
final-20260922T090744Z,12,27,20260922,262144,256,16,sha256,188825035,24523884,1388290.4880700803,889323882,8f09c92e01d5dc13b6a51118211630318ef632d26218ac7acc81bcf8d2969877,2026-09-22T09:30:38Z
final-20260922T090744Z,12,28,20260922,65536,256,16,sha256,47510149,6955409,1379410.5339471782,456189352,63915f25f1917098dc348cc0fb3e1be5ff5801743a711c4c5d2a15a33dfa40bd,2026-09-22T09:30:39Z
final-20260922T090744Z,12,29,20260922,65536,256,16,sha3_256,82650749,10862579,792926.873536258,582112687,7c67c473bb32a89d122340bdf74f49f4c2a22d0253192dc8ebdc659711017198,2026-09-22T09:30:39Z
final-20260922T090744Z,12,30,20260922,1048576,256,16,sha3_256,1314686305,158676549,797586.4630308141,4352237637,a32f0be7cad150453b4d59e7a089c1840eccb4c457b26cc0f3e36f4e99960f80,2026-09-22T09:30:40Z
final-20260922T090744Z,12,31,20260922,1048576,256,3,sha3_256,1745763264,563849835,600640.4313935661,5462220524,cbe999d04f925a4e957334cf674ecf2f0a32194f7b4e7b28da44a44614b05f58,2026-09-22T09:30:44Z
final-20260922T090744Z,12,32,20260922,262144,256,16,sha3_256,360880819,40684068,726400.4795998869,1413143371,27f7c0d2b0ff7977d3da8279573dc66d1d971e761dbb840af56e5b5abcb7dde8,2026-09-22T09:30:49Z
final-20260922T090744Z,12,33,20260922,1048576,256,8,sha3_256,1412347731,227133415,742434.7255173237,4667562843,cb15ce8d6f849eba3ba927622df1e38654715237f1da3204afec0eb577910fd2,2026-09-22T09:30:51Z
final-20260922T090744Z,12,34,20260922,65536,256,3,sha256,71409731,29146252,917746.070209955,548363484,6cefb37f530c76678a092e56d1ca964e9d2504b927f8758afae52198f5f5ef47,2026-09-22T09:30:56Z
final-20260922T090744Z,12,35,20260922,1048576,256,4,blake2s,1369752285,360173048,765522.3586650195,4593023911,672c0d052350b2500d588f38e8362b342d03e1eee42964c1fc91c2e643b93d2c,2026-09-22T09:30:56Z
final-20260922T090744Z,12,36,20260922,16384,256,16,sha256,12421580,2061274,1318994.8460662814,315252639,82155b7ef0c2ae48c915c324bc8f159897ff184f24c5875a1f8eb08011fb4e1d,2026-09-22T09:31:01Z
final-20260922T090744Z,12,37,20260922,16384,256,16,nullhash,4808544,1156291,3407268.395589185,27952150,000102030405060708090a0b0c0d0e0f101112131415161718191a1b1c1d1e1f,2026-09-22T09:31:01Z
final-20260922T090744Z,12,38,20260922,65536,256,8,sha256,51908167,12735691,1262537.3575607091,499249030,f24c516f1a67f2e369332f9d3f85c72fc23aa0210d12dc453d2bebbbc85571d5,2026-09-22T09:31:01Z
final-20260922T090744Z,12,39,20260922,16384,256,8,nullhash,4984152,1652652,3287219.169880854,25775160,000102030405060708090a0b0c0d0e0f101112131415161718191a1b1c1d1e1f,2026-09-22T09:31:02Z
final-20260922T090744Z,12,40,20260922,16384,256,4,nullhash,5736285,2707597,2856203.9717343193,28537142,000102030405060708090a0b0c0d0e0f101112131415161718191a1b1c1d1e1f,2026-09-22T09:31:02Z
final-20260922T090744Z,12,41,20260922,16384,256,2,nullhash,16433547,8477069,996985.0087750381,46196097,000102030405060708090a0b0c0d0e0f101112131415161718191a1b1c1d1e1f,2026-09-22T09:31:02Z
final-20260922T090744Z,12,42,20260922,16384,256,8,sha3_256,26276184,6619528,623530.4182677362,419478681,96fea16fc4e4d9970a9163349be86aef94c806c1e54aec88fefed6958f9edbbc,2026-09-22T09:31:02Z
final-20260922T090744Z,12,43,20260922,1048576,256,8,sha256,820522504,154753116,1277936.9181079767,2859058347,11008073f56d19ef25b5779d26d6b8c3a41343955c30b797d2d76220403ed313,2026-09-22T09:31:02Z
final-20260922T090744Z,12,44,20260922,16384,256,2,blake2s,28798714,14612439,568914.2924923662,345535785,96f4b1f8fcd0e9fa3506a247d3f822166430477ed9250f1772c77d9493b651c6,2026-09-22T09:31:05Z
final-20260922T090744Z,12,45,20260922,4096,256,16,nullhash,1356944,281171,3018547.5598108694,21499249,000102030405060708090a0b0c0d0e0f101112131415161718191a1b1c1d1e1f,2026-09-22T09:31:05Z
final-20260922T090744Z,12,46,20260922,16384,256,4,blake2s,24907769,10957664,657786.7331273226,428199647,6087b5a4baea72947053fcb075846bbcd71cf2904a4d62ee537e880b0cfc86a3,2026-09-22T09:31:05Z
final-20260922T090744Z,12,47,20260922,16384,256,2,sha256,22213504,13201416,737569.3632125756,327555307,c8d1ab11c0ff45f9c649aad5c41d26e2e3051847df67524d2819349b51d7a8ac,2026-09-22T09:31:06Z
final-20260922T090744Z,12,48,20260922,262144,256,3,nullhash,104118996,53550670,2517734.612039478,230540451,000102030405060708090a0b0c0d0e0f101112131415161718191a1b1c1d1e1f,2026-09-22T09:31:06Z
final-20260922T090744Z,12,49,20260922,65536,256,4,blake2s,85320141,22559026,768118.7493583724,592651309,15fabb162c58e019b6fed9958bac8ce88ac26a028486dba2585536bb9a79edac,2026-09-22T09:31:06Z
final-20260922T090744Z,12,50,20260922,262144,256,4,nullhash,86826807,36435895,3019159.739456963,193781968,000102030405060708090a0b0c0d0e0f101112131415161718191a1b1c1d1e1f,2026-09-22T09:31:07Z
final-20260922T090744Z,12,51,20260922,4096,256,4,nullhash,1691340,756820,2421748.4361512177,18818264,000102030405060708090a0b0c0d0e0f101112131415161718191a1b1c1d1e1f,2026-09-22T09:31:07Z
final-20260922T090744Z,12,52,20260922,262144,256,16,nullhash,62916473,12537870,4166539.9775349773,143452899,000102030405060708090a0b0c0d0e0f101112131415161718191a1b1c1d1e1f,2026-09-22T09:31:07Z
final-20260922T090744Z,12,53,20260922,1048576,256,16,sha256,747134276,94728179,1403463.920319458,2596576802,204a0ba5a3435eb2eda994b98b6870442595c0ed813a7bed842dc70354353fc2,2026-09-22T09:31:07Z
final-20260922T090744Z,12,54,20260922,4096,256,4,sha3_256,6335414,1914438,646524.4418123267,329660408,d2582b5797cb45c3e51b7d1789033e0d7ba602885fba67182ecf11d7ab4107ea,2026-09-22T09:31:10Z
final-20260922T090744Z,12,55,20260922,16384,256,3,blake2s,22509439,7387791,727872.427207093,386765999,b30f84204a994a3c7311c54dc9e54bacefddcc74fd1f41171768c004e671ab8b,2026-09-22T09:31:10Z
final-20260922T090744Z,12,56,20260922,262144,256,3,sha3_256,429652300,140803098,610130.5637139613,1625033057,b9e9546fceffff316882cfe06388969f8d2b1e7005f5652c9193e782b601ca89,2026-09-22T09:31:11Z
final-20260922T090744Z,12,57,20260922,262144,256,8,sha256,201789605,38551287,1299095.6595608578,930069071,298ecf21d5d46c2ffbf7dc0ee7b10355db667625bb517cce25e9e0ce5fc9b28c,2026-09-22T09:31:12Z
final-20260922T090744Z,12,58,20260922,4096,256,3,blake2s,5976491,2082485,685351.9899887744,348668773,dd77f8d25572690c16f541fce5e0004633e7df9bb8cefd990c6740216c926dc2,2026-09-22T09:31:13Z
final-20260922T090744Z,12,59,20260922,4096,256,16,sha256,3426559,532936,1195368.2980506099,307858962,d56452f62051ecf4810e2c233ff01d6f2d4d7df3b23a676a0ff1a95afe6b84c8,2026-09-22T09:31:13Z
final-20260922T090744Z,12,60,20260922,4096,256,4,sha256,4044932,1572692,1012625.1813380299,331402018,5d6f240ce86b74dc9a3b279da4cf065a81e627fa0b51e0af13b39d29490596bb,2026-09-22T09:31:14Z
final-20260922T090744Z,12,61,20260922,262144,256,4,sha256,246598742,76145190,1063038.6751932416,1089098612,56ec6e66ef5807a118558efc4a7cd511c1d7757c4b8d8a3dd33e39c5f45fd60c,2026-09-22T09:31:14Z
final-20260922T090744Z,12,62,20260922,1048576,256,16,blake2s,1185233872,140614765,884699.6569804411,3926767968,4eb3d1779b2e11941769961e4222a6f78a1837242058b17be7978d14cb2b7c80,2026-09-22T09:31:15Z
final-20260922T090744Z,12,63,20260922,16384,256,3,sha256,16250902,7379093,1008190.1915352144,384368939,25f7a45ae60aa17f3ac9f90472fb1acd186b36b923025c2e2af9df12959b3f55,2026-09-22T09:31:19Z
final-20260922T090744Z,12,64,20260922,65536,256,2,sha256,93344633,50972550,702086.4284720044,499343738,1aff050731f4ff3b64610d2bf99b4c2d38878776411f089ea1c78251fc9ea3c8,2026-09-22T09:31:19Z
final-20260922T090744Z,12,65,20260922,4096,256,2,nullhash,2706959,1894469,1513137.066353794,22036058,000102030405060708090a0b0c0d0e0f101112131415161718191a1b1c1d1e1f,2026-09-22T09:31:20Z
final-20260922T090744Z,12,66,20260922,4096,256,2,sha3_256,8819859,5212486,464406.51715634007,368439901,ee3342c752978bfd893fcf3722d3551fb022d0b599dfa4d47c5727cc53e3720f,2026-09-22T09:31:20Z
final-20260922T090744Z,12,67,20260922,16384,256,4,sha3_256,23870427,6925879,686372.3049445241,397276228,b0ecec4470595a75a59c4ebede216b891e0f4638b6c4b9fa5fb44c91786b36f3,2026-09-22T09:31:20Z
final-20260922T090744Z,12,68,20260922,262144,256,8,blake2s,308884689,50180037,848679.1651884047,1264570055,7acd79da2980b4227f52ee5da9f776a332b6f275bd56e708b22bba34ddbed3fb,2026-09-22T09:31:21Z
final-20260922T090744Z,12,69,20260922,262144,256,3,blake2s,367872250,111063002,712595.2011873687,1451384333,aca78fa27076d3b3dc710ee06a48fd26d2db5a51e0f20d70e12a74bcecf9af54,2026-09-22T09:31:22Z
final-20260922T090744Z,12,70,20260922,16384,256,16,sha3_256,20481245,3060954,799951.3701437584,389072996,af59672f489342e08480fa9448fa4bde1dd1d203e62322dcc439feec4caa3fe9,2026-09-22T09:31:23Z
final-20260922T090744Z,12,71,20260922,1048576,256,4,nullhash,343284851,138263582,3054536.1874998673,706226890,000102030405060708090a0b0c0d0e0f101112131415161718191a1b1c1d1e1f,2026-09-22T09:31:24Z
final-20260922T090744Z,12,72,20260922,262144,256,3,sha256,267919327,105327144,978443.7835647445,1159046849,b2c4c8f4e14b843f84f4adb34fee56a737067ec23d123ac06a11c1efed07ba15,2026-09-22T09:31:25Z
final-20260922T090744Z,12,73,20260922,4096,256,3,nullhash,2017056,1011959,2030682.340995986,19516654,000102030405060708090a0b0c0d0e0f101112131415161718191a1b1c1d1e1f,2026-09-22T09:31:26Z
final-20260922T090744Z,12,74,20260922,262144,256,8,sha3_256,350270162,58572309,748405.1696073387,1358246812,86f629536e38e29d21acb6ba75134abbe666399b65bd632a228cdc086541fd78,2026-09-22T09:31:26Z
final-20260922T090744Z,12,75,20260922,16384,256,4,sha256,14730095,5370443,1112280.6743608918,362903315,f9302c40648f7da2e6005a6911389669956ec33514d6fd72f0e5a96dfee01348,2026-09-22T09:31:27Z
final-20260922T090744Z,12,76,20260922,262144,256,2,sha256,383507581,195377174,683543.2022398536,1335684401,740342ae28863cbe589c2a4e9d636be7cff4b142a0b87c6ede0fcf7cae92afdd,2026-09-22T09:31:27Z
final-20260922T090744Z,12,77,20260922,4096,256,2,blake2s,7412303,4187329,552594.7873420716,355572049,3449bec8a5b5300693d94f96bfbdfc86713fc3ed0313558846ef24bbb6931132,2026-09-22T09:31:29Z
final-20260922T090744Z,12,78,20260922,1048576,256,16,nullhash,257211802,55128061,4076702.5146070085,534861207,000102030405060708090a0b0c0d0e0f101112131415161718191a1b1c1d1e1f,2026-09-22T09:31:29Z
final-20260922T090744Z,12,79,20260922,4096,256,16,sha3_256,5949233,849905,688492.1131850106,333473502,a4209cd3ce27c1cda8e39a6dbb59980104429c8edf38c63e6a7a81dc6bff8b24,2026-09-22T09:31:30Z
final-20260922T090744Z,12,80,20260922,1048576,256,4,sha256,967734288,297473892,1083537.0958768798,3224026379,fd9adf45ef158eee0499ded190ee0634d449b8ed8ed5f390b4bd2c25b331844d,2026-09-22T09:31:30Z
final-20260922T090744Z,12,81,20260922,65536,256,2,nullhash,36818559,25024332,1779971.8886336642,91560796,000102030405060708090a0b0c0d0e0f101112131415161718191a1b1c1d1e1f,2026-09-22T09:31:33Z
final-20260922T090744Z,12,82,20260922,65536,256,16,blake2s,73281452,9525079,894305.4239700382,531388186,c10b0a1440fcbc0f50de063b71fc9cbdac0bc057ea1482b66c9d217c60bee988,2026-09-22T09:31:33Z
final-20260922T090744Z,12,83,20260922,65536,256,8,blake2s,78145368,13598543,838642.1572677218,548239907,06e8251f9da62cea200f393248fd12e1006d0926d3363048df11e27f5b40be6d,2026-09-22T09:31:34Z
final-20260922T090744Z,12,84,20260922,262144,256,2,sha3_256,578746009,285433018,452951.7196204113,1962076879,bfe92fc58e742ec32b00df7756ef8482a29ef3b1ea96a58b6f515ae0e4f865b5,2026-09-22T09:31:34Z
final-20260922T090744Z,12,85,20260922,1048576,256,8,nullhash,282994399,74056708,3705288.881000079,583032632,000102030405060708090a0b0c0d0e0f101112131415161718191a1b1c1d1e1f,2026-09-22T09:31:36Z
final-20260922T090744Z,12,86,20260922,262144,256,16,blake2s,297126280,36317791,882264.6048003562,1233014503,40ee6220a757588d87c979b3ced12493ff7aca3ea6c9e575e9d5bde4ba8d134d,2026-09-22T09:31:37Z
final-20260922T090744Z,12,87,20260922,4096,256,3,sha3_256,7103083,2843221,576651.011961989,351254039,b03b52887e17e7bb261949f75fab810eaa3b0abe93247fb386ffb81e38b56185,2026-09-22T09:31:38Z
final-20260922T090744Z,12,88,20260922,262144,256,4,sha3_256,390443007,98786996,671401.4473308264,1525788178,95331f82e68d735cdd3d5ba2066f5bf023e72935b3c1a32f61e1d22918a03097,2026-09-22T09:31:39Z
final-20260922T090744Z,12,89,20260922,16384,256,3,sha3_256,26483790,9817730,618642.5734383183,395418793,b1fcafc1efd7c2e83a0277ea77e40ffbf1804373ebc9b047f0846bf0895a5176,2026-09-22T09:31:40Z
final-20260922T090744Z,12,90,20260922,65536,256,2,blake2s,118838945,55340965,551469.0491404143,583047005,ec4932e7be03121bee1885efa61847571b1a6669b2d168c3dfad4d38b23b8281,2026-09-22T09:31:40Z
final-20260922T090744Z,12,91,20260922,1048576,256,2,sha256,1452125426,775486927,722097.4037266116,4760690991,f36df66f9ac61c8c5db4a352461181bf7cc01ea8793cbc773f1d3e80755388d9,2026-09-22T09:31:41Z
final-20260922T090744Z,12,92,20260922,65536,256,4,nullhash,21837263,9868285,3001108.701214067,61559311,000102030405060708090a0b0c0d0e0f101112131415161718191a1b1c1d1e1f,2026-09-22T09:31:46Z
final-20260922T090744Z,12,93,20260922,4096,256,8,nullhash,1400341,412677,2925001.8388378257,19033643,000102030405060708090a0b0c0d0e0f101112131415161718191a1b1c1d1e1f,2026-09-22T09:31:46Z
final-20260922T090744Z,12,94,20260922,16384,256,8,blake2s,19311520,3803897,848405.5113217396,384418456,cec3e3da0c45a69e2d8930eb6caa89836e766da17b58deab553da9c9a09b05c3,2026-09-22T09:31:46Z
final-20260922T090744Z,12,95,20260922,262144,256,4,blake2s,346548396,87816761,756442.687445017,1381329705,f4a1a95e118ebba8edf32cb295de15d8a0f75df7a60fcfc955c71ce667349a4f,2026-09-22T09:31:46Z
final-20260922T090744Z,12,96,20260922,1048576,256,4,sha3_256,1561678813,394624593,671441.522591752,5097075002,4162dd925fdbdda96c8d77b0013cc6c8217c1e0e54d4215dacd09de27dcda9a9,2026-09-22T09:31:48Z
final-20260922T090744Z,12,97,20260922,262144,256,2,nullhash,149874248,93087405,1749093.0129637748,312871203,000102030405060708090a0b0c0d0e0f101112131415161718191a1b1c1d1e1f,2026-09-22T09:31:53Z
final-20260922T090744Z,12,98,20260922,16384,256,8,sha256,12902931,3027630,1269789.0115044403,358894663,75a5f07ec202b2e8bf782757d3b8b57e2ef664456b6ff32e89937102051b768e,2026-09-22T09:31:53Z
final-20260922T090744Z,12,99,20260922,1048576,256,3,nullhash,413736103,201970080,2534407.7840845324,855982510,000102030405060708090a0b0c0d0e0f101112131415161718191a1b1c1d1e1f,2026-09-22T09:31:53Z
final-20260922T090744Z,13,0,20260922,1048576,256,16,blake2s,1180234372,142076853,888447.2651165933,3936959986,4eb3d1779b2e11941769961e4222a6f78a1837242058b17be7978d14cb2b7c80,2026-09-22T09:31:54Z
final-20260922T090744Z,13,1,20260922,65536,256,4,nullhash,22123206,9626081,2962319.294952097,61484238,000102030405060708090a0b0c0d0e0f101112131415161718191a1b1c1d1e1f,2026-09-22T09:31:58Z
final-20260922T090744Z,13,2,20260922,65536,256,3,sha256,67000012,26712503,978149.0785404636,520625486,6cefb37f530c76678a092e56d1ca964e9d2504b927f8758afae52198f5f5ef47,2026-09-22T09:31:58Z
final-20260922T090744Z,13,3,20260922,65536,256,8,blake2s,77637542,13427793,844127.7030640666,559891895,06e8251f9da62cea200f393248fd12e1006d0926d3363048df11e27f5b40be6d,2026-09-22T09:31:59Z
final-20260922T090744Z,13,4,20260922,16384,256,4,nullhash,5844428,2838504,2803353.895368375,28948086,000102030405060708090a0b0c0d0e0f101112131415161718191a1b1c1d1e1f,2026-09-22T09:31:59Z
final-20260922T090744Z,13,5,20260922,16384,256,4,blake2s,21225328,6337613,771907.9771111193,394603450,6087b5a4baea72947053fcb075846bbcd71cf2904a4d62ee537e880b0cfc86a3,2026-09-22T09:31:59Z
final-20260922T090744Z,13,6,20260922,4096,256,16,blake2s,5174009,720085,791649.1834474968,346859952,1b2fa096f7049a0a159b9b46fda47097e7663672789ee28071fba47212909811,2026-09-22T09:32:00Z
final-20260922T090744Z,13,7,20260922,262144,256,4,blake2s,348521719,87040503,752159.7240830779,1399271710,f4a1a95e118ebba8edf32cb295de15d8a0f75df7a60fcfc955c71ce667349a4f,2026-09-22T09:32:00Z
final-20260922T090744Z,13,8,20260922,65536,256,3,nullhash,25993115,13922146,2521283.0397587977,69314504,000102030405060708090a0b0c0d0e0f101112131415161718191a1b1c1d1e1f,2026-09-22T09:32:02Z
final-20260922T090744Z,13,9,20260922,262144,256,16,blake2s,296065159,36683261,885426.7110842313,1235621716,40ee6220a757588d87c979b3ced12493ff7aca3ea6c9e575e9d5bde4ba8d134d,2026-09-22T09:32:02Z
final-20260922T090744Z,13,10,20260922,16384,256,2,blake2s,28726680,13563489,570340.8817169266,342064474,96f4b1f8fcd0e9fa3506a247d3f822166430477ed9250f1772c77d9493b651c6,2026-09-22T09:32:03Z
final-20260922T090744Z,13,11,20260922,4096,256,3,blake2s,6230194,2235022,657443.4118744938,339534228,dd77f8d25572690c16f541fce5e0004633e7df9bb8cefd990c6740216c926dc2,2026-09-22T09:32:03Z
final-20260922T090744Z,13,12,20260922,1048576,256,4,sha3_256,1564731655,392930943,670131.5184935016,5090658992,4162dd925fdbdda96c8d77b0013cc6c8217c1e0e54d4215dacd09de27dcda9a9,2026-09-22T09:32:04Z
final-20260922T090744Z,13,13,20260922,1048576,256,3,nullhash,408575987,196022867,2566416.121758032,830079491,000102030405060708090a0b0c0d0e0f101112131415161718191a1b1c1d1e1f,2026-09-22T09:32:09Z
final-20260922T090744Z,13,14,20260922,65536,256,2,sha256,89957156,50653120,728524.5878604699,488967828,1aff050731f4ff3b64610d2bf99b4c2d38878776411f089ea1c78251fc9ea3c8,2026-09-22T09:32:09Z
final-20260922T090744Z,13,15,20260922,1048576,256,2,sha3_256,2257571783,1093043129,464470.72376435704,7192923340,e6adb21e7b3e55d53244e4385ff319132398e573acbb3ee727b54dba3adcadf0,2026-09-22T09:32:10Z
final-20260922T090744Z,13,16,20260922,65536,256,4,sha3_256,95995142,25369461,682701.2141926931,621837609,6e6c5d411895402f18a616b478c2fbb4db78de4732c2e3edcf176e60b574fe13,2026-09-22T09:32:17Z
final-20260922T090744Z,13,17,20260922,16384,256,8,sha3_256,21500620,4332124,762024.5369668409,394025732,96fea16fc4e4d9970a9163349be86aef94c806c1e54aec88fefed6958f9edbbc,2026-09-22T09:32:18Z
final-20260922T090744Z,13,18,20260922,4096,256,2,sha256,5820399,3702421,703731.8231963135,348537713,21f5e721e8d3841fe8120999a88ece52e438cce0db6a78c8f9db76f8365ccdd3,2026-09-22T09:32:18Z
final-20260922T090744Z,13,19,20260922,262144,256,16,sha256,195459033,24643350,1341171.0678012,916294439,8f09c92e01d5dc13b6a51118211630318ef632d26218ac7acc81bcf8d2969877,2026-09-22T09:32:18Z
final-20260922T090744Z,13,20,20260922,65536,256,2,blake2s,117589471,54314455,557328.8105020899,575464042,ec4932e7be03121bee1885efa61847571b1a6669b2d168c3dfad4d38b23b8281,2026-09-22T09:32:19Z
final-20260922T090744Z,13,21,20260922,4096,256,4,sha3_256,6745643,2016263,607206.7555309405,331587042,d2582b5797cb45c3e51b7d1789033e0d7ba602885fba67182ecf11d7ab4107ea,2026-09-22T09:32:20Z
final-20260922T090744Z,13,22,20260922,262144,256,8,nullhash,71013457,20538667,3691469.3506612414,161455017,000102030405060708090a0b0c0d0e0f101112131415161718191a1b1c1d1e1f,2026-09-22T09:32:20Z
final-20260922T090744Z,13,23,20260922,65536,256,16,blake2s,73292269,9847678,894173.4359458841,545279628,c10b0a1440fcbc0f50de063b71fc9cbdac0bc057ea1482b66c9d217c60bee988,2026-09-22T09:32:20Z
final-20260922T090744Z,13,24,20260922,1048576,256,3,blake2s,1471631916,432454196,712525.9982469693,4668303218,f62c9ab517538e8259fe5f079856567efdcc43944ff9c37ba8139535ad3eaa38,2026-09-22T09:32:21Z
final-20260922T090744Z,13,25,20260922,1048576,256,4,blake2s,1387056308,359627623,755972.1937402415,4603984568,672c0d052350b2500d588f38e8362b342d03e1eee42964c1fc91c2e643b93d2c,2026-09-22T09:32:26Z
final-20260922T090744Z,13,26,20260922,4096,256,16,sha3_256,5961098,857185,687121.73495554,349850895,a4209cd3ce27c1cda8e39a6dbb59980104429c8edf38c63e6a7a81dc6bff8b24,2026-09-22T09:32:30Z
final-20260922T090744Z,13,27,20260922,262144,256,2,sha3_256,566816866,278060956,462484.47377710877,1943663811,bfe92fc58e742ec32b00df7756ef8482a29ef3b1ea96a58b6f515ae0e4f865b5,2026-09-22T09:32:31Z
final-20260922T090744Z,13,28,20260922,16384,256,2,nullhash,9210364,6804657,1778865.6344092372,36385678,000102030405060708090a0b0c0d0e0f101112131415161718191a1b1c1d1e1f,2026-09-22T09:32:33Z
final-20260922T090744Z,13,29,20260922,16384,256,16,nullhash,4754359,1022777,3446100.725670906,26283337,000102030405060708090a0b0c0d0e0f101112131415161718191a1b1c1d1e1f,2026-09-22T09:32:33Z
final-20260922T090744Z,13,30,20260922,65536,256,2,sha3_256,141423759,69028973,463401.62687939865,650085330,d63ffda16b17575b170fcbb398dbd05ec0b9f8a00a9493bb0f6e8bb2d1778f5f,2026-09-22T09:32:33Z
final-20260922T090744Z,13,31,20260922,65536,256,8,sha3_256,85840073,15151140,763466.2659245408,594090062,cf348da5b068b7af7798fefbe43e81f68a37ace420b9026269ad07663ff98f1d,2026-09-22T09:32:33Z
final-20260922T090744Z,13,32,20260922,65536,256,3,blake2s,91614711,28711258,715343.6307843617,601500498,0e8d867d450bca93825c83b1849db6904a56a3bfea02cea26a002336d48a31de,2026-09-22T09:32:34Z
final-20260922T090744Z,13,33,20260922,4096,256,4,blake2s,5861097,1727181,698845.284423718,328393548,459ca9af078d1704b0a2d4ff4cfb9ac30914a5fe3331d4b7dce0dab47174393b,2026-09-22T09:32:34Z
final-20260922T090744Z,13,34,20260922,1048576,256,2,blake2s,1883626740,864343969,556679.2919917882,6061384942,f594faa8e2cc7eb767b86bdc847beb5e18279a2855164e04d6e76e2320a61b63,2026-09-22T09:32:35Z
final-20260922T090744Z,13,35,20260922,65536,256,16,sha3_256,82899648,10834629,790546.1793999415,565772624,7c67c473bb32a89d122340bdf74f49f4c2a22d0253192dc8ebdc659711017198,2026-09-22T09:32:41Z
final-20260922T090744Z,13,36,20260922,65536,256,8,nullhash,18204382,5620157,3600012.3486751704,54031208,000102030405060708090a0b0c0d0e0f101112131415161718191a1b1c1d1e1f,2026-09-22T09:32:41Z
final-20260922T090744Z,13,37,20260922,1048576,256,8,nullhash,288839863,77952117,3630302.234286824,590244320,000102030405060708090a0b0c0d0e0f101112131415161718191a1b1c1d1e1f,2026-09-22T09:32:42Z
final-20260922T090744Z,13,38,20260922,1048576,256,3,sha3_256,1772977848,580302309,591420.8128335284,5520248430,cbe999d04f925a4e957334cf674ecf2f0a32194f7b4e7b28da44a44614b05f58,2026-09-22T09:32:42Z
final-20260922T090744Z,13,39,20260922,65536,256,4,sha256,59691187,18990068,1097917.520051997,507731755,422a75a177e15a33c77aba30f99d4cc86a4907115b73caaa66ae5486f1f6fa28,2026-09-22T09:32:48Z
final-20260922T090744Z,13,40,20260922,16384,256,3,blake2s,22518531,7719784,727578.5440888661,309481240,b30f84204a994a3c7311c54dc9e54bacefddcc74fd1f41171768c004e671ab8b,2026-09-22T09:32:48Z
final-20260922T090744Z,13,41,20260922,262144,256,2,blake2s,470950010,214271661,556628.0803348959,1638770337,eed051985d2c920d928e8e3c4fc4f9c2020a4d16feb67ed8288fb50e74feee62,2026-09-22T09:32:48Z
final-20260922T090744Z,13,42,20260922,262144,256,3,blake2s,373012992,108903307,702774.4492073884,1454647715,aca78fa27076d3b3dc710ee06a48fd26d2db5a51e0f20d70e12a74bcecf9af54,2026-09-22T09:32:50Z
final-20260922T090744Z,13,43,20260922,16384,256,8,nullhash,5057743,1543720,3239389.585433661,26522077,000102030405060708090a0b0c0d0e0f101112131415161718191a1b1c1d1e1f,2026-09-22T09:32:52Z
final-20260922T090744Z,13,44,20260922,262144,256,16,nullhash,64700346,13359903,4051663.0312919808,146246920,000102030405060708090a0b0c0d0e0f101112131415161718191a1b1c1d1e1f,2026-09-22T09:32:52Z
final-20260922T090744Z,13,45,20260922,16384,256,3,sha256,16412045,6925279,998291.1940589976,366428905,25f7a45ae60aa17f3ac9f90472fb1acd186b36b923025c2e2af9df12959b3f55,2026-09-22T09:32:52Z
final-20260922T090744Z,13,46,20260922,1048576,256,16,nullhash,253599512,49580980,4134771.3634401625,531233817,000102030405060708090a0b0c0d0e0f101112131415161718191a1b1c1d1e1f,2026-09-22T09:32:52Z
final-20260922T090744Z,13,47,20260922,4096,256,3,nullhash,1974830,1025249,2074102.580981654,22852462,000102030405060708090a0b0c0d0e0f101112131415161718191a1b1c1d1e1f,2026-09-22T09:32:53Z
final-20260922T090744Z,13,48,20260922,16384,256,4,sha3_256,26102394,7505456,627681.8900212754,430733814,b0ecec4470595a75a59c4ebede216b891e0f4638b6c4b9fa5fb44c91786b36f3,2026-09-22T09:32:53Z
final-20260922T090744Z,13,49,20260922,262144,256,4,sha3_256,409203163,98853184,640620.6591320996,1538526763,95331f82e68d735cdd3d5ba2066f5bf023e72935b3c1a32f61e1d22918a03097,2026-09-22T09:32:53Z
final-20260922T090744Z,13,50,20260922,262144,256,8,sha3_256,349906958,58102842,749182.0154087933,1389983791,86f629536e38e29d21acb6ba75134abbe666399b65bd632a228cdc086541fd78,2026-09-22T09:32:55Z
final-20260922T090744Z,13,51,20260922,4096,256,16,sha256,3529808,580126,1160403.0587499377,321788465,d56452f62051ecf4810e2c233ff01d6f2d4d7df3b23a676a0ff1a95afe6b84c8,2026-09-22T09:32:56Z
final-20260922T090744Z,13,52,20260922,16384,256,8,sha256,13385397,2877901,1224020.4754479825,353542995,75a5f07ec202b2e8bf782757d3b8b57e2ef664456b6ff32e89937102051b768e,2026-09-22T09:32:56Z
final-20260922T090744Z,13,53,20260922,65536,256,3,sha3_256,107297099,36147003,610790.0456842734,654199001,7d32f04c6f66559574a32d7bcc4dfd43a6faf756f577b8f735577ce325964f99,2026-09-22T09:32:57Z
final-20260922T090744Z,13,54,20260922,16384,256,16,sha256,12132091,1900917,1350467.9448909508,356563408,82155b7ef0c2ae48c915c324bc8f159897ff184f24c5875a1f8eb08011fb4e1d,2026-09-22T09:32:57Z
final-20260922T090744Z,13,55,20260922,1048576,256,16,sha256,762064068,102065466,1375968.2998201668,2671709532,204a0ba5a3435eb2eda994b98b6870442595c0ed813a7bed842dc70354353fc2,2026-09-22T09:32:58Z
final-20260922T090744Z,13,56,20260922,1048576,256,4,sha256,954332223,292910275,1098753.636028069,3239249970,fd9adf45ef158eee0499ded190ee0634d449b8ed8ed5f390b4bd2c25b331844d,2026-09-22T09:33:00Z
final-20260922T090744Z,13,57,20260922,4096,256,4,sha256,4066476,1448611,1007260.3404028451,315619715,5d6f240ce86b74dc9a3b279da4cf065a81e627fa0b51e0af13b39d29490596bb,2026-09-22T09:33:04Z
final-20260922T090744Z,13,58,20260922,16384,256,16,blake2s,18785456,2674398,872164.0826818364,381767732,bcc59923e0515b49362980c1bad2fbf21f74480c7a61a9bce386e7eb0669b5a0,2026-09-22T09:33:04Z
final-20260922T090744Z,13,59,20260922,262144,256,4,nullhash,86790692,36940308,3020416.0602844367,189979433,000102030405060708090a0b0c0d0e0f101112131415161718191a1b1c1d1e1f,2026-09-22T09:33:04Z
final-20260922T090744Z,13,60,20260922,65536,256,8,sha256,50840150,10514688,1289059.926062374,462680062,f24c516f1a67f2e369332f9d3f85c72fc23aa0210d12dc453d2bebbbc85571d5,2026-09-22T09:33:04Z
final-20260922T090744Z,13,61,20260922,4096,256,2,blake2s,7608878,4189205,538318.5273834065,348497209,3449bec8a5b5300693d94f96bfbdfc86713fc3ed0313558846ef24bbb6931132,2026-09-22T09:33:05Z
final-20260922T090744Z,13,62,20260922,4096,256,8,sha256,3693478,826814,1108981.8323000704,316019471,9e1e0cb13be2d3c60ccf5b55958f95bda3778dcbea9720c96d182a7902d8a513,2026-09-22T09:33:05Z
final-20260922T090744Z,13,63,20260922,1048576,256,3,sha256,1077719977,418863843,972957.7463330253,3494652710,5f1024e2eaeece60bda47502efe68cd55b1cf12c77924d95cea59a223d140912,2026-09-22T09:33:06Z
final-20260922T090744Z,13,64,20260922,16384,256,2,sha256,22541122,12474387,726849.3555910836,316701465,c8d1ab11c0ff45f9c649aad5c41d26e2e3051847df67524d2819349b51d7a8ac,2026-09-22T09:33:09Z
final-20260922T090744Z,13,65,20260922,1048576,256,8,blake2s,1247877801,202025997,840287.4056736266,4100382622,064973adad4ee5f520a97590997979971876f0d2908931e812c811e8a477c37b,2026-09-22T09:33:09Z
final-20260922T090744Z,13,66,20260922,1048576,256,16,sha3_256,1314505209,158272585,797696.3444653797,4335119893,a32f0be7cad150453b4d59e7a089c1840eccb4c457b26cc0f3e36f4e99960f80,2026-09-22T09:33:14Z
final-20260922T090744Z,13,67,20260922,1048576,256,8,sha256,820060710,151591382,1278656.5521472185,2840557757,11008073f56d19ef25b5779d26d6b8c3a41343955c30b797d2d76220403ed313,2026-09-22T09:33:18Z
final-20260922T090744Z,13,68,20260922,16384,256,3,sha3_256,26130971,9663217,626995.4530200964,410591837,b1fcafc1efd7c2e83a0277ea77e40ffbf1804373ebc9b047f0846bf0895a5176,2026-09-22T09:33:21Z
final-20260922T090744Z,13,69,20260922,262144,256,2,nullhash,150782778,100091750,1738553.9879096802,321794778,000102030405060708090a0b0c0d0e0f101112131415161718191a1b1c1d1e1f,2026-09-22T09:33:21Z
final-20260922T090744Z,13,70,20260922,4096,256,8,nullhash,1419492,397090,2885539.3337898348,18839029,000102030405060708090a0b0c0d0e0f101112131415161718191a1b1c1d1e1f,2026-09-22T09:33:21Z
final-20260922T090744Z,13,71,20260922,16384,256,8,blake2s,19557854,4055433,837719.7211923149,373641085,cec3e3da0c45a69e2d8930eb6caa89836e766da17b58deab553da9c9a09b05c3,2026-09-22T09:33:21Z
final-20260922T090744Z,13,72,20260922,4096,256,2,nullhash,2631427,2105988,1556569.87634466,21455135,000102030405060708090a0b0c0d0e0f101112131415161718191a1b1c1d1e1f,2026-09-22T09:33:22Z
final-20260922T090744Z,13,73,20260922,4096,256,3,sha3_256,7040046,2712682,581814.3801901294,346904892,b03b52887e17e7bb261949f75fab810eaa3b0abe93247fb386ffb81e38b56185,2026-09-22T09:33:22Z
final-20260922T090744Z,13,74,20260922,262144,256,8,sha256,204843811,39630112,1279726.2398130253,953727052,298ecf21d5d46c2ffbf7dc0ee7b10355db667625bb517cce25e9e0ce5fc9b28c,2026-09-22T09:33:22Z
final-20260922T090744Z,13,75,20260922,16384,256,3,nullhash,6690779,4111361,2448743.2629294735,30701938,000102030405060708090a0b0c0d0e0f101112131415161718191a1b1c1d1e1f,2026-09-22T09:33:23Z
final-20260922T090744Z,13,76,20260922,4096,256,8,sha3_256,5726623,1104913,715255.7449652264,339478520,4b5c1c5d7d2b27763e9d21ad1afed5c2805a8193dff148f0aad6c6e62b6499ee,2026-09-22T09:33:23Z
final-20260922T090744Z,13,77,20260922,262144,256,8,blake2s,309129503,50643584,848007.0567706375,1239130936,7acd79da2980b4227f52ee5da9f776a332b6f275bd56e708b22bba34ddbed3fb,2026-09-22T09:33:24Z
final-20260922T090744Z,13,78,20260922,262144,256,3,sha3_256,441853377,153452021,593282.780319228,1681101151,b9e9546fceffff316882cfe06388969f8d2b1e7005f5652c9193e782b601ca89,2026-09-22T09:33:25Z
final-20260922T090744Z,13,79,20260922,4096,256,4,nullhash,1721970,723552,2378670.9408410136,19741139,000102030405060708090a0b0c0d0e0f101112131415161718191a1b1c1d1e1f,2026-09-22T09:33:26Z
final-20260922T090744Z,13,80,20260922,16384,256,4,sha256,14750054,5330417,1110775.5944486712,360007743,f9302c40648f7da2e6005a6911389669956ec33514d6fd72f0e5a96dfee01348,2026-09-22T09:33:26Z
final-20260922T090744Z,13,81,20260922,262144,256,2,sha256,364264716,194572991,719652.4628534156,1306133266,740342ae28863cbe589c2a4e9d636be7cff4b142a0b87c6ede0fcf7cae92afdd,2026-09-22T09:33:27Z
final-20260922T090744Z,13,82,20260922,4096,256,3,sha256,4491381,2061505,911968.9467448876,333286238,88f8b7ddbf126d99ba35d4ca5dbe2d3e7f48b7357189f8cdef56204f6b145a4d,2026-09-22T09:33:28Z
final-20260922T090744Z,13,83,20260922,262144,256,3,sha256,269404254,103916524,973050.7076551211,1151912284,b2c4c8f4e14b843f84f4adb34fee56a737067ec23d123ac06a11c1efed07ba15,2026-09-22T09:33:28Z
final-20260922T090744Z,13,84,20260922,262144,256,16,sha3_256,345034456,40358559,759761.80187639,1336817497,27f7c0d2b0ff7977d3da8279573dc66d1d971e761dbb840af56e5b5abcb7dde8,2026-09-22T09:33:30Z
final-20260922T090744Z,13,85,20260922,65536,256,16,sha256,47409670,6924844,1382334.0259487147,459763426,63915f25f1917098dc348cc0fb3e1be5ff5801743a711c4c5d2a15a33dfa40bd,2026-09-22T09:33:31Z
final-20260922T090744Z,13,86,20260922,262144,256,3,nullhash,102587956,51209754,2555309.709065653,232905647,000102030405060708090a0b0c0d0e0f101112131415161718191a1b1c1d1e1f,2026-09-22T09:33:31Z
final-20260922T090744Z,13,87,20260922,1048576,256,2,nullhash,592131629,387227791,1770849.5014374582,1202937778,000102030405060708090a0b0c0d0e0f101112131415161718191a1b1c1d1e1f,2026-09-22T09:33:32Z
final-20260922T090744Z,13,88,20260922,4096,256,2,sha3_256,8996378,4899371,455294.3417895513,363632974,ee3342c752978bfd893fcf3722d3551fb022d0b599dfa4d47c5727cc53e3720f,2026-09-22T09:33:33Z
final-20260922T090744Z,13,89,20260922,16384,256,2,sha3_256,35169089,18098132,465863.64520275174,360006662,2beec76ed79e48fe95d6d42bea0689837f52f1957f6a583504095165cc8d1238,2026-09-22T09:33:33Z
final-20260922T090744Z,13,90,20260922,16384,256,16,sha3_256,20541684,3122998,797597.7042583266,378291942,af59672f489342e08480fa9448fa4bde1dd1d203e62322dcc439feec4caa3fe9,2026-09-22T09:33:34Z
final-20260922T090744Z,13,91,20260922,65536,256,16,nullhash,16412536,3783748,3993045.316092529,51441303,000102030405060708090a0b0c0d0e0f101112131415161718191a1b1c1d1e1f,2026-09-22T09:33:34Z
final-20260922T090744Z,13,92,20260922,1048576,256,8,sha3_256,1412842287,224966482,742174.8412036311,4592757994,cb15ce8d6f849eba3ba927622df1e38654715237f1da3204afec0eb577910fd2,2026-09-22T09:33:34Z
final-20260922T090744Z,13,93,20260922,4096,256,16,nullhash,1337303,277336,3062881.0374313076,19675648,000102030405060708090a0b0c0d0e0f101112131415161718191a1b1c1d1e1f,2026-09-22T09:33:39Z
final-20260922T090744Z,13,94,20260922,1048576,256,4,nullhash,348402747,138814626,3009666.281419991,712687219,000102030405060708090a0b0c0d0e0f101112131415161718191a1b1c1d1e1f,2026-09-22T09:33:39Z
final-20260922T090744Z,13,95,20260922,65536,256,4,blake2s,85427874,22204325,767150.0756298816,578302761,15fabb162c58e019b6fed9958bac8ce88ac26a028486dba2585536bb9a79edac,2026-09-22T09:33:39Z
final-20260922T090744Z,13,96,20260922,1048576,256,2,sha256,1442397194,766932047,726967.5817186871,4715339840,f36df66f9ac61c8c5db4a352461181bf7cc01ea8793cbc773f1d3e80755388d9,2026-09-22T09:33:40Z
final-20260922T090744Z,13,97,20260922,262144,256,4,sha256,238969148,73933793,1096978.4266879505,1047167904,56ec6e66ef5807a118558efc4a7cd511c1d7757c4b8d8a3dd33e39c5f45fd60c,2026-09-22T09:33:45Z
final-20260922T090744Z,13,98,20260922,4096,256,8,blake2s,5355177,1046990,764867.3423866289,332700737,261a6fbe71efbd0b300eee814d7271ca6843873ea0aab188d5509a74694f8191,2026-09-22T09:33:46Z
final-20260922T090744Z,13,99,20260922,65536,256,2,nullhash,36727221,23778557,1784398.55277915,90075274,000102030405060708090a0b0c0d0e0f101112131415161718191a1b1c1d1e1f,2026-09-22T09:33:46Z
final-20260922T090744Z,14,0,20260922,65536,256,16,sha256,46921667,6867267,1396710.8201846282,458021107,63915f25f1917098dc348cc0fb3e1be5ff5801743a711c4c5d2a15a33dfa40bd,2026-09-22T09:33:46Z
final-20260922T090744Z,14,1,20260922,1048576,256,8,blake2s,1240927898,199783197,844993.4937315753,4087482183,064973adad4ee5f520a97590997979971876f0d2908931e812c811e8a477c37b,2026-09-22T09:33:47Z
final-20260922T090744Z,14,2,20260922,1048576,256,16,nullhash,252333661,48417505,4155513.758427973,523660607,000102030405060708090a0b0c0d0e0f101112131415161718191a1b1c1d1e1f,2026-09-22T09:33:51Z
final-20260922T090744Z,14,3,20260922,262144,256,16,nullhash,63209891,13351858,4147199.0514902165,143818249,000102030405060708090a0b0c0d0e0f101112131415161718191a1b1c1d1e1f,2026-09-22T09:33:51Z
final-20260922T090744Z,14,4,20260922,1048576,256,8,nullhash,290870617,76914217,3604956.770177993,599177175,000102030405060708090a0b0c0d0e0f101112131415161718191a1b1c1d1e1f,2026-09-22T09:33:51Z
final-20260922T090744Z,14,5,20260922,4096,256,16,sha256,3555065,500673,1152158.961931779,318422837,d56452f62051ecf4810e2c233ff01d6f2d4d7df3b23a676a0ff1a95afe6b84c8,2026-09-22T09:33:52Z
final-20260922T090744Z,14,6,20260922,16384,256,4,sha3_256,24175291,6979632,677716.7646089555,380857917,b0ecec4470595a75a59c4ebede216b891e0f4638b6c4b9fa5fb44c91786b36f3,2026-09-22T09:33:52Z
final-20260922T090744Z,14,7,20260922,4096,256,2,blake2s,7474687,3942107,547982.8118555333,359506047,3449bec8a5b5300693d94f96bfbdfc86713fc3ed0313558846ef24bbb6931132,2026-09-22T09:33:53Z
final-20260922T090744Z,14,8,20260922,16384,256,2,blake2s,29279695,14303251,559568.670370371,354946969,96f4b1f8fcd0e9fa3506a247d3f822166430477ed9250f1772c77d9493b651c6,2026-09-22T09:33:53Z
final-20260922T090744Z,14,9,20260922,262144,256,2,sha256,362202969,197756135,723748.8989219192,1310010832,740342ae28863cbe589c2a4e9d636be7cff4b142a0b87c6ede0fcf7cae92afdd,2026-09-22T09:33:53Z
final-20260922T090744Z,14,10,20260922,65536,256,4,sha256,58830242,18984419,1113984.8787295488,498024351,422a75a177e15a33c77aba30f99d4cc86a4907115b73caaa66ae5486f1f6fa28,2026-09-22T09:33:55Z
final-20260922T090744Z,14,11,20260922,16384,256,8,sha3_256,21382637,4247735,766229.1606035308,394216499,96fea16fc4e4d9970a9163349be86aef94c806c1e54aec88fefed6958f9edbbc,2026-09-22T09:33:55Z
final-20260922T090744Z,14,12,20260922,16384,256,8,nullhash,5030664,1580766,3256826.5342308693,26188108,000102030405060708090a0b0c0d0e0f101112131415161718191a1b1c1d1e1f,2026-09-22T09:33:55Z
final-20260922T090744Z,14,13,20260922,1048576,256,8,sha3_256,1378090446,225471746,760890.5518818174,4518441482,cb15ce8d6f849eba3ba927622df1e38654715237f1da3204afec0eb577910fd2,2026-09-22T09:33:56Z
final-20260922T090744Z,14,14,20260922,262144,256,4,sha3_256,383627971,96631184,683328.692943508,1512346156,95331f82e68d735cdd3d5ba2066f5bf023e72935b3c1a32f61e1d22918a03097,2026-09-22T09:34:00Z
final-20260922T090744Z,14,15,20260922,65536,256,8,nullhash,17728442,6411121,3696658.736283764,53722390,000102030405060708090a0b0c0d0e0f101112131415161718191a1b1c1d1e1f,2026-09-22T09:34:02Z
final-20260922T090744Z,14,16,20260922,262144,256,3,nullhash,101592616,51923287,2580345.012476104,221237357,000102030405060708090a0b0c0d0e0f101112131415161718191a1b1c1d1e1f,2026-09-22T09:34:02Z
final-20260922T090744Z,14,17,20260922,65536,256,2,blake2s,116820008,54419088,560999.7903783742,570950132,ec4932e7be03121bee1885efa61847571b1a6669b2d168c3dfad4d38b23b8281,2026-09-22T09:34:02Z
final-20260922T090744Z,14,18,20260922,65536,256,16,nullhash,16092421,3512744,4072476.10536662,48195902,000102030405060708090a0b0c0d0e0f101112131415161718191a1b1c1d1e1f,2026-09-22T09:34:02Z
final-20260922T090744Z,14,19,20260922,4096,256,8,blake2s,5393428,1044868,759442.7885196577,342636951,261a6fbe71efbd0b300eee814d7271ca6843873ea0aab188d5509a74694f8191,2026-09-22T09:34:02Z
final-20260922T090744Z,14,20,20260922,4096,256,3,nullhash,2107416,1080224,1943612.4618964647,20031508,000102030405060708090a0b0c0d0e0f101112131415161718191a1b1c1d1e1f,2026-09-22T09:34:03Z
final-20260922T090744Z,14,21,20260922,1048576,256,8,sha256,817878044,156950884,1282068.8948583636,2845571958,11008073f56d19ef25b5779d26d6b8c3a41343955c30b797d2d76220403ed313,2026-09-22T09:34:03Z
final-20260922T090744Z,14,22,20260922,4096,256,4,sha256,4115920,1387828,995160.2557872845,324682513,5d6f240ce86b74dc9a3b279da4cf065a81e627fa0b51e0af13b39d29490596bb,2026-09-22T09:34:06Z
final-20260922T090744Z,14,23,20260922,262144,256,3,sha256,266972605,104166434,981913.4813476462,1146191864,b2c4c8f4e14b843f84f4adb34fee56a737067ec23d123ac06a11c1efed07ba15,2026-09-22T09:34:06Z
final-20260922T090744Z,14,24,20260922,4096,256,4,nullhash,1749841,758454,2340784.1055273023,19990089,000102030405060708090a0b0c0d0e0f101112131415161718191a1b1c1d1e1f,2026-09-22T09:34:07Z
final-20260922T090744Z,14,25,20260922,16384,256,2,sha3_256,35607528,18027926,460127.42024664,365245756,2beec76ed79e48fe95d6d42bea0689837f52f1957f6a583504095165cc8d1238,2026-09-22T09:34:07Z
final-20260922T090744Z,14,26,20260922,262144,256,16,sha3_256,330595046,40557329,792945.9414827408,1334864103,27f7c0d2b0ff7977d3da8279573dc66d1d971e761dbb840af56e5b5abcb7dde8,2026-09-22T09:34:08Z
final-20260922T090744Z,14,27,20260922,1048576,256,16,blake2s,1181120157,143001886,887780.9711277325,3921244586,4eb3d1779b2e11941769961e4222a6f78a1837242058b17be7978d14cb2b7c80,2026-09-22T09:34:09Z
final-20260922T090744Z,14,28,20260922,65536,256,3,sha256,66485165,26386689,985723.657300091,527150199,6cefb37f530c76678a092e56d1ca964e9d2504b927f8758afae52198f5f5ef47,2026-09-22T09:34:13Z
final-20260922T090744Z,14,29,20260922,16384,256,3,nullhash,6753777,3831980,2425901.832411701,30763974,000102030405060708090a0b0c0d0e0f101112131415161718191a1b1c1d1e1f,2026-09-22T09:34:13Z
final-20260922T090744Z,14,30,20260922,1048576,256,2,sha256,1472205197,808172633,712248.5385439106,4841891671,f36df66f9ac61c8c5db4a352461181bf7cc01ea8793cbc773f1d3e80755388d9,2026-09-22T09:34:13Z
final-20260922T090744Z,14,31,20260922,1048576,256,2,blake2s,1889286429,870303439,555011.6614953994,6065597772,f594faa8e2cc7eb767b86bdc847beb5e18279a2855164e04d6e76e2320a61b63,2026-09-22T09:34:18Z
final-20260922T090744Z,14,32,20260922,65536,256,4,blake2s,97014853,22257448,675525.4270188917,604466577,15fabb162c58e019b6fed9958bac8ce88ac26a028486dba2585536bb9a79edac,2026-09-22T09:34:24Z
final-20260922T090744Z,14,33,20260922,65536,256,8,sha3_256,87326901,14742045,750467.4876759911,587939786,cf348da5b068b7af7798fefbe43e81f68a37ace420b9026269ad07663ff98f1d,2026-09-22T09:34:25Z
final-20260922T090744Z,14,34,20260922,16384,256,4,blake2s,21090751,6156813,776833.4091090449,384259720,6087b5a4baea72947053fcb075846bbcd71cf2904a4d62ee537e880b0cfc86a3,2026-09-22T09:34:25Z
final-20260922T090744Z,14,35,20260922,65536,256,3,blake2s,91355209,27876335,717375.6233210522,605263008,0e8d867d450bca93825c83b1849db6904a56a3bfea02cea26a002336d48a31de,2026-09-22T09:34:26Z
final-20260922T090744Z,14,36,20260922,65536,256,8,blake2s,76634499,13118640,855176.2046490315,552791393,06e8251f9da62cea200f393248fd12e1006d0926d3363048df11e27f5b40be6d,2026-09-22T09:34:26Z
final-20260922T090744Z,14,37,20260922,65536,256,8,sha256,50467508,10525604,1298578.0871129995,469932927,f24c516f1a67f2e369332f9d3f85c72fc23aa0210d12dc453d2bebbbc85571d5,2026-09-22T09:34:27Z
final-20260922T090744Z,14,38,20260922,4096,256,3,sha3_256,6896582,2716924,593917.3927026461,342747251,b03b52887e17e7bb261949f75fab810eaa3b0abe93247fb386ffb81e38b56185,2026-09-22T09:34:27Z
final-20260922T090744Z,14,39,20260922,262144,256,4,sha256,237074362,74794623,1105745.8840699105,1052419952,56ec6e66ef5807a118558efc4a7cd511c1d7757c4b8d8a3dd33e39c5f45fd60c,2026-09-22T09:34:28Z
final-20260922T090744Z,14,40,20260922,16384,256,3,sha3_256,26626097,9842773,615336.1493425041,405250245,b1fcafc1efd7c2e83a0277ea77e40ffbf1804373ebc9b047f0846bf0895a5176,2026-09-22T09:34:29Z
final-20260922T090744Z,14,41,20260922,262144,256,2,sha3_256,572112659,275181668,458203.46023841435,1928747462,bfe92fc58e742ec32b00df7756ef8482a29ef3b1ea96a58b6f515ae0e4f865b5,2026-09-22T09:34:29Z
final-20260922T090744Z,14,42,20260922,4096,256,3,sha256,4537267,1943901,902746.0804047899,335282501,88f8b7ddbf126d99ba35d4ca5dbe2d3e7f48b7357189f8cdef56204f6b145a4d,2026-09-22T09:34:31Z
final-20260922T090744Z,14,43,20260922,16384,256,3,sha256,16080887,6973564,1018849.2711875907,360707422,25f7a45ae60aa17f3ac9f90472fb1acd186b36b923025c2e2af9df12959b3f55,2026-09-22T09:34:32Z
final-20260922T090744Z,14,44,20260922,65536,256,2,sha3_256,140733338,69429532,465675.02008656965,653386918,d63ffda16b17575b170fcbb398dbd05ec0b9f8a00a9493bb0f6e8bb2d1778f5f,2026-09-22T09:34:32Z
final-20260922T090744Z,14,45,20260922,4096,256,2,nullhash,2662587,1922258,1538353.488543285,22070804,000102030405060708090a0b0c0d0e0f101112131415161718191a1b1c1d1e1f,2026-09-22T09:34:33Z
final-20260922T090744Z,14,46,20260922,262144,256,3,sha3_256,431530140,142403912,607475.5288240121,1646148767,b9e9546fceffff316882cfe06388969f8d2b1e7005f5652c9193e782b601ca89,2026-09-22T09:34:33Z
final-20260922T090744Z,14,47,20260922,1048576,256,3,nullhash,412362908,194165061,2542847.524976713,836115455,000102030405060708090a0b0c0d0e0f101112131415161718191a1b1c1d1e1f,2026-09-22T09:34:34Z
final-20260922T090744Z,14,48,20260922,4096,256,3,blake2s,5932274,2094814,690460.3529776271,337672336,dd77f8d25572690c16f541fce5e0004633e7df9bb8cefd990c6740216c926dc2,2026-09-22T09:34:35Z
final-20260922T090744Z,14,49,20260922,65536,256,2,sha256,90573612,49140826,723566.1530203742,486891970,1aff050731f4ff3b64610d2bf99b4c2d38878776411f089ea1c78251fc9ea3c8,2026-09-22T09:34:35Z
final-20260922T090744Z,14,50,20260922,4096,256,8,sha256,3837307,801816,1067415.247203312,287973053,9e1e0cb13be2d3c60ccf5b55958f95bda3778dcbea9720c96d182a7902d8a513,2026-09-22T09:34:36Z
final-20260922T090744Z,14,51,20260922,1048576,256,3,sha256,1074300159,418735286,976054.9611907857,3489579753,5f1024e2eaeece60bda47502efe68cd55b1cf12c77924d95cea59a223d140912,2026-09-22T09:34:36Z
final-20260922T090744Z,14,52,20260922,1048576,256,4,sha3_256,1547382907,384661693,677644.8125777313,5059352332,4162dd925fdbdda96c8d77b0013cc6c8217c1e0e54d4215dacd09de27dcda9a9,2026-09-22T09:34:40Z
final-20260922T090744Z,14,53,20260922,16384,256,16,nullhash,4825266,1004697,3395460.4782409924,25617296,000102030405060708090a0b0c0d0e0f101112131415161718191a1b1c1d1e1f,2026-09-22T09:34:45Z
final-20260922T090744Z,14,54,20260922,65536,256,16,blake2s,73667714,9805465,889616.3114278258,563061215,c10b0a1440fcbc0f50de063b71fc9cbdac0bc057ea1482b66c9d217c60bee988,2026-09-22T09:34:45Z
final-20260922T090744Z,14,55,20260922,16384,256,2,nullhash,9477432,6471118,1728738.333337554,34830341,000102030405060708090a0b0c0d0e0f101112131415161718191a1b1c1d1e1f,2026-09-22T09:34:45Z
final-20260922T090744Z,14,56,20260922,16384,256,4,sha256,14987941,5458240,1093145.482758439,336940919,f9302c40648f7da2e6005a6911389669956ec33514d6fd72f0e5a96dfee01348,2026-09-22T09:34:45Z
final-20260922T090744Z,14,57,20260922,1048576,256,4,blake2s,1387620875,345682285,755664.6191273247,4533682044,672c0d052350b2500d588f38e8362b342d03e1eee42964c1fc91c2e643b93d2c,2026-09-22T09:34:46Z
final-20260922T090744Z,14,58,20260922,65536,256,16,sha3_256,83251244,11127502,787207.4560231196,570696897,7c67c473bb32a89d122340bdf74f49f4c2a22d0253192dc8ebdc659711017198,2026-09-22T09:34:50Z
final-20260922T090744Z,14,59,20260922,16384,256,8,blake2s,19718867,3892326,830879.380645957,379059024,cec3e3da0c45a69e2d8930eb6caa89836e766da17b58deab553da9c9a09b05c3,2026-09-22T09:34:51Z
final-20260922T090744Z,14,60,20260922,262144,256,4,blake2s,346474711,88979751,756603.5605986839,1391485934,f4a1a95e118ebba8edf32cb295de15d8a0f75df7a60fcfc955c71ce667349a4f,2026-09-22T09:34:51Z
final-20260922T090744Z,14,61,20260922,65536,256,2,nullhash,37468797,24259974,1749082.0428528837,91349095,000102030405060708090a0b0c0d0e0f101112131415161718191a1b1c1d1e1f,2026-09-22T09:34:53Z
final-20260922T090744Z,14,62,20260922,16384,256,16,blake2s,18480377,2684197,886562.0003314868,386109419,bcc59923e0515b49362980c1bad2fbf21f74480c7a61a9bce386e7eb0669b5a0,2026-09-22T09:34:53Z
final-20260922T090744Z,14,63,20260922,16384,256,16,sha256,12064124,1988307,1358076.2266700838,340085778,82155b7ef0c2ae48c915c324bc8f159897ff184f24c5875a1f8eb08011fb4e1d,2026-09-22T09:34:53Z
final-20260922T090744Z,14,64,20260922,1048576,256,4,sha256,955553627,292249116,1097349.1914755716,3269346652,fd9adf45ef158eee0499ded190ee0634d449b8ed8ed5f390b4bd2c25b331844d,2026-09-22T09:34:53Z
final-20260922T090744Z,14,65,20260922,1048576,256,3,blake2s,1479341418,443285829,708812.7103327003,4676448200,f62c9ab517538e8259fe5f079856567efdcc43944ff9c37ba8139535ad3eaa38,2026-09-22T09:34:57Z
final-20260922T090744Z,14,66,20260922,4096,256,16,nullhash,1318437,279626,3106708.9288301226,19150246,000102030405060708090a0b0c0d0e0f101112131415161718191a1b1c1d1e1f,2026-09-22T09:35:01Z
final-20260922T090744Z,14,67,20260922,4096,256,2,sha3_256,8777975,5250982,466622.4271543266,362808898,ee3342c752978bfd893fcf3722d3551fb022d0b599dfa4d47c5727cc53e3720f,2026-09-22T09:35:01Z
final-20260922T090744Z,14,68,20260922,4096,256,2,sha256,5880596,3768242,696528.0389946869,330451369,21f5e721e8d3841fe8120999a88ece52e438cce0db6a78c8f9db76f8365ccdd3,2026-09-22T09:35:02Z
final-20260922T090744Z,14,69,20260922,262144,256,4,nullhash,87881438,35509169,2982927.9762126785,192157545,000102030405060708090a0b0c0d0e0f101112131415161718191a1b1c1d1e1f,2026-09-22T09:35:02Z
final-20260922T090744Z,14,70,20260922,262144,256,8,sha256,205319032,39785814,1276764.2504763026,931308767,298ecf21d5d46c2ffbf7dc0ee7b10355db667625bb517cce25e9e0ce5fc9b28c,2026-09-22T09:35:02Z
final-20260922T090744Z,14,71,20260922,1048576,256,3,sha3_256,1746530057,572949992,600376.7274415707,5490525459,cbe999d04f925a4e957334cf674ecf2f0a32194f7b4e7b28da44a44614b05f58,2026-09-22T09:35:03Z
final-20260922T090744Z,14,72,20260922,65536,256,3,sha3_256,110828098,37620789,591330.1877652002,673650083,7d32f04c6f66559574a32d7bcc4dfd43a6faf756f577b8f735577ce325964f99,2026-09-22T09:35:09Z
final-20260922T090744Z,14,73,20260922,4096,256,16,sha3_256,5823357,892389,703374.3594974513,344633778,a4209cd3ce27c1cda8e39a6dbb59980104429c8edf38c63e6a7a81dc6bff8b24,2026-09-22T09:35:09Z
final-20260922T090744Z,14,74,20260922,1048576,256,2,nullhash,596313065,374641360,1758432.0410621893,1200029186,000102030405060708090a0b0c0d0e0f101112131415161718191a1b1c1d1e1f,2026-09-22T09:35:10Z
final-20260922T090744Z,14,75,20260922,262144,256,2,blake2s,470419185,219068203,557256.1841838997,1629744259,eed051985d2c920d928e8e3c4fc4f9c2020a4d16feb67ed8288fb50e74feee62,2026-09-22T09:35:11Z
final-20260922T090744Z,14,76,20260922,16384,256,3,blake2s,22419954,7631062,730777.5921395735,392842260,b30f84204a994a3c7311c54dc9e54bacefddcc74fd1f41171768c004e671ab8b,2026-09-22T09:35:12Z
final-20260922T090744Z,14,77,20260922,4096,256,16,blake2s,5262788,740669,778294.6985514142,357986756,1b2fa096f7049a0a159b9b46fda47097e7663672789ee28071fba47212909811,2026-09-22T09:35:13Z
final-20260922T090744Z,14,78,20260922,65536,256,4,nullhash,22027194,9958452,2975231.4343806114,60894269,000102030405060708090a0b0c0d0e0f101112131415161718191a1b1c1d1e1f,2026-09-22T09:35:13Z
final-20260922T090744Z,14,79,20260922,262144,256,8,blake2s,307948383,52348812,851259.5437138567,1257167101,7acd79da2980b4227f52ee5da9f776a332b6f275bd56e708b22bba34ddbed3fb,2026-09-22T09:35:13Z
final-20260922T090744Z,14,80,20260922,1048576,256,4,nullhash,351570380,138176559,2982549.32625439,723290221,000102030405060708090a0b0c0d0e0f101112131415161718191a1b1c1d1e1f,2026-09-22T09:35:15Z
final-20260922T090744Z,14,81,20260922,262144,256,8,nullhash,72088709,20152629,3636408.580988737,158811521,000102030405060708090a0b0c0d0e0f101112131415161718191a1b1c1d1e1f,2026-09-22T09:35:15Z
final-20260922T090744Z,14,82,20260922,262144,256,16,sha256,188554664,24826583,1390281.1759670924,893592091,8f09c92e01d5dc13b6a51118211630318ef632d26218ac7acc81bcf8d2969877,2026-09-22T09:35:15Z
final-20260922T090744Z,14,83,20260922,262144,256,3,blake2s,365522632,109854438,717175.8382392037,1439713995,aca78fa27076d3b3dc710ee06a48fd26d2db5a51e0f20d70e12a74bcecf9af54,2026-09-22T09:35:16Z
final-20260922T090744Z,14,84,20260922,4096,256,4,sha3_256,6507022,1974049,629473.8207431909,335695205,d2582b5797cb45c3e51b7d1789033e0d7ba602885fba67182ecf11d7ab4107ea,2026-09-22T09:35:18Z
final-20260922T090744Z,14,85,20260922,1048576,256,16,sha3_256,1325018831,158511747,791366.8662419184,4389264857,a32f0be7cad150453b4d59e7a089c1840eccb4c457b26cc0f3e36f4e99960f80,2026-09-22T09:35:18Z
final-20260922T090744Z,14,86,20260922,262144,256,16,blake2s,305100305,36925791,859205.9585125619,1250625667,40ee6220a757588d87c979b3ced12493ff7aca3ea6c9e575e9d5bde4ba8d134d,2026-09-22T09:35:22Z
final-20260922T090744Z,14,87,20260922,4096,256,4,blake2s,5807905,1705921,705245.6953066553,337296183,459ca9af078d1704b0a2d4ff4cfb9ac30914a5fe3331d4b7dce0dab47174393b,2026-09-22T09:35:24Z
final-20260922T090744Z,14,88,20260922,262144,256,2,nullhash,147389671,96912294,1778577.821779655,312888855,000102030405060708090a0b0c0d0e0f101112131415161718191a1b1c1d1e1f,2026-09-22T09:35:24Z
final-20260922T090744Z,14,89,20260922,4096,256,8,nullhash,1401470,508359,2922645.507930958,18996047,000102030405060708090a0b0c0d0e0f101112131415161718191a1b1c1d1e1f,2026-09-22T09:35:24Z
final-20260922T090744Z,14,90,20260922,1048576,256,16,sha256,756453430,96575404,1386173.8983720385,2663422887,204a0ba5a3435eb2eda994b98b6870442595c0ed813a7bed842dc70354353fc2,2026-09-22T09:35:24Z
final-20260922T090744Z,14,91,20260922,16384,256,8,sha256,12667222,2824360,1293416.9780872238,354559536,75a5f07ec202b2e8bf782757d3b8b57e2ef664456b6ff32e89937102051b768e,2026-09-22T09:35:27Z
final-20260922T090744Z,14,92,20260922,16384,256,2,sha256,22259823,13036086,736034.6036893465,318915542,c8d1ab11c0ff45f9c649aad5c41d26e2e3051847df67524d2819349b51d7a8ac,2026-09-22T09:35:27Z
final-20260922T090744Z,14,93,20260922,4096,256,8,sha3_256,5973823,1252364,685658.0785871962,346636310,4b5c1c5d7d2b27763e9d21ad1afed5c2805a8193dff148f0aad6c6e62b6499ee,2026-09-22T09:35:28Z
final-20260922T090744Z,14,94,20260922,16384,256,4,nullhash,5782636,2651006,2833309.929935068,27239654,000102030405060708090a0b0c0d0e0f101112131415161718191a1b1c1d1e1f,2026-09-22T09:35:28Z
final-20260922T090744Z,14,95,20260922,16384,256,16,sha3_256,21180307,3176396,773548.749789132,396508602,af59672f489342e08480fa9448fa4bde1dd1d203e62322dcc439feec4caa3fe9,2026-09-22T09:35:28Z
final-20260922T090744Z,14,96,20260922,65536,256,3,nullhash,25747540,13297541,2545330.5441995626,69233845,000102030405060708090a0b0c0d0e0f101112131415161718191a1b1c1d1e1f,2026-09-22T09:35:28Z
final-20260922T090744Z,14,97,20260922,262144,256,8,sha3_256,346103900,57212135,757414.1753386771,1373700214,86f629536e38e29d21acb6ba75134abbe666399b65bd632a228cdc086541fd78,2026-09-22T09:35:29Z
final-20260922T090744Z,14,98,20260922,65536,256,4,sha3_256,96753687,25253458,677348.8642350136,627090736,6e6c5d411895402f18a616b478c2fbb4db78de4732c2e3edcf176e60b574fe13,2026-09-22T09:35:30Z
final-20260922T090744Z,14,99,20260922,1048576,256,2,sha3_256,2284872178,1096129071,458921.0766782771,7230313498,e6adb21e7b3e55d53244e4385ff319132398e573acbb3ee727b54dba3adcadf0,2026-09-22T09:35:31Z
