run_id,block,seed,proof_seed,transaction_count,transaction_size_bytes,branching_factor,hash_algorithm,proof_sample_count,generation_batch_reps,verification_batch_reps,proof_generation_ns,proof_verification_ns,mean_serialized_bytes,verification_success,timestamp_utc
final-20260922T090744Z,0,20260922,20260923,16384,256,3,sha3_256,16,990,673,9004.784154040404,10610.464338781576,547.0,True,2026-09-22T09:07:54Z
final-20260922T090744Z,0,20260922,20260923,16384,256,3,sha256,16,950,1075,8911.942894736841,7184.630697674419,547.0,True,2026-09-22T09:07:55Z
final-20260922T090744Z,0,20260922,20260923,16384,256,4,sha3_256,16,1089,833,7411.587982093664,8791.88212785114,689.0,True,2026-09-22T09:07:56Z
final-20260922T090744Z,0,20260922,20260923,262144,256,2,blake2s,16,34,562,18134.878676470587,14584.195173487544,615.0,True,2026-09-22T09:07:57Z
final-20260922T090744Z,0,20260922,20260923,65536,256,16,sha3_256,16,1459,748,5976.464958875942,10735.529495320856,1931.0,True,2026-09-22T09:07:58Z
final-20260922T090744Z,0,20260922,20260923,16384,256,4,sha256,16,1125,1192,7385.163,6361.6416736577185,689.0,True,2026-09-22T09:07:59Z
final-20260922T090744Z,0,20260922,20260923,4096,256,3,sha3_256,16,1152,856,8046.926106770833,9549.20370911215,475.0,True,2026-09-22T09:07:59Z
final-20260922T090744Z,0,20260922,20260923,16384,256,2,blake2s,16,394,722,13217.945114213198,11471.885647506926,479.0,True,2026-09-22T09:08:00Z
final-20260922T090744Z,0,20260922,20260923,1048576,256,4,blake2s,16,888,795,10309.170467342343,10580.656132075472,983.0,True,2026-09-22T09:08:01Z
final-20260922T090744Z,0,20260922,20260923,1048576,256,16,sha256,16,1193,920,7302.237531433361,7914.598369565218,2413.0,True,2026-09-22T09:08:05Z
final-20260922T090744Z,0,20260922,20260923,65536,256,16,sha256,16,1447,1203,6057.500086385626,6566.152639235245,1931.0,True,2026-09-22T09:08:08Z
final-20260922T090744Z,0,20260922,20260923,1048576,256,16,sha3_256,16,1199,625,7344.656015429525,13042.4418,2413.0,True,2026-09-22T09:08:08Z
final-20260922T090744Z,0,20260922,20260923,4096,256,16,blake2s,16,1993,1092,4699.703681635725,7343.212797619048,1449.0,True,2026-09-22T09:08:13Z
final-20260922T090744Z,0,20260922,20260923,262144,256,2,sha256,16,35,654,17894.33392857143,12975.386754587156,615.0,True,2026-09-22T09:08:13Z
final-20260922T090744Z,0,20260922,20260923,262144,256,8,blake2s,16,1175,849,7409.534095744681,9039.465326855123,1359.0,True,2026-09-22T09:08:14Z
final-20260922T090744Z,0,20260922,20260923,65536,256,2,sha3_256,16,109,500,15102.002866972478,16862.13775,547.0,True,2026-09-22T09:08:16Z
final-20260922T090744Z,0,20260922,20260923,65536,256,2,blake2s,16,95,658,15047.940789473685,12966.873670212766,547.0,True,2026-09-22T09:08:16Z
final-20260922T090744Z,0,20260922,20260923,262144,256,2,sha3_256,16,33,441,18823.615530303032,18776.20280612245,615.0,True,2026-09-22T09:08:17Z
final-20260922T090744Z,0,20260922,20260923,16384,256,8,sha3_256,16,1504,944,6024.666181848404,8349.47424523305,1005.0,True,2026-09-22T09:08:19Z
final-20260922T090744Z,0,20260922,20260923,65536,256,8,blake2s,16,1164,887,7181.818674828179,8479.060174746335,1167.0,True,2026-09-22T09:08:19Z
final-20260922T090744Z,0,20260922,20260923,4096,256,4,blake2s,16,1375,1093,6519.245136363636,6736.23255946935,591.0,True,2026-09-22T09:08:20Z
final-20260922T090744Z,0,20260922,20260923,1048576,256,2,sha3_256,16,404,410,18586.09390470297,20701.22012195122,683.0,True,2026-09-22T09:08:20Z
final-20260922T090744Z,0,20260922,20260923,4096,256,2,blake2s,16,827,781,11252.583434099153,10087.622919334188,411.0,True,2026-09-22T09:08:27Z
final-20260922T090744Z,0,20260922,20260923,16384,256,4,blake2s,16,1228,967,7365.306697882736,7683.607225956566,689.0,True,2026-09-22T09:08:28Z
final-20260922T090744Z,0,20260922,20260923,4096,256,3,blake2s,16,1141,1098,8066.787302804558,7330.634676684882,475.0,True,2026-09-22T09:08:28Z
final-20260922T090744Z,0,20260922,20260923,4096,256,16,sha256,16,1940,1419,4569.9867268041235,5057.333157152924,1449.0,True,2026-09-22T09:08:28Z
final-20260922T090744Z,0,20260922,20260923,65536,256,3,sha256,16,824,845,11203.584723907767,8664.435355029585,637.0,True,2026-09-22T09:08:29Z
final-20260922T090744Z,0,20260922,20260923,1048576,256,3,sha256,16,11,725,15715.59090909091,10124.160948275861,785.0,True,2026-09-22T09:08:29Z
final-20260922T090744Z,0,20260922,20260923,16384,256,16,sha256,16,1535,1224,5583.825162866449,5933.17223243464,1547.0,True,2026-09-22T09:08:33Z
final-20260922T090744Z,0,20260922,20260923,1048576,256,3,sha3_256,16,11,525,16032.920454545454,14682.707976190477,785.0,True,2026-09-22T09:08:33Z
final-20260922T090744Z,0,20260922,20260923,65536,256,8,sha256,16,1261,1075,7181.800455987312,6533.281918604651,1167.0,True,2026-09-22T09:08:39Z
final-20260922T090744Z,0,20260922,20260923,1048576,256,8,blake2s,16,1104,773,8271.242413949276,10011.792448253558,1457.0,True,2026-09-22T09:08:39Z
final-20260922T090744Z,0,20260922,20260923,1048576,256,2,sha256,16,375,573,18488.375333333333,14311.192408376963,683.0,True,2026-09-22T09:08:43Z
final-20260922T090744Z,0,20260922,20260923,16384,256,8,blake2s,16,1550,1050,5939.377096774194,7341.559464285714,1005.0,True,2026-09-22T09:08:48Z
final-20260922T090744Z,0,20260922,20260923,16384,256,16,blake2s,16,1542,1020,5618.427529182879,8278.974509803922,1547.0,True,2026-09-22T09:08:48Z
final-20260922T090744Z,0,20260922,20260923,65536,256,3,sha3_256,16,834,656,10895.795413669064,12504.174447408537,637.0,True,2026-09-22T09:08:49Z
final-20260922T090744Z,0,20260922,20260923,4096,256,2,sha3_256,16,831,639,11318.523164861612,13021.110328638497,411.0,True,2026-09-22T09:08:50Z
final-20260922T090744Z,0,20260922,20260923,262144,256,8,sha256,16,1165,1108,7463.7544527897,6862.562894855596,1359.0,True,2026-09-22T09:08:50Z
final-20260922T090744Z,0,20260922,20260923,65536,256,2,sha256,16,116,714,14868.492995689656,11450.478466386554,547.0,True,2026-09-22T09:08:51Z
final-20260922T090744Z,0,20260922,20260923,4096,256,16,sha3_256,16,1941,912,4577.765166151468,8254.684690241229,1449.0,True,2026-09-22T09:08:52Z
final-20260922T090744Z,0,20260922,20260923,16384,256,2,sha256,16,383,822,13117.46067232376,10144.134504257907,479.0,True,2026-09-22T09:08:52Z
final-20260922T090744Z,0,20260922,20260923,65536,256,4,sha256,16,1083,1096,8300.82034856879,7131.623403284671,787.0,True,2026-09-22T09:08:53Z
final-20260922T090744Z,0,20260922,20260923,262144,256,16,blake2s,16,1251,784,7059.802008393285,10292.20982142857,2029.0,True,2026-09-22T09:08:54Z
final-20260922T090744Z,0,20260922,20260923,262144,256,8,sha3_256,16,1172,780,7392.1772077645055,11435.593429487179,1359.0,True,2026-09-22T09:08:55Z
final-20260922T090744Z,0,20260922,20260923,1048576,256,4,sha3_256,16,876,699,10353.04473458904,11996.518508583691,983.0,True,2026-09-22T09:08:57Z
final-20260922T090744Z,0,20260922,20260923,4096,256,8,blake2s,16,1808,1134,4924.584347345132,6453.905588624339,907.0,True,2026-09-22T09:09:02Z
final-20260922T090744Z,0,20260922,20260923,1048576,256,16,blake2s,16,1205,749,7403.60632780083,11670.673230974633,2413.0,True,2026-09-22T09:09:02Z
final-20260922T090744Z,0,20260922,20260923,65536,256,4,blake2s,16,1080,942,8406.27193287037,8689.154325902335,787.0,True,2026-09-22T09:09:06Z
final-20260922T090744Z,0,20260922,20260923,4096,256,8,sha256,16,1827,1312,4998.875205254516,4938.114710365854,907.0,True,2026-09-22T09:09:06Z
final-20260922T090744Z,0,20260922,20260923,16384,256,8,sha256,16,1540,1312,5965.377800324675,5627.763100228659,1005.0,True,2026-09-22T09:09:07Z
final-20260922T090744Z,0,20260922,20260923,16384,256,16,sha3_256,16,1568,863,5752.887236926021,9421.56039976825,1547.0,True,2026-09-22T09:09:07Z
final-20260922T090744Z,0,20260922,20260923,16384,256,2,sha3_256,16,332,570,13116.724397590362,14856.422807017543,479.0,True,2026-09-22T09:09:08Z
final-20260922T090744Z,0,20260922,20260923,65536,256,4,sha3_256,16,1064,847,8306.952948778195,9860.671487603306,787.0,True,2026-09-22T09:09:08Z
final-20260922T090744Z,0,20260922,20260923,16384,256,3,blake2s,16,1018,977,8948.925098231826,8118.15698567042,547.0,True,2026-09-22T09:09:09Z
final-20260922T090744Z,0,20260922,20260923,262144,256,4,sha3_256,16,974,752,9331.840156570843,10911.66913231383,885.0,True,2026-09-22T09:09:09Z
final-20260922T090744Z,0,20260922,20260923,1048576,256,4,sha256,16,896,922,10305.44273158482,8659.04284164859,983.0,True,2026-09-22T09:09:11Z
final-20260922T090744Z,0,20260922,20260923,262144,256,4,sha256,16,982,933,9382.58674898167,7932.337084673098,885.0,True,2026-09-22T09:09:14Z
final-20260922T090744Z,0,20260922,20260923,262144,256,16,sha256,16,1257,1078,6992.9690731901355,7281.926948051948,2029.0,True,2026-09-22T09:09:15Z
final-20260922T090744Z,0,20260922,20260923,65536,256,8,sha3_256,16,1266,828,7144.724032385466,9795.175875603865,1167.0,True,2026-09-22T09:09:17Z
final-20260922T090744Z,0,20260922,20260923,65536,256,16,blake2s,16,1459,841,5857.269019876628,9450.214848394768,1931.0,True,2026-09-22T09:09:17Z
final-20260922T090744Z,0,20260922,20260923,262144,256,16,sha3_256,16,1253,709,6985.844972067039,11690.483868124118,2029.0,True,2026-09-22T09:09:18Z
final-20260922T090744Z,0,20260922,20260923,4096,256,4,sha256,16,1303,1361,6455.231628933231,5534.913253122704,591.0,True,2026-09-22T09:09:19Z
final-20260922T090744Z,0,20260922,20260923,4096,256,3,sha256,16,1149,1099,8074.786553524804,6483.240673339399,475.0,True,2026-09-22T09:09:20Z
final-20260922T090744Z,0,20260922,20260923,262144,256,3,blake2s,16,771,773,11909.467898832685,10339.040346054333,703.0,True,2026-09-22T09:09:20Z
final-20260922T090744Z,0,20260922,20260923,1048576,256,2,blake2s,16,404,548,18501.08849009901,16023.729584854014,683.0,True,2026-09-22T09:09:21Z
final-20260922T090744Z,0,20260922,20260923,262144,256,4,blake2s,16,969,855,9337.708397832817,9550.613523391812,885.0,True,2026-09-22T09:09:27Z
final-20260922T090744Z,0,20260922,20260923,4096,256,4,sha3_256,16,1383,964,6485.954401663052,7679.170772821577,591.0,True,2026-09-22T09:09:29Z
final-20260922T090744Z,0,20260922,20260923,262144,256,3,sha3_256,16,751,593,11897.907123834886,13559.571880269814,703.0,True,2026-09-22T09:09:29Z
final-20260922T090744Z,0,20260922,20260923,4096,256,2,sha256,16,827,895,11090.602629987909,8789.25844972067,411.0,True,2026-09-22T09:09:31Z
final-20260922T090744Z,0,20260922,20260923,262144,256,3,sha256,16,770,852,11939.104788961038,9334.917033450703,703.0,True,2026-09-22T09:09:31Z
final-20260922T090744Z,0,20260922,20260923,4096,256,8,sha3_256,16,1798,1074,4915.862972747497,7485.578794227188,907.0,True,2026-09-22T09:09:32Z
final-20260922T090744Z,0,20260922,20260923,65536,256,3,blake2s,16,847,816,10961.046782762693,9511.910232843138,637.0,True,2026-09-22T09:09:32Z
final-20260922T090744Z,0,20260922,20260923,1048576,256,8,sha3_256,16,1101,680,8319.189884196185,11335.084375,1457.0,True,2026-09-22T09:09:33Z
final-20260922T090744Z,0,20260922,20260923,1048576,256,3,blake2s,16,11,654,16373.681818181818,11206.03755733945,785.0,True,2026-09-22T09:09:38Z
final-20260922T090744Z,0,20260922,20260923,1048576,256,8,sha256,16,1104,931,8299.264379528986,7670.086264769066,1457.0,True,2026-09-22T09:09:42Z
final-20260922T090744Z,1,20260922,20260923,262144,256,8,sha3_256,16,1144,798,7491.18006993007,10300.486058897242,1359.0,True,2026-09-22T09:09:45Z
final-20260922T090744Z,1,20260922,20260923,65536,256,2,sha256,16,116,708,15402.521551724138,11445.542814265536,547.0,True,2026-09-22T09:09:46Z
final-20260922T090744Z,1,20260922,20260923,4096,256,3,sha3_256,16,1148,868,8040.355074041812,9478.24157546083,475.0,True,2026-09-22T09:09:47Z
final-20260922T090744Z,1,20260922,20260923,262144,256,4,sha256,16,999,900,9298.879504504504,7906.7797222222225,885.0,True,2026-09-22T09:09:47Z
final-20260922T090744Z,1,20260922,20260923,1048576,256,8,sha256,16,1101,945,8244.048421889192,7685.063425925926,1457.0,True,2026-09-22T09:09:48Z
final-20260922T090744Z,1,20260922,20260923,16384,256,4,sha3_256,16,1251,878,7372.59742206235,8804.322394646924,689.0,True,2026-09-22T09:09:51Z
final-20260922T090744Z,1,20260922,20260923,262144,256,16,sha3_256,16,1223,728,6957.4799672935405,11696.789663461539,2029.0,True,2026-09-22T09:09:52Z
final-20260922T090744Z,1,20260922,20260923,1048576,256,8,blake2s,16,1076,776,8321.24721189591,10006.525612113403,1457.0,True,2026-09-22T09:09:53Z
final-20260922T090744Z,1,20260922,20260923,1048576,256,2,sha256,16,261,583,18950.139846743295,14361.949399656947,683.0,True,2026-09-22T09:09:58Z
final-20260922T090744Z,1,20260922,20260923,4096,256,4,sha3_256,16,1388,1000,6585.818488832853,7723.538125,591.0,True,2026-09-22T09:10:02Z
final-20260922T090744Z,1,20260922,20260923,16384,256,2,sha3_256,16,348,572,13138.375,14865.853802447553,479.0,True,2026-09-22T09:10:03Z
final-20260922T090744Z,1,20260922,20260923,1048576,256,3,sha3_256,16,11,487,17490.153409090908,14929.119738193018,785.0,True,2026-09-22T09:10:03Z
final-20260922T090744Z,1,20260922,20260923,262144,256,4,blake2s,16,971,829,9334.159049948506,9548.483338359469,885.0,True,2026-09-22T09:10:09Z
final-20260922T090744Z,1,20260922,20260923,16384,256,4,blake2s,16,1239,971,7361.674334140436,8582.283663748713,689.0,True,2026-09-22T09:10:10Z
final-20260922T090744Z,1,20260922,20260923,4096,256,4,sha256,16,1402,1219,6409.26297253923,5538.664376538146,591.0,True,2026-09-22T09:10:10Z
final-20260922T090744Z,1,20260922,20260923,4096,256,2,sha256,16,808,895,11276.95026299505,8799.630446927375,411.0,True,2026-09-22T09:10:12Z
final-20260922T090744Z,1,20260922,20260923,262144,256,16,sha256,16,1247,1107,6884.60124298316,7266.868507226739,2029.0,True,2026-09-22T09:10:12Z
final-20260922T090744Z,1,20260922,20260923,1048576,256,3,sha256,16,11,691,17243.301136363636,10186.143722865412,785.0,True,2026-09-22T09:10:13Z
final-20260922T090744Z,1,20260922,20260923,4096,256,3,blake2s,16,1137,1027,8070.849989006157,7333.613254625122,475.0,True,2026-09-22T09:10:17Z
final-20260922T090744Z,1,20260922,20260923,16384,256,3,sha256,16,1013,1043,9068.443608094767,7161.194930488974,547.0,True,2026-09-22T09:10:17Z
final-20260922T090744Z,1,20260922,20260923,262144,256,16,blake2s,16,1243,733,6954.172566371682,10333.084583901773,2029.0,True,2026-09-22T09:10:17Z
final-20260922T090744Z,1,20260922,20260923,65536,256,4,sha256,16,1104,1017,8485.73341259058,7150.268006391347,787.0,True,2026-09-22T09:10:18Z
final-20260922T090744Z,1,20260922,20260923,16384,256,3,blake2s,16,1028,981,8868.377006322957,8316.369584607542,547.0,True,2026-09-22T09:10:19Z
final-20260922T090744Z,1,20260922,20260923,16384,256,16,blake2s,16,1576,994,5704.873730964467,8400.955482897385,1547.0,True,2026-09-22T09:10:19Z
final-20260922T090744Z,1,20260922,20260923,1048576,256,16,sha3_256,16,1219,641,7259.888740771124,12983.784808892357,2413.0,True,2026-09-22T09:10:20Z
final-20260922T090744Z,1,20260922,20260923,262144,256,8,blake2s,16,1157,890,7383.243247623163,9055.283426966293,1359.0,True,2026-09-22T09:10:24Z
final-20260922T090744Z,1,20260922,20260923,16384,256,16,sha256,16,1634,1210,5553.035380966952,5930.567768595041,1547.0,True,2026-09-22T09:10:25Z
final-20260922T090744Z,1,20260922,20260923,65536,256,16,blake2s,16,1455,884,5892.712371134021,9461.605203619909,1931.0,True,2026-09-22T09:10:26Z
final-20260922T090744Z,1,20260922,20260923,262144,256,3,blake2s,16,745,767,11850.875922818792,10387.95917535854,703.0,True,2026-09-22T09:10:27Z
final-20260922T090744Z,1,20260922,20260923,4096,256,2,sha3_256,16,801,633,11259.508504993757,13026.587776461296,411.0,True,2026-09-22T09:10:28Z
final-20260922T090744Z,1,20260922,20260923,4096,256,16,sha3_256,16,1876,899,4560.002365405117,8312.132786429365,1449.0,True,2026-09-22T09:10:28Z
final-20260922T090744Z,1,20260922,20260923,4096,256,16,blake2s,16,2005,1098,4600.213372817955,7319.89156420765,1449.0,True,2026-09-22T09:10:29Z
final-20260922T090744Z,1,20260922,20260923,65536,256,16,sha3_256,16,1428,743,5907.579131652661,10732.650235531628,1931.0,True,2026-09-22T09:10:29Z
final-20260922T090744Z,1,20260922,20260923,65536,256,3,blake2s,16,831,839,10901.752782791817,9535.787023241955,637.0,True,2026-09-22T09:10:30Z
final-20260922T090744Z,1,20260922,20260923,1048576,256,4,sha3_256,16,899,692,10243.013973859845,11985.256322254336,983.0,True,2026-09-22T09:10:30Z
final-20260922T090744Z,1,20260922,20260923,262144,256,2,sha3_256,16,36,460,18689.3125,18765.128804347827,615.0,True,2026-09-22T09:10:35Z
final-20260922T090744Z,1,20260922,20260923,16384,256,8,sha256,16,1483,1239,5942.817051584626,5627.989406779661,1005.0,True,2026-09-22T09:10:37Z
final-20260922T090744Z,1,20260922,20260923,16384,256,16,sha3_256,16,1621,857,5590.110001542258,9388.160151691949,1547.0,True,2026-09-22T09:10:37Z
final-20260922T090744Z,1,20260922,20260923,16384,256,4,sha256,16,1217,1223,7298.996251027116,6340.835292313982,689.0,True,2026-09-22T09:10:38Z
final-20260922T090744Z,1,20260922,20260923,262144,256,2,blake2s,16,35,560,17841.678571428572,14476.053683035714,615.0,True,2026-09-22T09:10:38Z
final-20260922T090744Z,1,20260922,20260923,16384,256,3,sha3_256,16,1023,735,8917.320136852395,10582.723299319729,547.0,True,2026-09-22T09:10:40Z
final-20260922T090744Z,1,20260922,20260923,1048576,256,2,blake2s,16,364,526,18637.63444368132,16011.348146387832,683.0,True,2026-09-22T09:10:40Z
final-20260922T090744Z,1,20260922,20260923,65536,256,8,sha256,16,1293,1042,7103.058294663573,6618.430542226488,1167.0,True,2026-09-22T09:10:47Z
final-20260922T090744Z,1,20260922,20260923,1048576,256,16,blake2s,16,1131,732,7346.807194960213,11460.568135245901,2413.0,True,2026-09-22T09:10:47Z
final-20260922T090744Z,1,20260922,20260923,16384,256,2,blake2s,16,353,736,13155.806657223797,11491.356317934782,479.0,True,2026-09-22T09:10:51Z
final-20260922T090744Z,1,20260922,20260923,16384,256,2,sha256,16,372,782,13091.725638440861,10133.904811381075,479.0,True,2026-09-22T09:10:51Z
final-20260922T090744Z,1,20260922,20260923,65536,256,4,blake2s,16,1108,879,8446.18953068592,8615.780858930602,787.0,True,2026-09-22T09:10:52Z
final-20260922T090744Z,1,20260922,20260923,65536,256,8,sha3_256,16,1273,815,7209.433572270228,9773.452837423312,1167.0,True,2026-09-22T09:10:52Z
final-20260922T090744Z,1,20260922,20260923,4096,256,8,blake2s,16,1839,1190,4983.413947797716,6462.091334033614,907.0,True,2026-09-22T09:10:53Z
final-20260922T090744Z,1,20260922,20260923,1048576,256,16,sha256,16,1189,949,7410.2032695542475,7904.137908324552,2413.0,True,2026-09-22T09:10:53Z
final-20260922T090744Z,1,20260922,20260923,65536,256,4,sha3_256,16,1106,830,8417.873022151898,9839.070331325302,787.0,True,2026-09-22T09:10:56Z
final-20260922T090744Z,1,20260922,20260923,65536,256,8,blake2s,16,1287,936,7136.531954156954,8436.96374198718,1167.0,True,2026-09-22T09:10:56Z
final-20260922T090744Z,1,20260922,20260923,1048576,256,4,blake2s,16,859,762,10193.034851571594,10509.032398293963,983.0,True,2026-09-22T09:10:57Z
final-20260922T090744Z,1,20260922,20260923,4096,256,2,blake2s,16,829,811,11297.10509650181,10069.760249691739,411.0,True,2026-09-22T09:11:01Z
final-20260922T090744Z,1,20260922,20260923,4096,256,4,blake2s,16,1364,1210,6472.719849706745,6769.035847107438,591.0,True,2026-09-22T09:11:02Z
final-20260922T090744Z,1,20260922,20260923,65536,256,16,sha256,16,1474,1165,5947.026628222524,6561.688572961373,1931.0,True,2026-09-22T09:11:02Z
final-20260922T090744Z,1,20260922,20260923,16384,256,8,sha3_256,16,1565,887,5928.644568690096,8305.39451803833,1005.0,True,2026-09-22T09:11:03Z
final-20260922T090744Z,1,20260922,20260923,1048576,256,8,sha3_256,16,1090,726,8312.573279816514,11423.032799586777,1457.0,True,2026-09-22T09:11:03Z
final-20260922T090744Z,1,20260922,20260923,1048576,256,4,sha256,16,498,852,10290.1765813253,8712.391138497653,983.0,True,2026-09-22T09:11:07Z
final-20260922T090744Z,1,20260922,20260923,262144,256,3,sha256,16,718,778,11742.384749303621,9342.765986503857,703.0,True,2026-09-22T09:11:11Z
final-20260922T090744Z,1,20260922,20260923,1048576,256,2,sha3_256,16,383,406,18529.673302872063,20697.040024630543,683.0,True,2026-09-22T09:11:12Z
final-20260922T090744Z,1,20260922,20260923,4096,256,8,sha256,16,1745,1365,5052.260100286533,4987.7239010989015,907.0,True,2026-09-22T09:11:19Z
final-20260922T090744Z,1,20260922,20260923,65536,256,2,sha3_256,16,112,522,15138.921316964286,16827.938936781607,547.0,True,2026-09-22T09:11:21Z
final-20260922T090744Z,1,20260922,20260923,65536,256,3,sha256,16,848,932,10892.599351415094,8616.387741416309,637.0,True,2026-09-22T09:11:21Z
final-20260922T090744Z,1,20260922,20260923,65536,256,2,blake2s,16,124,639,15099.130040322581,12958.034624413145,547.0,True,2026-09-22T09:11:22Z
final-20260922T090744Z,1,20260922,20260923,16384,256,8,blake2s,16,1521,1114,5988.213716305062,7341.023844254937,1005.0,True,2026-09-22T09:11:22Z
final-20260922T090744Z,1,20260922,20260923,4096,256,16,sha256,16,1959,1417,4546.041953802961,5057.180707480593,1449.0,True,2026-09-22T09:11:23Z
final-20260922T090744Z,1,20260922,20260923,262144,256,4,sha3_256,16,911,766,9492.381791986827,10923.758404046997,885.0,True,2026-09-22T09:11:23Z
final-20260922T090744Z,1,20260922,20260923,1048576,256,3,blake2s,16,11,618,16325.8125,11178.41322815534,785.0,True,2026-09-22T09:11:24Z
final-20260922T090744Z,1,20260922,20260923,4096,256,8,sha3_256,16,1730,1036,4939.445592485549,7339.718870656371,907.0,True,2026-09-22T09:11:29Z
final-20260922T090744Z,1,20260922,20260923,262144,256,8,sha256,16,1213,1059,7218.93471764221,7263.208687440982,1359.0,True,2026-09-22T09:11:29Z
final-20260922T090744Z,1,20260922,20260923,65536,256,3,sha3_256,16,841,669,10949.05098097503,12640.58903213752,637.0,True,2026-09-22T09:11:30Z
final-20260922T090744Z,1,20260922,20260923,262144,256,3,sha3_256,16,764,633,12927.060863874345,13654.079482622434,703.0,True,2026-09-22T09:11:32Z
final-20260922T090744Z,1,20260922,20260923,262144,256,2,sha256,16,31,644,18396.52822580645,12812.363645186335,615.0,True,2026-09-22T09:11:34Z
final-20260922T090744Z,1,20260922,20260923,4096,256,3,sha256,16,1131,1099,8076.719330238727,6509.879549590537,475.0,True,2026-09-22T09:11:35Z
final-20260922T090744Z,2,20260922,20260923,262144,256,4,sha256,16,971,922,9258.40171215242,7952.212920281996,885.0,True,2026-09-22T09:11:35Z
final-20260922T090744Z,2,20260922,20260923,1048576,256,8,sha256,16,1092,1018,8263.038232600733,7646.398391453831,1457.0,True,2026-09-22T09:11:37Z
final-20260922T090744Z,2,20260922,20260923,4096,256,4,sha256,16,1383,1400,6474.3966467823575,5531.814955357143,591.0,True,2026-09-22T09:11:39Z
final-20260922T090744Z,2,20260922,20260923,4096,256,2,blake2s,16,798,822,11213.39998433584,10003.49414537713,411.0,True,2026-09-22T09:11:40Z
final-20260922T090744Z,2,20260922,20260923,262144,256,16,blake2s,16,1257,733,6957.6672633253775,10333.225784447475,2029.0,True,2026-09-22T09:11:40Z
final-20260922T090744Z,2,20260922,20260923,4096,256,3,blake2s,16,1160,1125,8011.428987068965,7329.3306111111115,475.0,True,2026-09-22T09:11:42Z
final-20260922T090744Z,2,20260922,20260923,65536,256,8,sha3_256,16,1277,797,7177.9125391542675,9750.392879548306,1167.0,True,2026-09-22T09:11:43Z
final-20260922T090744Z,2,20260922,20260923,262144,256,2,blake2s,16,32,598,18000.41015625,14475.689067725752,615.0,True,2026-09-22T09:11:44Z
final-20260922T090744Z,2,20260922,20260923,16384,256,16,sha256,16,1540,1188,5589.310673701299,5914.243739478115,1547.0,True,2026-09-22T09:11:45Z
final-20260922T090744Z,2,20260922,20260923,16384,256,3,blake2s,16,996,968,8907.489018574297,8118.257747933884,547.0,True,2026-09-22T09:11:46Z
final-20260922T090744Z,2,20260922,20260923,1048576,256,2,sha256,16,383,553,18605.097421671016,14147.496157323689,683.0,True,2026-09-22T09:11:46Z
final-20260922T090744Z,2,20260922,20260923,4096,256,8,blake2s,16,1855,1209,4913.589824797844,6442.26473325062,907.0,True,2026-09-22T09:11:51Z
final-20260922T090744Z,2,20260922,20260923,4096,256,3,sha256,16,1146,1129,8089.703043193717,6478.617858724535,475.0,True,2026-09-22T09:11:51Z
final-20260922T090744Z,2,20260922,20260923,65536,256,4,sha256,16,1119,1054,8401.524631367292,7116.399549335863,787.0,True,2026-09-22T09:11:52Z
final-20260922T090744Z,2,20260922,20260923,4096,256,4,blake2s,16,1365,1152,6498.249496336996,6718.139105902777,591.0,True,2026-09-22T09:11:52Z
final-20260922T090744Z,2,20260922,20260923,65536,256,16,sha256,16,1478,1131,5888.490823748309,6547.91633510168,1931.0,True,2026-09-22T09:11:52Z
final-20260922T090744Z,2,20260922,20260923,16384,256,8,sha256,16,1549,1344,5942.609264041317,5659.061290922619,1005.0,True,2026-09-22T09:11:53Z
final-20260922T090744Z,2,20260922,20260923,1048576,256,8,blake2s,16,1099,766,8266.364080982712,10033.515094647519,1457.0,True,2026-09-22T09:11:53Z
final-20260922T090744Z,2,20260922,20260923,4096,256,4,sha3_256,16,1345,1007,6531.594795539034,7714.698423535253,591.0,True,2026-09-22T09:11:57Z
final-20260922T090744Z,2,20260922,20260923,262144,256,8,sha256,16,1192,1068,7312.079855285235,6839.954470973783,1359.0,True,2026-09-22T09:11:58Z
final-20260922T090744Z,2,20260922,20260923,262144,256,2,sha256,16,34,667,18214.13786764706,12833.811656671664,615.0,True,2026-09-22T09:11:59Z
final-20260922T090744Z,2,20260922,20260923,4096,256,3,sha3_256,16,1120,868,8075.639732142857,9499.325964861751,475.0,True,2026-09-22T09:12:00Z
final-20260922T090744Z,2,20260922,20260923,1048576,256,3,blake2s,16,11,644,16591.721590909092,11197.389266304348,785.0,True,2026-09-22T09:12:01Z
final-20260922T090744Z,2,20260922,20260923,65536,256,8,sha256,16,1105,1085,7156.8143099547515,6568.933352534562,1167.0,True,2026-09-22T09:12:06Z
final-20260922T090744Z,2,20260922,20260923,65536,256,3,sha3_256,16,801,673,11011.760221598002,12521.028696136702,637.0,True,2026-09-22T09:12:06Z
final-20260922T090744Z,2,20260922,20260923,65536,256,2,blake2s,16,113,591,16018.527654867257,12973.03225465313,547.0,True,2026-09-22T09:12:07Z
final-20260922T090744Z,2,20260922,20260923,1048576,256,8,sha3_256,16,1088,717,8280.07284007353,11297.987360529985,1457.0,True,2026-09-22T09:12:07Z
final-20260922T090744Z,2,20260922,20260923,65536,256,2,sha3_256,16,92,515,15159.473505434782,16914.23604368932,547.0,True,2026-09-22T09:12:12Z
final-20260922T090744Z,2,20260922,20260923,65536,256,2,sha256,16,126,717,15001.212797619048,11502.539313110181,547.0,True,2026-09-22T09:12:13Z
final-20260922T090744Z,2,20260922,20260923,262144,256,2,sha3_256,16,35,469,17796.7625,18775.50932835821,615.0,True,2026-09-22T09:12:14Z
final-20260922T090744Z,2,20260922,20260923,1048576,256,2,blake2s,16,370,518,18604.26081081081,16111.904802123552,683.0,True,2026-09-22T09:12:16Z
final-20260922T090744Z,2,20260922,20260923,16384,256,16,sha3_256,16,1604,847,5616.96430798005,9409.706021251475,1547.0,True,2026-09-22T09:12:22Z
final-20260922T090744Z,2,20260922,20260923,16384,256,3,sha256,16,1025,961,8914.21756097561,7268.997658688866,547.0,True,2026-09-22T09:12:22Z
final-20260922T090744Z,2,20260922,20260923,16384,256,4,sha3_256,16,1216,848,7367.104029605263,8793.717865566037,689.0,True,2026-09-22T09:12:22Z
final-20260922T090744Z,2,20260922,20260923,4096,256,2,sha3_256,16,823,632,11248.370063791008,12932.73358386076,411.0,True,2026-09-22T09:12:23Z
final-20260922T090744Z,2,20260922,20260923,1048576,256,3,sha3_256,16,11,535,15978.017045454546,14651.364953271028,785.0,True,2026-09-22T09:12:23Z
final-20260922T090744Z,2,20260922,20260923,4096,256,16,sha256,16,1950,1393,4608.281794871795,5074.343772433596,1449.0,True,2026-09-22T09:12:29Z
final-20260922T090744Z,2,20260922,20260923,1048576,256,16,sha256,16,1237,1009,7326.532235246565,7891.051474231913,2413.0,True,2026-09-22T09:12:29Z
final-20260922T090744Z,2,20260922,20260923,4096,256,16,blake2s,16,1990,1052,4635.755935929648,7294.857355038022,1449.0,True,2026-09-22T09:12:32Z
final-20260922T090744Z,2,20260922,20260923,262144,256,4,sha3_256,16,986,735,9306.939781947262,10960.830017006803,885.0,True,2026-09-22T09:12:32Z
final-20260922T090744Z,2,20260922,20260923,1048576,256,4,sha256,16,909,862,10143.403121562156,8701.128987819025,983.0,True,2026-09-22T09:12:33Z
final-20260922T090744Z,2,20260922,20260923,1048576,256,3,sha256,16,11,745,16144.767045454546,10109.509312080538,785.0,True,2026-09-22T09:12:37Z
final-20260922T090744Z,2,20260922,20260923,4096,256,8,sha256,16,1755,1543,4939.403703703703,4876.236066104991,907.0,True,2026-09-22T09:12:40Z
final-20260922T090744Z,2,20260922,20260923,16384,256,4,sha256,16,1254,1187,7335.223335326954,6326.999157540017,689.0,True,2026-09-22T09:12:41Z
final-20260922T090744Z,2,20260922,20260923,4096,256,2,sha256,16,819,875,11215.821123321124,8779.527214285714,411.0,True,2026-09-22T09:12:41Z
final-20260922T090744Z,2,20260922,20260923,65536,256,4,blake2s,16,1120,869,8427.561049107142,8635.905135212888,787.0,True,2026-09-22T09:12:42Z
final-20260922T090744Z,2,20260922,20260923,4096,256,16,sha3_256,16,1986,902,4641.490527442094,8266.94463691796,1449.0,True,2026-09-22T09:12:43Z
final-20260922T090744Z,2,20260922,20260923,65536,256,16,sha3_256,16,1474,759,5892.586880936228,10706.01268115942,1931.0,True,2026-09-22T09:12:43Z
final-20260922T090744Z,2,20260922,20260923,16384,256,2,blake2s,16,361,709,13133.79120498615,11540.165990832158,479.0,True,2026-09-22T09:12:44Z
final-20260922T090744Z,2,20260922,20260923,262144,256,8,sha3_256,16,1193,782,7336.433623218776,10254.348385549873,1359.0,True,2026-09-22T09:12:44Z
final-20260922T090744Z,2,20260922,20260923,16384,256,8,sha3_256,16,1510,966,6045.411630794702,8336.482013457557,1005.0,True,2026-09-22T09:12:46Z
final-20260922T090744Z,2,20260922,20260923,262144,256,8,blake2s,16,1192,868,7254.195417365771,9036.124351958526,1359.0,True,2026-09-22T09:12:46Z
final-20260922T090744Z,2,20260922,20260923,65536,256,4,sha3_256,16,993,738,8445.116188318227,9837.653963414634,787.0,True,2026-09-22T09:12:47Z
final-20260922T090744Z,2,20260922,20260923,16384,256,8,blake2s,16,1521,1020,5946.006697896121,7344.398345588235,1005.0,True,2026-09-22T09:12:48Z
final-20260922T090744Z,2,20260922,20260923,262144,256,3,blake2s,16,756,724,11936.94105489418,10792.044371546961,703.0,True,2026-09-22T09:12:49Z
final-20260922T090744Z,2,20260922,20260923,1048576,256,16,blake2s,16,1222,732,7324.438267184943,11418.709016393443,2413.0,True,2026-09-22T09:12:50Z
final-20260922T090744Z,2,20260922,20260923,262144,256,16,sha3_256,16,1268,675,6999.141364353312,11665.614537037038,2029.0,True,2026-09-22T09:12:54Z
final-20260922T090744Z,2,20260922,20260923,262144,256,16,sha256,16,1268,1030,7024.725650630915,7276.9396237864075,2029.0,True,2026-09-22T09:12:55Z
final-20260922T090744Z,2,20260922,20260923,1048576,256,4,sha3_256,16,901,670,10231.84121809101,11971.981809701492,983.0,True,2026-09-22T09:12:56Z
final-20260922T090744Z,2,20260922,20260923,1048576,256,16,sha3_256,16,1212,655,7194.048731435643,12989.968129770992,2413.0,True,2026-09-22T09:13:01Z
final-20260922T090744Z,2,20260922,20260923,262144,256,3,sha256,16,747,849,11875.960257697456,9374.071481154298,703.0,True,2026-09-22T09:13:06Z
final-20260922T090744Z,2,20260922,20260923,16384,256,4,blake2s,16,1238,955,7285.217487883683,7709.7079188481675,689.0,True,2026-09-22T09:13:07Z
final-20260922T090744Z,2,20260922,20260923,262144,256,4,blake2s,16,962,813,9290.19718035343,9600.544972324724,885.0,True,2026-09-22T09:13:07Z
final-20260922T090744Z,2,20260922,20260923,16384,256,3,sha3_256,16,1027,730,8914.933605160662,10361.634760273973,547.0,True,2026-09-22T09:13:08Z
final-20260922T090744Z,2,20260922,20260923,65536,256,3,sha256,16,845,892,11067.333431952662,8636.612457959642,637.0,True,2026-09-22T09:13:09Z
final-20260922T090744Z,2,20260922,20260923,1048576,256,4,blake2s,16,895,791,10169.335754189944,10486.338100505689,983.0,True,2026-09-22T09:13:09Z
final-20260922T090744Z,2,20260922,20260923,16384,256,16,blake2s,16,1637,974,5596.347739767868,8281.050564681726,1547.0,True,2026-09-22T09:13:14Z
final-20260922T090744Z,2,20260922,20260923,65536,256,3,blake2s,16,828,872,10941.28162741546,9552.007167431193,637.0,True,2026-09-22T09:13:14Z
final-20260922T090744Z,2,20260922,20260923,16384,256,2,sha3_256,16,367,549,13080.084638964578,14847.332308743169,479.0,True,2026-09-22T09:13:15Z
final-20260922T090744Z,2,20260922,20260923,65536,256,8,blake2s,16,1270,905,7081.612647637795,8480.248480662984,1167.0,True,2026-09-22T09:13:15Z
final-20260922T090744Z,2,20260922,20260923,4096,256,8,sha3_256,16,1728,1037,4970.994140625,7336.751325940212,907.0,True,2026-09-22T09:13:16Z
final-20260922T090744Z,2,20260922,20260923,1048576,256,2,sha3_256,16,371,417,18541.916105121294,20748.509442446044,683.0,True,2026-09-22T09:13:16Z
final-20260922T090744Z,2,20260922,20260923,65536,256,16,blake2s,16,1464,837,6021.734118852459,9432.457586618877,1931.0,True,2026-09-22T09:13:23Z
final-20260922T090744Z,2,20260922,20260923,262144,256,3,sha3_256,16,755,601,11920.325331125829,13519.728265391015,703.0,True,2026-09-22T09:13:24Z
final-20260922T090744Z,2,20260922,20260923,16384,256,2,sha256,16,323,785,13066.443498452012,10127.930891719745,479.0,True,2026-09-22T09:13:25Z
final-20260922T090744Z,3,20260922,20260923,16384,256,8,sha256,16,1503,1311,6024.796864604125,5639.8783371472155,1005.0,True,2026-09-22T09:13:26Z
final-20260922T090744Z,3,20260922,20260923,1048576,256,16,sha3_256,16,1186,622,7480.137067875211,13014.739650321544,2413.0,True,2026-09-22T09:13:26Z
final-20260922T090744Z,3,20260922,20260923,4096,256,8,blake2s,16,1822,1151,5000.622495883645,6448.3316681146825,907.0,True,2026-09-22T09:13:31Z
final-20260922T090744Z,3,20260922,20260923,262144,256,3,sha256,16,784,839,11903.22154017857,9388.650998212157,703.0,True,2026-09-22T09:13:31Z
final-20260922T090744Z,3,20260922,20260923,65536,256,4,sha3_256,16,1092,806,8491.042410714286,10080.319478908188,787.0,True,2026-09-22T09:13:32Z
final-20260922T090744Z,3,20260922,20260923,262144,256,4,blake2s,16,985,822,9334.841180203046,9566.922977493918,885.0,True,2026-09-22T09:13:33Z
final-20260922T090744Z,3,20260922,20260923,1048576,256,16,blake2s,16,1211,747,7320.792888109001,11685.360023427042,2413.0,True,2026-09-22T09:13:34Z
final-20260922T090744Z,3,20260922,20260923,4096,256,2,blake2s,16,808,847,11104.71921410891,9986.947756788666,411.0,True,2026-09-22T09:13:38Z
final-20260922T090744Z,3,20260922,20260923,65536,256,16,sha3_256,16,1471,744,5872.38290278722,10665.71807795699,1931.0,True,2026-09-22T09:13:39Z
final-20260922T090744Z,3,20260922,20260923,4096,256,16,sha256,16,1953,1403,4633.016001024065,5045.529223093371,1449.0,True,2026-09-22T09:13:39Z
final-20260922T090744Z,3,20260922,20260923,4096,256,3,sha3_256,16,1139,811,8041.164343722564,9442.353652897657,475.0,True,2026-09-22T09:13:41Z
final-20260922T090744Z,3,20260922,20260923,16384,256,3,sha256,16,996,1016,8956.816955321285,7149.486835629921,547.0,True,2026-09-22T09:13:42Z
final-20260922T090744Z,3,20260922,20260923,4096,256,4,blake2s,16,1380,1099,6497.880615942029,6726.033951319381,591.0,True,2026-09-22T09:13:42Z
final-20260922T090744Z,3,20260922,20260923,65536,256,3,sha256,16,848,873,10955.811468160377,8580.925186139748,637.0,True,2026-09-22T09:13:42Z
final-20260922T090744Z,3,20260922,20260923,1048576,256,8,sha3_256,16,1086,707,8282.294083793739,11313.123231966054,1457.0,True,2026-09-22T09:13:43Z
final-20260922T090744Z,3,20260922,20260923,262144,256,2,blake2s,16,30,600,18180.104166666668,14403.902083333332,615.0,True,2026-09-22T09:13:47Z
final-20260922T090744Z,3,20260922,20260923,65536,256,2,blake2s,16,121,652,15085.627582644629,13364.771376533743,547.0,True,2026-09-22T09:13:49Z
final-20260922T090744Z,3,20260922,20260923,262144,256,16,blake2s,16,1247,802,7023.9256214915795,10313.152275561097,2029.0,True,2026-09-22T09:13:50Z
final-20260922T090744Z,3,20260922,20260923,65536,256,2,sha3_256,16,105,499,15177.729761904762,16775.9749498998,547.0,True,2026-09-22T09:13:51Z
final-20260922T090744Z,3,20260922,20260923,262144,256,2,sha256,16,30,675,18145.1,12798.735,615.0,True,2026-09-22T09:13:51Z
final-20260922T090744Z,3,20260922,20260923,65536,256,8,sha256,16,1257,1123,7141.293804693715,6533.413846838825,1167.0,True,2026-09-22T09:13:53Z
final-20260922T090744Z,3,20260922,20260923,4096,256,4,sha3_256,16,1358,1027,6537.8319679676,7696.556718597858,591.0,True,2026-09-22T09:13:53Z
final-20260922T090744Z,3,20260922,20260923,262144,256,16,sha3_256,16,1226,719,6955.98465538336,11639.78138038943,2029.0,True,2026-09-22T09:13:54Z
final-20260922T090744Z,3,20260922,20260923,16384,256,3,sha3_256,16,1026,799,8929.827911793373,10337.936795994994,547.0,True,2026-09-22T09:13:55Z
final-20260922T090744Z,3,20260922,20260923,1048576,256,4,blake2s,16,906,734,10228.918322295805,10491.122104904633,983.0,True,2026-09-22T09:13:55Z
final-20260922T090744Z,3,20260922,20260923,1048576,256,3,blake2s,16,11,490,24154.039772727272,11226.46887755102,785.0,True,2026-09-22T09:14:00Z
final-20260922T090744Z,3,20260922,20260923,1048576,256,16,sha256,16,1205,966,7339.692271784233,7886.885740165631,2413.0,True,2026-09-22T09:14:04Z
final-20260922T090744Z,3,20260922,20260923,16384,256,2,sha256,16,405,781,13019.467901234568,10138.931017925735,479.0,True,2026-09-22T09:14:07Z
final-20260922T090744Z,3,20260922,20260923,262144,256,4,sha256,16,976,952,9256.976370389344,7967.5587578781515,885.0,True,2026-09-22T09:14:07Z
final-20260922T090744Z,3,20260922,20260923,1048576,256,2,sha256,16,350,593,18432.434285714287,14093.16505059022,683.0,True,2026-09-22T09:14:08Z
final-20260922T090744Z,3,20260922,20260923,1048576,256,8,blake2s,16,1089,778,8260.121556473829,9987.546433161953,1457.0,True,2026-09-22T09:14:13Z
final-20260922T090744Z,3,20260922,20260923,262144,256,2,sha3_256,16,35,461,17948.339285714286,18732.548129067247,615.0,True,2026-09-22T09:14:17Z
final-20260922T090744Z,3,20260922,20260923,16384,256,4,sha3_256,16,1247,899,7328.88993584603,8767.395300333705,689.0,True,2026-09-22T09:14:19Z
final-20260922T090744Z,3,20260922,20260923,1048576,256,8,sha256,16,1081,955,8298.889569842739,7657.2936518324605,1457.0,True,2026-09-22T09:14:20Z
final-20260922T090744Z,3,20260922,20260923,4096,256,2,sha3_256,16,819,617,11342.580967643467,12931.31614667747,411.0,True,2026-09-22T09:14:22Z
final-20260922T090744Z,3,20260922,20260923,65536,256,8,sha3_256,16,1273,784,7141.922132757266,9732.173549107143,1167.0,True,2026-09-22T09:14:23Z
final-20260922T090744Z,3,20260922,20260923,16384,256,2,blake2s,16,416,699,13106.285606971154,11485.133315450645,479.0,True,2026-09-22T09:14:23Z
final-20260922T090744Z,3,20260922,20260923,65536,256,3,sha3_256,16,828,670,11032.581219806763,12482.907276119404,637.0,True,2026-09-22T09:14:24Z
final-20260922T090744Z,3,20260922,20260923,4096,256,3,sha256,16,1131,1114,8027.961704244032,6554.691034560144,475.0,True,2026-09-22T09:14:24Z
final-20260922T090744Z,3,20260922,20260923,65536,256,2,sha256,16,123,718,15259.128048780487,11545.009401114206,547.0,True,2026-09-22T09:14:25Z
final-20260922T090744Z,3,20260922,20260923,4096,256,3,blake2s,16,1119,990,8064.032394995532,7359.071275252525,475.0,True,2026-09-22T09:14:25Z
final-20260922T090744Z,3,20260922,20260923,262144,256,8,sha3_256,16,1129,740,7456.271811337467,10256.279307432433,1359.0,True,2026-09-22T09:14:25Z
final-20260922T090744Z,3,20260922,20260923,262144,256,3,sha3_256,16,743,616,11841.650992597577,13528.48924512987,703.0,True,2026-09-22T09:14:27Z
final-20260922T090744Z,3,20260922,20260923,4096,256,8,sha256,16,1785,1355,4947.441526610644,4909.434040590406,907.0,True,2026-09-22T09:14:29Z
final-20260922T090744Z,3,20260922,20260923,1048576,256,4,sha256,16,895,907,10279.43561452514,8684.271292723264,983.0,True,2026-09-22T09:14:29Z
final-20260922T090744Z,3,20260922,20260923,16384,256,2,sha3_256,16,425,562,13146.620294117647,14838.838523131673,479.0,True,2026-09-22T09:14:33Z
final-20260922T090744Z,3,20260922,20260923,1048576,256,4,sha3_256,16,910,667,10076.360302197802,11960.990348575711,983.0,True,2026-09-22T09:14:33Z
final-20260922T090744Z,3,20260922,20260923,65536,256,16,blake2s,16,1420,855,6083.465404929578,9470.06125730994,1931.0,True,2026-09-22T09:14:38Z
final-20260922T090744Z,3,20260922,20260923,16384,256,8,sha3_256,16,1501,928,5989.6011825449705,8299.984644396553,1005.0,True,2026-09-22T09:14:39Z
final-20260922T090744Z,3,20260922,20260923,65536,256,4,sha256,16,1078,1020,8430.47077922078,7111.582781862745,787.0,True,2026-09-22T09:14:39Z
final-20260922T090744Z,3,20260922,20260923,262144,256,3,blake2s,16,752,757,11717.533494015957,10350.624834874505,703.0,True,2026-09-22T09:14:40Z
final-20260922T090744Z,3,20260922,20260923,1048576,256,3,sha256,16,11,712,16310.420454545454,10112.84691011236,785.0,True,2026-09-22T09:14:41Z
final-20260922T090744Z,3,20260922,20260923,16384,256,16,blake2s,16,1630,935,5550.753105828221,8294.140173796792,1547.0,True,2026-09-22T09:14:44Z
final-20260922T090744Z,3,20260922,20260923,65536,256,4,blake2s,16,1106,910,8468.768026672695,8629.456387362638,787.0,True,2026-09-22T09:14:45Z
final-20260922T090744Z,3,20260922,20260923,4096,256,16,blake2s,16,2039,1076,4544.516398970083,7294.425708643123,1449.0,True,2026-09-22T09:14:45Z
final-20260922T090744Z,3,20260922,20260923,4096,256,4,sha256,16,1441,1152,6403.763532269258,5548.067545572917,591.0,True,2026-09-22T09:14:46Z
final-20260922T090744Z,3,20260922,20260923,262144,256,4,sha3_256,16,961,753,9290.505202913631,11082.80743691899,885.0,True,2026-09-22T09:14:47Z
final-20260922T090744Z,3,20260922,20260923,65536,256,8,blake2s,16,1267,883,7211.034481057616,8485.959300679502,1167.0,True,2026-09-22T09:14:48Z
final-20260922T090744Z,3,20260922,20260923,4096,256,8,sha3_256,16,1842,1004,4963.8889454397395,7285.749252988047,907.0,True,2026-09-22T09:14:49Z
final-20260922T090744Z,3,20260922,20260923,16384,256,4,sha256,16,1260,1115,7337.113244047619,6344.656782511211,689.0,True,2026-09-22T09:14:49Z
final-20260922T090744Z,3,20260922,20260923,65536,256,3,blake2s,16,846,834,11145.461436170213,9476.683003597122,637.0,True,2026-09-22T09:14:49Z
final-20260922T090744Z,3,20260922,20260923,16384,256,16,sha256,16,1614,1273,5549.746708488228,5908.905341712491,1547.0,True,2026-09-22T09:14:50Z
final-20260922T090744Z,3,20260922,20260923,65536,256,16,sha256,16,1485,1237,5870.44696969697,6518.730092966855,1931.0,True,2026-09-22T09:14:50Z
final-20260922T090744Z,3,20260922,20260923,16384,256,3,blake2s,16,1013,914,8957.29429911155,8084.038019693654,547.0,True,2026-09-22T09:14:51Z
final-20260922T090744Z,3,20260922,20260923,4096,256,2,sha256,16,819,898,11331.019001831502,8795.239351336302,411.0,True,2026-09-22T09:14:51Z
final-20260922T090744Z,3,20260922,20260923,16384,256,4,blake2s,16,1247,969,7285.451433440257,7683.296826625387,689.0,True,2026-09-22T09:14:51Z
final-20260922T090744Z,3,20260922,20260923,4096,256,16,sha3_256,16,1961,948,4548.519600968893,8259.056566455696,1449.0,True,2026-09-22T09:14:52Z
final-20260922T090744Z,3,20260922,20260923,1048576,256,2,blake2s,16,367,518,18510.476158038146,15930.311172779922,683.0,True,2026-09-22T09:14:52Z
final-20260922T090744Z,3,20260922,20260923,262144,256,8,sha256,16,1152,1001,7373.421875,6840.712162837162,1359.0,True,2026-09-22T09:14:58Z
final-20260922T090744Z,3,20260922,20260923,262144,256,16,sha256,16,1220,1045,6995.650204918033,7261.473205741627,2029.0,True,2026-09-22T09:14:59Z
final-20260922T090744Z,3,20260922,20260923,16384,256,8,blake2s,16,1517,1010,5958.239576466711,7328.313366336633,1005.0,True,2026-09-22T09:15:01Z
final-20260922T090744Z,3,20260922,20260923,262144,256,8,blake2s,16,1112,880,7371.111904226619,9010.712144886364,1359.0,True,2026-09-22T09:15:01Z
final-20260922T090744Z,3,20260922,20260923,16384,256,16,sha3_256,16,1545,801,5568.921237864078,9385.839029338327,1547.0,True,2026-09-22T09:15:03Z
final-20260922T090744Z,3,20260922,20260923,1048576,256,2,sha3_256,16,372,409,18587.41935483871,20756.45033618582,683.0,True,2026-09-22T09:15:03Z
final-20260922T090744Z,3,20260922,20260923,1048576,256,3,sha3_256,16,11,539,16059.02840909091,14640.555658627087,785.0,True,2026-09-22T09:15:11Z
final-20260922T090744Z,4,20260922,20260923,262144,256,2,blake2s,16,33,594,17817.791666666668,14479.308186026936,615.0,True,2026-09-22T09:15:16Z
final-20260922T090744Z,4,20260922,20260923,1048576,256,4,sha256,16,892,892,10283.484795403587,8677.6997617713,983.0,True,2026-09-22T09:15:18Z
final-20260922T090744Z,4,20260922,20260923,262144,256,4,blake2s,16,989,815,9238.85149140546,9584.59685582822,885.0,True,2026-09-22T09:15:21Z
final-20260922T090744Z,4,20260922,20260923,1048576,256,8,sha3_256,16,1092,706,8242.914033882784,11313.760711756375,1457.0,True,2026-09-22T09:15:23Z
final-20260922T090744Z,4,20260922,20260923,1048576,256,2,blake2s,16,374,505,18564.14321524064,15994.819678217822,683.0,True,2026-09-22T09:15:27Z
final-20260922T090744Z,4,20260922,20260923,1048576,256,2,sha3_256,16,401,402,18416.152587281795,20681.018812189053,683.0,True,2026-09-22T09:15:33Z
final-20260922T090744Z,4,20260922,20260923,16384,256,8,sha256,16,1552,1256,5967.153632409794,5631.7221835191085,1005.0,True,2026-09-22T09:15:41Z
final-20260922T090744Z,4,20260922,20260923,16384,256,4,sha256,16,1242,1071,7376.207125603864,6394.730917366946,689.0,True,2026-09-22T09:15:41Z
final-20260922T090744Z,4,20260922,20260923,65536,256,4,sha256,16,1095,1028,8461.798573059361,7138.936770428016,787.0,True,2026-09-22T09:15:41Z
final-20260922T090744Z,4,20260922,20260923,1048576,256,16,sha3_256,16,1215,652,7202.708847736625,12951.53594708589,2413.0,True,2026-09-22T09:15:42Z
final-20260922T090744Z,4,20260922,20260923,262144,256,16,blake2s,16,1275,791,7003.201764705882,10319.427228192162,2029.0,True,2026-09-22T09:15:46Z
final-20260922T090744Z,4,20260922,20260923,262144,256,3,sha3_256,16,772,590,11877.641839378239,13537.644809322033,703.0,True,2026-09-22T09:15:48Z
final-20260922T090744Z,4,20260922,20260923,65536,256,16,sha3_256,16,1453,784,5875.509850309704,10666.285554846938,1931.0,True,2026-09-22T09:15:49Z
final-20260922T090744Z,4,20260922,20260923,4096,256,8,blake2s,16,1830,1169,4954.940368852459,6439.88376817793,907.0,True,2026-09-22T09:15:50Z
final-20260922T090744Z,4,20260922,20260923,1048576,256,3,sha256,16,11,709,15852.448863636364,10102.913787023977,785.0,True,2026-09-22T09:15:50Z
final-20260922T090744Z,4,20260922,20260923,1048576,256,8,blake2s,16,1029,775,8237.21556122449,10006.870080645162,1457.0,True,2026-09-22T09:15:54Z
final-20260922T090744Z,4,20260922,20260923,1048576,256,2,sha256,16,374,560,18603.13168449198,14171.002455357142,683.0,True,2026-09-22T09:15:58Z
final-20260922T090744Z,4,20260922,20260923,262144,256,4,sha256,16,993,920,9280.60253021148,7943.953328804348,885.0,True,2026-09-22T09:16:02Z
final-20260922T090744Z,4,20260922,20260923,65536,256,2,blake2s,16,131,645,15065.689885496184,12961.051162790698,547.0,True,2026-09-22T09:16:03Z
final-20260922T090744Z,4,20260922,20260923,65536,256,3,sha3_256,16,849,638,10932.994478798586,12523.86500783699,637.0,True,2026-09-22T09:16:04Z
final-20260922T090744Z,4,20260922,20260923,1048576,256,16,blake2s,16,1182,706,7295.839043993232,11429.805506373938,2413.0,True,2026-09-22T09:16:05Z
final-20260922T090744Z,4,20260922,20260923,262144,256,8,sha256,16,1215,1063,7245.142283950618,6830.453139698965,1359.0,True,2026-09-22T09:16:08Z
final-20260922T090744Z,4,20260922,20260923,65536,256,4,sha3_256,16,1104,806,8414.846863677536,9826.209212158808,787.0,True,2026-09-22T09:16:09Z
final-20260922T090744Z,4,20260922,20260923,4096,256,2,sha3_256,16,836,643,11204.698190789473,12918.611683514775,411.0,True,2026-09-22T09:16:10Z
final-20260922T090744Z,4,20260922,20260923,16384,256,3,blake2s,16,987,962,8926.970111448834,8088.100441787942,547.0,True,2026-09-22T09:16:12Z
final-20260922T090744Z,4,20260922,20260923,4096,256,3,sha256,16,1153,1100,8071.558868169991,6489.136875,475.0,True,2026-09-22T09:16:13Z
final-20260922T090744Z,4,20260922,20260923,65536,256,4,blake2s,16,1109,886,8413.901600541029,8600.00881772009,787.0,True,2026-09-22T09:16:13Z
final-20260922T090744Z,4,20260922,20260923,16384,256,3,sha256,16,1019,986,8947.271651128558,7160.012867647059,547.0,True,2026-09-22T09:16:14Z
final-20260922T090744Z,4,20260922,20260923,262144,256,16,sha256,16,1221,1041,7034.97066953317,7262.623679154659,2029.0,True,2026-09-22T09:16:14Z
final-20260922T090744Z,4,20260922,20260923,1048576,256,16,sha256,16,1230,1009,7278.405030487805,7870.275458374628,2413.0,True,2026-09-22T09:16:15Z
final-20260922T090744Z,4,20260922,20260923,16384,256,4,sha3_256,16,1217,898,7323.1549917830735,8748.625487193764,689.0,True,2026-09-22T09:16:17Z
final-20260922T090744Z,4,20260922,20260923,16384,256,2,blake2s,16,319,705,13125.018612852664,11488.388031914894,479.0,True,2026-09-22T09:16:18Z
final-20260922T090744Z,4,20260922,20260923,4096,256,4,sha3_256,16,1395,1003,6478.916621863799,7664.891139082752,591.0,True,2026-09-22T09:16:18Z
final-20260922T090744Z,4,20260922,20260923,65536,256,8,sha256,16,1224,1129,7134.746680964052,6512.746567759079,1167.0,True,2026-09-22T09:16:19Z
final-20260922T090744Z,4,20260922,20260923,1048576,256,4,sha3_256,16,861,668,10275.100391986063,11939.247941616766,983.0,True,2026-09-22T09:16:19Z
final-20260922T090744Z,4,20260922,20260923,4096,256,16,sha256,16,1828,1371,4541.201347100657,5056.988603209336,1449.0,True,2026-09-22T09:16:24Z
final-20260922T090744Z,4,20260922,20260923,4096,256,8,sha3_256,16,1788,997,5040.171735178971,7368.615408726178,907.0,True,2026-09-22T09:16:24Z
final-20260922T090744Z,4,20260922,20260923,4096,256,8,sha256,16,1878,1402,4938.135816027689,4888.747057774608,907.0,True,2026-09-22T09:16:25Z
final-20260922T090744Z,4,20260922,20260923,1048576,256,3,blake2s,16,12,683,16114.260416666666,11197.09864568082,785.0,True,2026-09-22T09:16:25Z
final-20260922T090744Z,4,20260922,20260923,4096,256,16,sha3_256,16,1956,927,4575.953125,8262.554476806905,1449.0,True,2026-09-22T09:16:30Z
final-20260922T090744Z,4,20260922,20260923,4096,256,3,sha3_256,16,1151,879,8096.853334057341,9449.72973549488,475.0,True,2026-09-22T09:16:30Z
final-20260922T090744Z,4,20260922,20260923,4096,256,3,blake2s,16,1121,1009,8149.331456289027,7320.578233399406,475.0,True,2026-09-22T09:16:31Z
final-20260922T090744Z,4,20260922,20260923,16384,256,8,sha3_256,16,1518,893,6010.894721673254,8301.537653975363,1005.0,True,2026-09-22T09:16:32Z
final-20260922T090744Z,4,20260922,20260923,1048576,256,3,sha3_256,16,11,530,16382.375,14591.588561320756,785.0,True,2026-09-22T09:16:32Z
final-20260922T090744Z,4,20260922,20260923,16384,256,2,sha256,16,412,788,13102.765928398057,10118.707328680202,479.0,True,2026-09-22T09:16:38Z
final-20260922T090744Z,4,20260922,20260923,65536,256,2,sha256,16,120,739,15056.265104166667,11462.105801759133,547.0,True,2026-09-22T09:16:38Z
final-20260922T090744Z,4,20260922,20260923,65536,256,3,sha256,16,836,879,10968.294258373206,8610.93337599545,637.0,True,2026-09-22T09:16:38Z
final-20260922T090744Z,4,20260922,20260923,262144,256,8,sha3_256,16,1159,800,7203.387187230371,10209.61359375,1359.0,True,2026-09-22T09:16:39Z
final-20260922T090744Z,4,20260922,20260923,4096,256,2,blake2s,16,828,797,11386.783589975845,9997.053481806775,411.0,True,2026-09-22T09:16:40Z
final-20260922T090744Z,4,20260922,20260923,65536,256,2,sha3_256,16,104,503,15118.053485576924,16749.500994035785,547.0,True,2026-09-22T09:16:41Z
final-20260922T090744Z,4,20260922,20260923,262144,256,8,blake2s,16,1158,895,7391.395293609672,9011.043854748603,1359.0,True,2026-09-22T09:16:41Z
final-20260922T090744Z,4,20260922,20260923,4096,256,16,blake2s,16,1984,1089,4550.7853137600805,7291.161329201102,1449.0,True,2026-09-22T09:16:42Z
final-20260922T090744Z,4,20260922,20260923,4096,256,2,sha256,16,831,869,11297.35333935018,8792.573000575374,411.0,True,2026-09-22T09:16:44Z
final-20260922T090744Z,4,20260922,20260923,16384,256,16,sha256,16,1580,1259,5551.306803797468,5916.404537331216,1547.0,True,2026-09-22T09:16:44Z
final-20260922T090744Z,4,20260922,20260923,262144,256,2,sha3_256,16,30,468,18150.547916666666,18680.51121794872,615.0,True,2026-09-22T09:16:44Z
final-20260922T090744Z,4,20260922,20260923,262144,256,4,sha3_256,16,986,737,9260.840960953346,10876.057157394844,885.0,True,2026-09-22T09:16:46Z
final-20260922T090744Z,4,20260922,20260923,16384,256,3,sha3_256,16,1016,783,8991.236897145669,10395.535999361431,547.0,True,2026-09-22T09:16:48Z
final-20260922T090744Z,4,20260922,20260923,4096,256,4,blake2s,16,1244,1054,6562.679662379422,6779.943489089184,591.0,True,2026-09-22T09:16:48Z
final-20260922T090744Z,4,20260922,20260923,262144,256,3,blake2s,16,550,786,12199.923863636364,10431.07824427481,703.0,True,2026-09-22T09:16:48Z
final-20260922T090744Z,4,20260922,20260923,65536,256,3,blake2s,16,842,865,10881.675252375297,9515.945664739884,637.0,True,2026-09-22T09:16:50Z
final-20260922T090744Z,4,20260922,20260923,262144,256,3,sha256,16,785,853,11813.908757961783,9307.194314185228,703.0,True,2026-09-22T09:16:50Z
final-20260922T090744Z,4,20260922,20260923,65536,256,16,blake2s,16,1492,833,5802.719252680965,9411.053796518607,1931.0,True,2026-09-22T09:16:52Z
final-20260922T090744Z,4,20260922,20260923,4096,256,4,sha256,16,1374,1314,6533.191957787481,5533.269216133942,591.0,True,2026-09-22T09:16:52Z
final-20260922T090744Z,4,20260922,20260923,16384,256,16,sha3_256,16,1626,843,5540.4207026445265,9359.537069988137,1547.0,True,2026-09-22T09:16:52Z
final-20260922T090744Z,4,20260922,20260923,65536,256,8,sha3_256,16,1258,820,7135.835005961844,9726.501219512194,1167.0,True,2026-09-22T09:16:53Z
final-20260922T090744Z,4,20260922,20260923,262144,256,2,sha256,16,33,663,17894.236742424244,12812.406108597284,615.0,True,2026-09-22T09:16:53Z
final-20260922T090744Z,4,20260922,20260923,16384,256,4,blake2s,16,1251,1029,7372.33223421263,7667.405855199223,689.0,True,2026-09-22T09:16:55Z
final-20260922T090744Z,4,20260922,20260923,1048576,256,4,blake2s,16,913,801,10233.048329682366,10469.980337078652,983.0,True,2026-09-22T09:16:55Z
final-20260922T090744Z,4,20260922,20260923,16384,256,8,blake2s,16,1448,1078,5988.361317334254,7325.299976808906,1005.0,True,2026-09-22T09:17:00Z
final-20260922T090744Z,4,20260922,20260923,16384,256,2,sha3_256,16,406,557,13122.808035714286,15026.94434470377,479.0,True,2026-09-22T09:17:00Z
final-20260922T090744Z,4,20260922,20260923,16384,256,16,blake2s,16,1603,969,5584.074079850281,8269.80476006192,1547.0,True,2026-09-22T09:17:00Z
final-20260922T090744Z,4,20260922,20260923,65536,256,16,sha256,16,1481,1148,5889.810305536799,6529.79393510453,1931.0,True,2026-09-22T09:17:01Z
final-20260922T090744Z,4,20260922,20260923,65536,256,8,blake2s,16,1270,905,7197.306200787401,8498.495718232045,1167.0,True,2026-09-22T09:17:01Z
final-20260922T090744Z,4,20260922,20260923,262144,256,16,sha3_256,16,1276,678,6927.065585815047,11652.041205752212,2029.0,True,2026-09-22T09:17:02Z
final-20260922T090744Z,4,20260922,20260923,1048576,256,8,sha256,16,1067,949,8291.416178537957,7665.6614857745,1457.0,True,2026-09-22T09:17:03Z
final-20260922T090744Z,5,20260922,20260923,65536,256,16,sha3_256,16,1478,757,5867.721371786198,10699.94179326288,1931.0,True,2026-09-22T09:17:06Z
final-20260922T090744Z,5,20260922,20260923,16384,256,4,sha3_256,16,1214,888,7356.546952224053,8744.607263513513,689.0,True,2026-09-22T09:17:06Z
final-20260922T090744Z,5,20260922,20260923,4096,256,16,sha256,16,2008,1523,4586.897316982072,5039.6163821405125,1449.0,True,2026-09-22T09:17:07Z
final-20260922T090744Z,5,20260922,20260923,4096,256,3,sha256,16,1079,1096,8110.44937442076,6490.003763686132,475.0,True,2026-09-22T09:17:07Z
final-20260922T090744Z,5,20260922,20260923,65536,256,2,sha3_256,16,124,524,15040.536794354839,16747.159351145037,547.0,True,2026-09-22T09:17:07Z
final-20260922T090744Z,5,20260922,20260923,1048576,256,2,sha3_256,16,372,408,18580.417002688173,20685.052083333332,683.0,True,2026-09-22T09:17:08Z
final-20260922T090744Z,5,20260922,20260923,262144,256,16,sha256,16,1281,1041,6892.825575722092,7273.254202689722,2029.0,True,2026-09-22T09:17:16Z
final-20260922T090744Z,5,20260922,20260923,262144,256,4,blake2s,16,979,836,9337.24297752809,9595.129261363636,885.0,True,2026-09-22T09:17:17Z
final-20260922T090744Z,5,20260922,20260923,4096,256,8,sha3_256,16,1832,977,4948.0053561681225,7295.083546571136,907.0,True,2026-09-22T09:17:18Z
final-20260922T090744Z,5,20260922,20260923,65536,256,4,sha3_256,16,1110,795,8457.048423423423,9832.557547169812,787.0,True,2026-09-22T09:17:19Z
final-20260922T090744Z,5,20260922,20260923,4096,256,2,blake2s,16,830,826,11361.671611445783,10078.114785108959,411.0,True,2026-09-22T09:17:19Z
final-20260922T090744Z,5,20260922,20260923,16384,256,3,sha256,16,1018,1027,9069.654899312378,7165.941273125609,547.0,True,2026-09-22T09:17:20Z
final-20260922T090744Z,5,20260922,20260923,65536,256,8,blake2s,16,1268,903,7170.961750788643,8521.103197674418,1167.0,True,2026-09-22T09:17:20Z
final-20260922T090744Z,5,20260922,20260923,16384,256,16,sha3_256,16,1614,825,5630.987337360595,9380.294924242424,1547.0,True,2026-09-22T09:17:21Z
final-20260922T090744Z,5,20260922,20260923,1048576,256,4,sha256,16,909,890,10224.92058580858,8696.71797752809,983.0,True,2026-09-22T09:17:21Z
final-20260922T090744Z,5,20260922,20260923,16384,256,8,blake2s,16,1544,1019,5953.353950777202,7427.24319185476,1005.0,True,2026-09-22T09:17:24Z
final-20260922T090744Z,5,20260922,20260923,4096,256,8,blake2s,16,1823,1239,4956.712150301701,6453.35008071025,907.0,True,2026-09-22T09:17:25Z
final-20260922T090744Z,5,20260922,20260923,1048576,256,4,blake2s,16,893,795,10341.002029675252,10537.238522012578,983.0,True,2026-09-22T09:17:25Z
final-20260922T090744Z,5,20260922,20260923,16384,256,16,blake2s,16,1644,1011,5588.084283759124,8314.040244807122,1547.0,True,2026-09-22T09:17:30Z
final-20260922T090744Z,5,20260922,20260923,4096,256,16,sha3_256,16,1927,949,4622.416482874935,8282.340951001053,1449.0,True,2026-09-22T09:17:30Z
final-20260922T090744Z,5,20260922,20260923,65536,256,2,sha256,16,110,745,15083.758522727272,11483.556208053691,547.0,True,2026-09-22T09:17:30Z
final-20260922T090744Z,5,20260922,20260923,262144,256,8,blake2s,16,1185,878,7383.983755274262,9042.160521070615,1359.0,True,2026-09-22T09:17:31Z
final-20260922T090744Z,5,20260922,20260923,65536,256,4,blake2s,16,1114,962,8449.462466337522,8628.128768191269,787.0,True,2026-09-22T09:17:32Z
final-20260922T090744Z,5,20260922,20260923,1048576,256,3,blake2s,16,11,667,16052.65909090909,11173.202773613193,785.0,True,2026-09-22T09:17:33Z
final-20260922T090744Z,5,20260922,20260923,262144,256,4,sha3_256,16,889,708,9347.36600112486,10926.350723870057,885.0,True,2026-09-22T09:17:37Z
final-20260922T090744Z,5,20260922,20260923,1048576,256,8,sha3_256,16,1099,704,8248.195518653321,11339.511097301136,1457.0,True,2026-09-22T09:17:39Z
final-20260922T090744Z,5,20260922,20260923,4096,256,4,sha3_256,16,1350,992,6502.756296296297,7705.300655241936,591.0,True,2026-09-22T09:17:43Z
final-20260922T090744Z,5,20260922,20260923,262144,256,3,sha3_256,16,752,604,11770.274019281915,13505.016038907284,703.0,True,2026-09-22T09:17:44Z
final-20260922T090744Z,5,20260922,20260923,4096,256,2,sha256,16,828,867,11428.095637077295,8783.435049019608,411.0,True,2026-09-22T09:17:45Z
final-20260922T090744Z,5,20260922,20260923,1048576,256,3,sha256,16,11,729,16158.4375,10083.47556584362,785.0,True,2026-09-22T09:17:46Z
final-20260922T090744Z,5,20260922,20260923,262144,256,16,blake2s,16,1259,786,6967.384034948372,10303.435591603053,2029.0,True,2026-09-22T09:17:49Z
final-20260922T090744Z,5,20260922,20260923,65536,256,16,blake2s,16,1446,881,5989.511151452282,9410.555405788877,1931.0,True,2026-09-22T09:17:50Z
final-20260922T090744Z,5,20260922,20260923,16384,256,4,blake2s,16,1216,1000,7385.882349917763,7665.270375,689.0,True,2026-09-22T09:17:51Z
final-20260922T090744Z,5,20260922,20260923,4096,256,8,sha256,16,1848,1271,5003.039535984848,4895.214545633359,907.0,True,2026-09-22T09:17:51Z
final-20260922T090744Z,5,20260922,20260923,262144,256,4,sha256,16,973,917,9343.450282631038,7899.117230098146,885.0,True,2026-09-22T09:17:51Z
final-20260922T090744Z,5,20260922,20260923,262144,256,8,sha256,16,1166,1156,7243.719286020583,6835.130839100346,1359.0,True,2026-09-22T09:17:53Z
final-20260922T090744Z,5,20260922,20260923,65536,256,4,sha256,16,1104,1096,8452.515511775362,7094.93795620438,787.0,True,2026-09-22T09:17:53Z
final-20260922T090744Z,5,20260922,20260923,262144,256,3,blake2s,16,773,762,11897.085300776196,10451.513943569555,703.0,True,2026-09-22T09:17:54Z
final-20260922T090744Z,5,20260922,20260923,1048576,256,16,sha3_256,16,1205,645,7215.98739626556,12981.073837209302,2413.0,True,2026-09-22T09:17:55Z
final-20260922T090744Z,5,20260922,20260923,4096,256,3,sha3_256,16,1146,861,8079.337423647469,9464.37550813008,475.0,True,2026-09-22T09:18:00Z
final-20260922T090744Z,5,20260922,20260923,16384,256,3,blake2s,16,1012,920,9075.585906620554,8117.931793478261,547.0,True,2026-09-22T09:18:00Z
final-20260922T090744Z,5,20260922,20260923,16384,256,2,sha256,16,399,762,13091.25156641604,10124.540764435695,479.0,True,2026-09-22T09:18:00Z
final-20260922T090744Z,5,20260922,20260923,4096,256,3,blake2s,16,1132,1062,7971.886373674912,7337.9733992467045,475.0,True,2026-09-22T09:18:01Z
final-20260922T090744Z,5,20260922,20260923,1048576,256,2,blake2s,16,367,527,18546.774863760216,15956.574003795067,683.0,True,2026-09-22T09:18:01Z
final-20260922T090744Z,5,20260922,20260923,262144,256,8,sha3_256,16,1186,761,7291.002002529511,10590.644957293036,1359.0,True,2026-09-22T09:18:07Z
final-20260922T090744Z,5,20260922,20260923,1048576,256,4,sha3_256,16,896,668,10429.163853236607,12027.695078592815,983.0,True,2026-09-22T09:18:08Z
final-20260922T090744Z,5,20260922,20260923,1048576,256,3,sha3_256,16,11,542,16075.75,14574.198454797048,785.0,True,2026-09-22T09:18:14Z
final-20260922T090744Z,5,20260922,20260923,262144,256,16,sha3_256,16,1250,708,7089.9939,12247.478460451977,2029.0,True,2026-09-22T09:18:19Z
final-20260922T090744Z,5,20260922,20260923,1048576,256,16,sha256,16,1196,970,7390.914977006689,7873.726288659794,2413.0,True,2026-09-22T09:18:20Z
final-20260922T090744Z,5,20260922,20260923,1048576,256,2,sha256,16,370,601,18595.20033783784,14134.02984608985,683.0,True,2026-09-22T09:18:23Z
final-20260922T090744Z,5,20260922,20260923,16384,256,2,sha3_256,16,360,570,13112.9265625,14815.071929824562,479.0,True,2026-09-22T09:18:28Z
final-20260922T090744Z,5,20260922,20260923,16384,256,3,sha3_256,16,1017,757,9167.352015732547,10409.008173712022,547.0,True,2026-09-22T09:18:28Z
final-20260922T090744Z,5,20260922,20260923,262144,256,3,sha256,16,749,822,12010.990570761014,9940.61937347932,703.0,True,2026-09-22T09:18:29Z
final-20260922T090744Z,5,20260922,20260923,1048576,256,8,blake2s,16,1094,817,8270.920932358318,9980.556074051408,1457.0,True,2026-09-22T09:18:31Z
final-20260922T090744Z,5,20260922,20260923,4096,256,16,blake2s,16,1994,1109,4547.182578986961,7283.655038322813,1449.0,True,2026-09-22T09:18:35Z
final-20260922T090744Z,5,20260922,20260923,16384,256,8,sha256,16,1535,1160,5991.921783387622,5620.898060344827,1005.0,True,2026-09-22T09:18:35Z
final-20260922T090744Z,5,20260922,20260923,4096,256,4,blake2s,16,1418,1059,6445.697681593794,6727.943283758263,591.0,True,2026-09-22T09:18:36Z
final-20260922T090744Z,5,20260922,20260923,262144,256,2,sha3_256,16,33,465,18026.092803030304,18674.233602150536,615.0,True,2026-09-22T09:18:36Z
final-20260922T090744Z,5,20260922,20260923,16384,256,4,sha256,16,1224,1148,7337.213899101307,6336.374074477352,689.0,True,2026-09-22T09:18:38Z
final-20260922T090744Z,5,20260922,20260923,65536,256,3,blake2s,16,854,853,10881.949429156908,9487.460433763188,637.0,True,2026-09-22T09:18:38Z
final-20260922T090744Z,5,20260922,20260923,4096,256,2,sha3_256,16,823,625,11315.711801336574,12862.7339,411.0,True,2026-09-22T09:18:39Z
final-20260922T090744Z,5,20260922,20260923,65536,256,8,sha256,16,1248,1091,7213.112029246795,6542.371333638864,1167.0,True,2026-09-22T09:18:40Z
final-20260922T090744Z,5,20260922,20260923,1048576,256,16,blake2s,16,1205,712,7301.2383298755185,11442.42573735955,2413.0,True,2026-09-22T09:18:41Z
final-20260922T090744Z,5,20260922,20260923,262144,256,2,sha256,16,33,658,18082.88068181818,12777.587386018236,615.0,True,2026-09-22T09:18:44Z
final-20260922T090744Z,5,20260922,20260923,1048576,256,8,sha256,16,1079,963,8202.33781278962,7665.228258047768,1457.0,True,2026-09-22T09:18:46Z
final-20260922T090744Z,5,20260922,20260923,4096,256,4,sha256,16,1335,1355,6568.202949438202,5515.021079335794,591.0,True,2026-09-22T09:18:48Z
final-20260922T090744Z,5,20260922,20260923,16384,256,16,sha256,16,1601,1199,5605.931331980012,5925.855400333611,1547.0,True,2026-09-22T09:18:49Z
final-20260922T090744Z,5,20260922,20260923,16384,256,8,sha3_256,16,1512,883,5960.851851851852,8311.114878255945,1005.0,True,2026-09-22T09:18:49Z
final-20260922T090744Z,5,20260922,20260923,65536,256,3,sha3_256,16,843,663,10905.573398576513,12482.84681372549,637.0,True,2026-09-22T09:18:50Z
final-20260922T090744Z,5,20260922,20260923,65536,256,2,blake2s,16,135,662,14952.866203703703,12968.74782854985,547.0,True,2026-09-22T09:18:51Z
final-20260922T090744Z,5,20260922,20260923,65536,256,16,sha256,16,1480,1110,5864.884501689189,6554.901632882883,1931.0,True,2026-09-22T09:18:52Z
final-20260922T090744Z,5,20260922,20260923,16384,256,2,blake2s,16,344,708,13343.986373546511,11515.935999293786,479.0,True,2026-09-22T09:18:52Z
final-20260922T090744Z,5,20260922,20260923,65536,256,3,sha256,16,852,929,10892.801349765257,8591.480422497309,637.0,True,2026-09-22T09:18:52Z
final-20260922T090744Z,5,20260922,20260923,65536,256,8,sha3_256,16,1244,806,7131.890926446946,9731.945176799007,1167.0,True,2026-09-22T09:18:54Z
final-20260922T090744Z,5,20260922,20260923,262144,256,2,blake2s,16,33,598,18281.549242424244,14437.379703177257,615.0,True,2026-09-22T09:18:54Z
final-20260922T090744Z,6,20260922,20260923,16384,256,16,sha3_256,16,1531,852,5596.671497387329,9374.70048415493,1547.0,True,2026-09-22T09:18:57Z
final-20260922T090744Z,6,20260922,20260923,65536,256,8,sha3_256,16,1273,843,7123.532992930086,9770.238508303677,1167.0,True,2026-09-22T09:18:57Z
final-20260922T090744Z,6,20260922,20260923,65536,256,16,sha256,16,1447,1158,5987.405666897028,6526.965781519862,1931.0,True,2026-09-22T09:18:58Z
final-20260922T090744Z,6,20260922,20260923,4096,256,2,sha256,16,833,900,11425.487169867947,8781.600625,411.0,True,2026-09-22T09:18:58Z
final-20260922T090744Z,6,20260922,20260923,262144,256,4,blake2s,16,993,786,9224.392686304129,9553.384621501273,885.0,True,2026-09-22T09:18:59Z
final-20260922T090744Z,6,20260922,20260923,1048576,256,8,sha3_256,16,1084,693,8210.798143450185,11326.308802308802,1457.0,True,2026-09-22T09:19:00Z
final-20260922T090744Z,6,20260922,20260923,262144,256,8,sha3_256,16,1138,795,7387.074692442882,10256.176572327044,1359.0,True,2026-09-22T09:19:04Z
final-20260922T090744Z,6,20260922,20260923,262144,256,3,sha256,16,760,823,11736.998190789474,9363.561360874848,703.0,True,2026-09-22T09:19:06Z
final-20260922T090744Z,6,20260922,20260923,16384,256,2,blake2s,16,422,727,13144.058797393365,11861.692142365888,479.0,True,2026-09-22T09:19:07Z
final-20260922T090744Z,6,20260922,20260923,1048576,256,2,sha3_256,16,374,413,18529.261029411766,20671.490163438255,683.0,True,2026-09-22T09:19:07Z
final-20260922T090744Z,6,20260922,20260923,16384,256,4,sha256,16,1211,1182,7401.435796862097,6331.542248307953,689.0,True,2026-09-22T09:19:14Z
final-20260922T090744Z,6,20260922,20260923,4096,256,2,sha3_256,16,829,627,11287.874849215923,12858.968500797448,411.0,True,2026-09-22T09:19:15Z
final-20260922T090744Z,6,20260922,20260923,65536,256,4,sha3_256,16,1102,817,8460.668897459165,9820.00344247246,787.0,True,2026-09-22T09:19:16Z
final-20260922T090744Z,6,20260922,20260923,65536,256,4,sha256,16,1100,1103,8368.8275,7090.8072302810515,787.0,True,2026-09-22T09:19:16Z
final-20260922T090744Z,6,20260922,20260923,65536,256,16,blake2s,16,1445,853,5931.656660899654,9412.14851992966,1931.0,True,2026-09-22T09:19:17Z
final-20260922T090744Z,6,20260922,20260923,1048576,256,8,sha256,16,1088,933,8247.050723805147,7643.875,1457.0,True,2026-09-22T09:19:17Z
final-20260922T090744Z,6,20260922,20260923,1048576,256,3,blake2s,16,11,627,16407.409090909092,11186.899720893141,785.0,True,2026-09-22T09:19:20Z
final-20260922T090744Z,6,20260922,20260923,1048576,256,3,sha256,16,11,737,16140.806818181818,10079.535023744911,785.0,True,2026-09-22T09:19:25Z
final-20260922T090744Z,6,20260922,20260923,262144,256,2,sha3_256,16,29,471,18174.441810344826,18710.601114649682,615.0,True,2026-09-22T09:19:28Z
final-20260922T090744Z,6,20260922,20260923,1048576,256,4,blake2s,16,847,772,10270.661894923258,10468.893458549222,983.0,True,2026-09-22T09:19:30Z
final-20260922T090744Z,6,20260922,20260923,262144,256,4,sha256,16,988,982,9350.092231781377,7878.554353360489,885.0,True,2026-09-22T09:19:35Z
final-20260922T090744Z,6,20260922,20260923,1048576,256,2,sha256,16,349,587,18476.213646131804,14229.938351788756,683.0,True,2026-09-22T09:19:36Z
final-20260922T090744Z,6,20260922,20260923,4096,256,4,blake2s,16,1351,1093,6494.303571428572,6751.624199451052,591.0,True,2026-09-22T09:19:41Z
final-20260922T090744Z,6,20260922,20260923,16384,256,2,sha256,16,365,789,13154.639726027397,10157.206511406845,479.0,True,2026-09-22T09:19:41Z
final-20260922T090744Z,6,20260922,20260923,65536,256,2,blake2s,16,124,644,14974.786794354839,12983.140236801242,547.0,True,2026-09-22T09:19:42Z
final-20260922T090744Z,6,20260922,20260923,4096,256,4,sha3_256,16,1386,953,6988.619002525253,7688.782004197272,591.0,True,2026-09-22T09:19:42Z
final-20260922T090744Z,6,20260922,20260923,4096,256,8,sha256,16,1454,1486,5098.677613480055,4926.668236877524,907.0,True,2026-09-22T09:19:43Z
final-20260922T090744Z,6,20260922,20260923,1048576,256,8,blake2s,16,1078,785,8338.549165120594,9998.895859872611,1457.0,True,2026-09-22T09:19:43Z
final-20260922T090744Z,6,20260922,20260923,1048576,256,16,sha256,16,1177,997,7341.508230671198,7937.861898194584,2413.0,True,2026-09-22T09:19:47Z
final-20260922T090744Z,6,20260922,20260923,262144,256,3,sha3_256,16,768,618,11937.815104166666,13542.820287216828,703.0,True,2026-09-22T09:19:50Z
final-20260922T090744Z,6,20260922,20260923,262144,256,4,sha3_256,16,959,742,9312.390445776851,10902.45653638814,885.0,True,2026-09-22T09:19:51Z
final-20260922T090744Z,6,20260922,20260923,4096,256,8,sha3_256,16,1865,1062,5073.247319034853,7300.905661487759,907.0,True,2026-09-22T09:19:53Z
final-20260922T090744Z,6,20260922,20260923,4096,256,16,sha3_256,16,1956,966,4644.38519299591,8278.668284161491,1449.0,True,2026-09-22T09:19:54Z
final-20260922T090744Z,6,20260922,20260923,65536,256,3,sha256,16,836,864,10945.291791267942,8669.69089988426,637.0,True,2026-09-22T09:19:54Z
final-20260922T090744Z,6,20260922,20260923,262144,256,16,blake2s,16,1250,779,7027.3521,10336.28185173299,2029.0,True,2026-09-22T09:19:54Z
final-20260922T090744Z,6,20260922,20260923,65536,256,8,blake2s,16,1271,922,7163.644571203777,8498.115238611714,1167.0,True,2026-09-22T09:19:56Z
final-20260922T090744Z,6,20260922,20260923,4096,256,16,blake2s,16,1910,1118,4647.169993455497,7321.282927101968,1449.0,True,2026-09-22T09:19:56Z
final-20260922T090744Z,6,20260922,20260923,16384,256,16,blake2s,16,1472,1003,5525.440641983696,8319.748317547357,1547.0,True,2026-09-22T09:19:57Z
final-20260922T090744Z,6,20260922,20260923,262144,256,2,blake2s,16,32,604,18249.994140625,14533.290252483444,615.0,True,2026-09-22T09:19:58Z
final-20260922T090744Z,6,20260922,20260923,16384,256,8,sha256,16,1527,1173,5967.848641126392,5656.333546462063,1005.0,True,2026-09-22T09:20:00Z
final-20260922T090744Z,6,20260922,20260923,65536,256,8,sha256,16,1265,1143,7206.820750988142,6541.437171916011,1167.0,True,2026-09-22T09:20:00Z
final-20260922T090744Z,6,20260922,20260923,4096,256,3,sha256,16,1142,1205,8060.90061295972,6527.453319502075,475.0,True,2026-09-22T09:20:01Z
final-20260922T090744Z,6,20260922,20260923,1048576,256,16,sha3_256,16,1208,645,7340.853062913908,12978.170445736434,2413.0,True,2026-09-22T09:20:01Z
final-20260922T090744Z,6,20260922,20260923,262144,256,3,blake2s,16,767,461,13303.426010430248,10471.84368221258,703.0,True,2026-09-22T09:20:05Z
final-20260922T090744Z,6,20260922,20260923,16384,256,3,sha256,16,1018,1028,9058.992264243614,7206.700510700389,547.0,True,2026-09-22T09:20:07Z
final-20260922T090744Z,6,20260922,20260923,65536,256,2,sha256,16,121,720,14982.25,11497.241579861111,547.0,True,2026-09-22T09:20:07Z
final-20260922T090744Z,6,20260922,20260923,4096,256,8,blake2s,16,1832,1213,5021.933986080786,6433.70306059357,907.0,True,2026-09-22T09:20:08Z
final-20260922T090744Z,6,20260922,20260923,16384,256,8,sha3_256,16,1545,894,5930.663349514563,8321.050405480984,1005.0,True,2026-09-22T09:20:08Z
final-20260922T090744Z,6,20260922,20260923,65536,256,3,blake2s,16,848,809,10895.310657429245,9470.296199011125,637.0,True,2026-09-22T09:20:09Z
final-20260922T090744Z,6,20260922,20260923,65536,256,16,sha3_256,16,1458,736,5850.925625857339,10665.176545516304,1931.0,True,2026-09-22T09:20:09Z
final-20260922T090744Z,6,20260922,20260923,65536,256,4,blake2s,16,1092,884,8506.564045329671,8622.480203619909,787.0,True,2026-09-22T09:20:10Z
final-20260922T090744Z,6,20260922,20260923,1048576,256,3,sha3_256,16,11,517,16237.505681818182,14574.577732108317,785.0,True,2026-09-22T09:20:10Z
final-20260922T090744Z,6,20260922,20260923,1048576,256,2,blake2s,16,375,540,18749.526833333333,15938.746643518518,683.0,True,2026-09-22T09:20:16Z
final-20260922T090744Z,6,20260922,20260923,16384,256,3,sha3_256,16,1022,759,9037.274033757338,10345.83234519104,547.0,True,2026-09-22T09:20:22Z
final-20260922T090744Z,6,20260922,20260923,4096,256,3,blake2s,16,1120,1003,8063.787946428572,7366.405346460618,475.0,True,2026-09-22T09:20:22Z
final-20260922T090744Z,6,20260922,20260923,4096,256,16,sha256,16,1971,1431,4553.961092085236,5052.088967505241,1449.0,True,2026-09-22T09:20:23Z
final-20260922T090744Z,6,20260922,20260923,65536,256,2,sha3_256,16,128,510,15050.08935546875,16734.628676470587,547.0,True,2026-09-22T09:20:23Z
final-20260922T090744Z,6,20260922,20260923,1048576,256,16,blake2s,16,1206,733,7579.767257462687,11416.520975443384,2413.0,True,2026-09-22T09:20:23Z
final-20260922T090744Z,6,20260922,20260923,262144,256,2,sha256,16,33,656,17963.384469696968,12850.950171493903,615.0,True,2026-09-22T09:20:27Z
final-20260922T090744Z,6,20260922,20260923,16384,256,4,sha3_256,16,1255,937,7382.30811752988,8777.121931696905,689.0,True,2026-09-22T09:20:29Z
final-20260922T090744Z,6,20260922,20260923,262144,256,8,blake2s,16,1206,880,7352.233312603648,9025.361292613636,1359.0,True,2026-09-22T09:20:29Z
final-20260922T090744Z,6,20260922,20260923,1048576,256,4,sha256,16,904,869,10275.544386061947,8694.153768699654,983.0,True,2026-09-22T09:20:30Z
final-20260922T090744Z,6,20260922,20260923,1048576,256,4,sha3_256,16,892,702,10237.799677690584,12077.706374643874,983.0,True,2026-09-22T09:20:34Z
final-20260922T090744Z,6,20260922,20260923,262144,256,8,sha256,16,1141,1133,7349.717188869413,6893.452504413062,1359.0,True,2026-09-22T09:20:39Z
final-20260922T090744Z,6,20260922,20260923,4096,256,4,sha256,16,1349,1356,6489.364853595256,5553.808904867256,591.0,True,2026-09-22T09:20:40Z
final-20260922T090744Z,6,20260922,20260923,65536,256,3,sha3_256,16,830,677,10994.547891566264,12957.144202363368,637.0,True,2026-09-22T09:20:40Z
final-20260922T090744Z,6,20260922,20260923,16384,256,3,blake2s,16,1023,936,9143.423936950147,8488.486177884615,547.0,True,2026-09-22T09:20:40Z
final-20260922T090744Z,6,20260922,20260923,262144,256,16,sha256,16,1270,992,6941.402116141732,7281.205330141129,2029.0,True,2026-09-22T09:20:41Z
final-20260922T090744Z,6,20260922,20260923,16384,256,8,blake2s,16,1529,1082,5994.603008502289,7356.256700554529,1005.0,True,2026-09-22T09:20:42Z
final-20260922T090744Z,6,20260922,20260923,262144,256,16,sha3_256,16,1223,709,7059.8347301717085,11740.558621297601,2029.0,True,2026-09-22T09:20:42Z
final-20260922T090744Z,6,20260922,20260923,16384,256,16,sha256,16,1564,1228,5610.590912723786,5946.004427931596,1547.0,True,2026-09-22T09:20:44Z
final-20260922T090744Z,6,20260922,20260923,4096,256,2,blake2s,16,829,826,11457.317249698432,9996.399213075061,411.0,True,2026-09-22T09:20:44Z
final-20260922T090744Z,6,20260922,20260923,16384,256,4,blake2s,16,1250,970,7325.43045,7715.467139175258,689.0,True,2026-09-22T09:20:44Z
final-20260922T090744Z,6,20260922,20260923,16384,256,2,sha3_256,16,311,562,13438.72387459807,14915.687055160142,479.0,True,2026-09-22T09:20:45Z
final-20260922T090744Z,6,20260922,20260923,4096,256,3,sha3_256,16,1135,803,8086.852202643172,9441.87593399751,475.0,True,2026-09-22T09:20:46Z
final-20260922T090744Z,7,20260922,20260923,262144,256,3,sha256,16,768,862,11862.293050130209,9340.84541763341,703.0,True,2026-09-22T09:20:46Z
final-20260922T090744Z,7,20260922,20260923,1048576,256,8,sha256,16,1098,1002,8359.584414845172,7669.381674151697,1457.0,True,2026-09-22T09:20:47Z
final-20260922T090744Z,7,20260922,20260923,4096,256,4,blake2s,16,1387,1109,6458.9514239365535,6743.268372407574,591.0,True,2026-09-22T09:20:51Z
final-20260922T090744Z,7,20260922,20260923,4096,256,3,blake2s,16,1106,1104,8051.444224683544,7318.054800724638,475.0,True,2026-09-22T09:20:51Z
final-20260922T090744Z,7,20260922,20260923,4096,256,16,sha256,16,1941,1268,4574.7489374034,5062.214954652997,1449.0,True,2026-09-22T09:20:51Z
final-20260922T090744Z,7,20260922,20260923,1048576,256,4,blake2s,16,893,782,10251.200447928331,10530.73865089514,983.0,True,2026-09-22T09:20:52Z
final-20260922T090744Z,7,20260922,20260923,16384,256,3,sha256,16,1014,963,8992.050110946746,7280.605464693665,547.0,True,2026-09-22T09:20:56Z
final-20260922T090744Z,7,20260922,20260923,4096,256,16,sha3_256,16,1950,988,4627.198205128205,8303.7214701417,1449.0,True,2026-09-22T09:20:57Z
final-20260922T090744Z,7,20260922,20260923,1048576,256,16,sha256,16,1214,969,7317.938323723229,7889.065660474716,2413.0,True,2026-09-22T09:20:57Z
final-20260922T090744Z,7,20260922,20260923,262144,256,16,sha3_256,16,1244,708,7052.789539790997,11647.592690677966,2029.0,True,2026-09-22T09:21:00Z
final-20260922T090744Z,7,20260922,20260923,65536,256,8,sha3_256,16,1254,808,7136.878588516746,9723.097076113861,1167.0,True,2026-09-22T09:21:01Z
final-20260922T090744Z,7,20260922,20260923,65536,256,4,sha256,16,1065,1017,8584.958333333334,7124.720317109144,787.0,True,2026-09-22T09:21:02Z
final-20260922T090744Z,7,20260922,20260923,262144,256,4,sha3_256,16,964,740,9249.608661825727,10943.246030405406,885.0,True,2026-09-22T09:21:02Z
final-20260922T090744Z,7,20260922,20260923,1048576,256,8,blake2s,16,1087,813,8930.48740800368,10054.543281057811,1457.0,True,2026-09-22T09:21:04Z
final-20260922T090744Z,7,20260922,20260923,65536,256,16,sha256,16,1437,1110,5863.565240083507,6517.709234234234,1931.0,True,2026-09-22T09:21:08Z
final-20260922T090744Z,7,20260922,20260923,16384,256,16,blake2s,16,1551,967,5600.827933591231,8405.60354188211,1547.0,True,2026-09-22T09:21:08Z
final-20260922T090744Z,7,20260922,20260923,262144,256,16,blake2s,16,1230,783,7051.812855691057,10292.330220306514,2029.0,True,2026-09-22T09:21:09Z
final-20260922T090744Z,7,20260922,20260923,16384,256,4,sha3_256,16,1242,868,7449.031954508857,8837.762096774193,689.0,True,2026-09-22T09:21:10Z
final-20260922T090744Z,7,20260922,20260923,65536,256,2,blake2s,16,125,654,15098.144,12986.924598623853,547.0,True,2026-09-22T09:21:10Z
final-20260922T090744Z,7,20260922,20260923,65536,256,4,blake2s,16,1063,955,8571.923095014112,8619.94162303665,787.0,True,2026-09-22T09:21:11Z
final-20260922T090744Z,7,20260922,20260923,4096,256,8,sha3_256,16,1669,968,5079.455924206111,7425.288739669421,907.0,True,2026-09-22T09:21:11Z
final-20260922T090744Z,7,20260922,20260923,65536,256,3,sha3_256,16,825,642,11054.127121212121,12467.747663551401,637.0,True,2026-09-22T09:21:12Z
final-20260922T090744Z,7,20260922,20260923,16384,256,2,sha3_256,16,361,547,12944.672783933518,14808.015882084095,479.0,True,2026-09-22T09:21:13Z
final-20260922T090744Z,7,20260922,20260923,1048576,256,16,blake2s,16,1196,717,7383.716137123746,11462.760373082287,2413.0,True,2026-09-22T09:21:13Z
final-20260922T090744Z,7,20260922,20260923,1048576,256,4,sha256,16,905,877,10281.887223756907,8687.831599201825,983.0,True,2026-09-22T09:21:17Z
final-20260922T090744Z,7,20260922,20260923,262144,256,16,sha256,16,1235,1020,6963.640637651822,7277.067034313725,2029.0,True,2026-09-22T09:21:20Z
final-20260922T090744Z,7,20260922,20260923,65536,256,3,blake2s,16,817,839,10892.375229498164,9819.840435041717,637.0,True,2026-09-22T09:21:21Z
final-20260922T090744Z,7,20260922,20260923,4096,256,3,sha3_256,16,1149,784,8102.764469103568,9443.012515943878,475.0,True,2026-09-22T09:21:22Z
final-20260922T090744Z,7,20260922,20260923,16384,256,4,blake2s,16,1240,975,7301.842943548387,7729.9807692307695,689.0,True,2026-09-22T09:21:22Z
final-20260922T090744Z,7,20260922,20260923,4096,256,2,sha256,16,812,906,11239.000615763547,8836.83450607064,411.0,True,2026-09-22T09:21:23Z
final-20260922T090744Z,7,20260922,20260923,262144,256,8,blake2s,16,1178,476,7318.297432088285,9420.6899947479,1359.0,True,2026-09-22T09:21:23Z
final-20260922T090744Z,7,20260922,20260923,4096,256,16,blake2s,16,1958,1074,4709.637959652707,7503.461417597765,1449.0,True,2026-09-22T09:21:24Z
final-20260922T090744Z,7,20260922,20260923,4096,256,4,sha256,16,1442,1155,6466.855105755894,5580.55735930736,591.0,True,2026-09-22T09:21:24Z
final-20260922T090744Z,7,20260922,20260923,16384,256,3,sha3_256,16,994,766,8892.648013078471,10397.441987597911,547.0,True,2026-09-22T09:21:25Z
final-20260922T090744Z,7,20260922,20260923,16384,256,2,blake2s,16,392,732,13286.128985969388,11501.043459699453,479.0,True,2026-09-22T09:21:26Z
final-20260922T090744Z,7,20260922,20260923,1048576,256,4,sha3_256,16,883,661,10330.43403171008,12022.23865355522,983.0,True,2026-09-22T09:21:26Z
final-20260922T090744Z,7,20260922,20260923,1048576,256,3,sha3_256,16,11,507,16622.789772727272,15084.667159763314,785.0,True,2026-09-22T09:21:31Z
final-20260922T090744Z,7,20260922,20260923,1048576,256,2,sha256,16,372,589,18568.39432123656,14158.131366723259,683.0,True,2026-09-22T09:21:37Z
final-20260922T090744Z,7,20260922,20260923,1048576,256,2,sha3_256,16,368,416,18716.161514945652,20964.245943509617,683.0,True,2026-09-22T09:21:42Z
final-20260922T090744Z,7,20260922,20260923,262144,256,4,blake2s,16,985,828,9366.490799492385,9550.661156400965,885.0,True,2026-09-22T09:21:49Z
final-20260922T090744Z,7,20260922,20260923,262144,256,2,blake2s,16,31,582,18631.300403225807,14436.750107388316,615.0,True,2026-09-22T09:21:50Z
final-20260922T090744Z,7,20260922,20260923,1048576,256,3,blake2s,16,11,630,17021.545454545456,11256.496626984126,785.0,True,2026-09-22T09:21:52Z
final-20260922T090744Z,7,20260922,20260923,65536,256,16,sha3_256,16,1463,743,5943.329545454545,10715.34236204576,1931.0,True,2026-09-22T09:21:57Z
final-20260922T090744Z,7,20260922,20260923,65536,256,3,sha256,16,847,897,11118.65171192444,8728.982789855072,637.0,True,2026-09-22T09:21:57Z
final-20260922T090744Z,7,20260922,20260923,65536,256,8,sha256,16,1283,1182,7134.98835736555,6524.690566835871,1167.0,True,2026-09-22T09:21:58Z
final-20260922T090744Z,7,20260922,20260923,262144,256,8,sha256,16,1170,1133,7414.740972222222,6836.103762135922,1359.0,True,2026-09-22T09:21:58Z
final-20260922T090744Z,7,20260922,20260923,16384,256,16,sha3_256,16,1609,874,5607.585767557489,9386.596109839817,1547.0,True,2026-09-22T09:21:59Z
final-20260922T090744Z,7,20260922,20260923,262144,256,3,blake2s,16,628,795,12560.043590764331,10798.4838836478,703.0,True,2026-09-22T09:22:00Z
final-20260922T090744Z,7,20260922,20260923,65536,256,2,sha256,16,126,710,15184.54017857143,11502.377200704226,547.0,True,2026-09-22T09:22:01Z
final-20260922T090744Z,7,20260922,20260923,1048576,256,3,sha256,16,10,650,18277.9,10309.12875,785.0,True,2026-09-22T09:22:01Z
final-20260922T090744Z,7,20260922,20260923,4096,256,8,blake2s,16,1775,1128,5033.683838028169,6516.005319148936,907.0,True,2026-09-22T09:22:05Z
final-20260922T090744Z,7,20260922,20260923,262144,256,2,sha3_256,16,33,461,18086.56818181818,18830.17746746204,615.0,True,2026-09-22T09:22:05Z
final-20260922T090744Z,7,20260922,20260923,1048576,256,2,blake2s,16,395,492,18264.543196202532,15999.810340447155,683.0,True,2026-09-22T09:22:07Z
final-20260922T090744Z,7,20260922,20260923,4096,256,3,sha256,16,1148,984,8055.283482142857,6537.580157520325,475.0,True,2026-09-22T09:22:13Z
final-20260922T090744Z,7,20260922,20260923,16384,256,3,blake2s,16,1002,975,8904.406000499002,8128.112756410256,547.0,True,2026-09-22T09:22:15Z
final-20260922T090744Z,7,20260922,20260923,1048576,256,8,sha3_256,16,1091,712,8293.344408799267,11357.61551966292,1457.0,True,2026-09-22T09:22:16Z
final-20260922T090744Z,7,20260922,20260923,4096,256,2,sha3_256,16,838,611,11355.276849642005,12863.692921440263,411.0,True,2026-09-22T09:22:21Z
final-20260922T090744Z,7,20260922,20260923,16384,256,8,blake2s,16,1522,1049,5997.746222076215,7435.789621067684,1005.0,True,2026-09-22T09:22:21Z
final-20260922T090744Z,7,20260922,20260923,16384,256,4,sha256,16,1196,1140,7446.311872909699,6340.109539473684,689.0,True,2026-09-22T09:22:21Z
final-20260922T090744Z,7,20260922,20260923,4096,256,4,sha3_256,16,1361,942,6583.2331006612785,7699.125066348195,591.0,True,2026-09-22T09:22:22Z
final-20260922T090744Z,7,20260922,20260923,262144,256,4,sha256,16,967,922,9505.74095139607,7926.7310195227765,885.0,True,2026-09-22T09:22:22Z
final-20260922T090744Z,7,20260922,20260923,16384,256,2,sha256,16,393,766,13141.170006361323,10159.845300261097,479.0,True,2026-09-22T09:22:23Z
final-20260922T090744Z,7,20260922,20260923,16384,256,16,sha256,16,1559,1189,5564.057769403464,5966.80161900757,1547.0,True,2026-09-22T09:22:23Z
final-20260922T090744Z,7,20260922,20260923,4096,256,8,sha256,16,1795,1369,4949.801357938719,4906.7539262235205,907.0,True,2026-09-22T09:22:24Z
final-20260922T090744Z,7,20260922,20260923,65536,256,4,sha3_256,16,1121,780,8457.18883809099,9870.787099358975,787.0,True,2026-09-22T09:22:24Z
final-20260922T090744Z,7,20260922,20260923,65536,256,8,blake2s,16,1243,930,7120.329193483508,8455.1561827957,1167.0,True,2026-09-22T09:22:25Z
final-20260922T090744Z,7,20260922,20260923,262144,256,8,sha3_256,16,1189,788,7346.5087258200165,10202.150063451776,1359.0,True,2026-09-22T09:22:25Z
final-20260922T090744Z,7,20260922,20260923,262144,256,2,sha256,16,30,611,18900.058333333334,12816.11927168576,615.0,True,2026-09-22T09:22:27Z
final-20260922T090744Z,7,20260922,20260923,1048576,256,16,sha3_256,16,1187,659,7372.50852990733,12949.842469650986,2413.0,True,2026-09-22T09:22:28Z
final-20260922T090744Z,7,20260922,20260923,16384,256,8,sha256,16,1481,1347,6028.02502532073,5633.6352542687455,1005.0,True,2026-09-22T09:22:33Z
final-20260922T090744Z,7,20260922,20260923,4096,256,2,blake2s,16,804,792,11293.535836442787,10005.5703125,411.0,True,2026-09-22T09:22:33Z
final-20260922T090744Z,7,20260922,20260923,65536,256,2,sha3_256,16,123,504,14977.03506097561,16809.891493055555,547.0,True,2026-09-22T09:22:34Z
final-20260922T090744Z,7,20260922,20260923,65536,256,16,blake2s,16,1491,835,5886.584004024145,9419.147005988025,1931.0,True,2026-09-22T09:22:34Z
final-20260922T090744Z,7,20260922,20260923,16384,256,8,sha3_256,16,1547,864,5963.879565287653,8315.233072916666,1005.0,True,2026-09-22T09:22:35Z
final-20260922T090744Z,7,20260922,20260923,262144,256,3,sha3_256,16,755,591,11884.44594370861,13557.356704737733,703.0,True,2026-09-22T09:22:35Z
final-20260922T090744Z,8,20260922,20260923,4096,256,4,sha256,16,1387,1343,6426.30037851478,5571.563151526433,591.0,True,2026-09-22T09:22:37Z
final-20260922T090744Z,8,20260922,20260923,262144,256,2,blake2s,16,33,602,17917.445075757576,14456.346034053156,615.0,True,2026-09-22T09:22:38Z
final-20260922T090744Z,8,20260922,20260923,16384,256,4,sha256,16,1227,1158,7353.4358190709045,6327.863665803109,689.0,True,2026-09-22T09:22:39Z
final-20260922T090744Z,8,20260922,20260923,16384,256,3,sha3_256,16,1023,788,8918.421798631476,10396.960104695432,547.0,True,2026-09-22T09:22:40Z
final-20260922T090744Z,8,20260922,20260923,4096,256,4,blake2s,16,1399,1049,6471.169138670479,6790.182137750238,591.0,True,2026-09-22T09:22:40Z
final-20260922T090744Z,8,20260922,20260923,65536,256,4,blake2s,16,1115,948,8400.073542600896,8630.972310126583,787.0,True,2026-09-22T09:22:40Z
final-20260922T090744Z,8,20260922,20260923,65536,256,4,sha3_256,16,1088,765,8474.6884765625,9845.916339869282,787.0,True,2026-09-22T09:22:41Z
final-20260922T090744Z,8,20260922,20260923,4096,256,3,sha3_256,16,1148,871,7974.8460910278745,9468.076923076924,475.0,True,2026-09-22T09:22:42Z
final-20260922T090744Z,8,20260922,20260923,16384,256,2,blake2s,16,386,705,13051.935071243523,11488.649468085106,479.0,True,2026-09-22T09:22:42Z
final-20260922T090744Z,8,20260922,20260923,4096,256,2,sha3_256,16,822,649,11297.976049270073,12874.7437403698,411.0,True,2026-09-22T09:22:42Z
final-20260922T090744Z,8,20260922,20260923,65536,256,3,sha256,16,818,948,11014.848105134475,8600.12585706751,637.0,True,2026-09-22T09:22:43Z
final-20260922T090744Z,8,20260922,20260923,262144,256,2,sha3_256,16,33,467,18375.325757575756,18724.882226980728,615.0,True,2026-09-22T09:22:43Z
final-20260922T090744Z,8,20260922,20260923,4096,256,2,blake2s,16,832,800,11431.242938701924,10018.6215625,411.0,True,2026-09-22T09:22:45Z
final-20260922T090744Z,8,20260922,20260923,1048576,256,3,blake2s,16,11,654,16556.25568181818,11183.823203363914,785.0,True,2026-09-22T09:22:45Z
final-20260922T090744Z,8,20260922,20260923,65536,256,16,sha256,16,1423,1104,5998.054769852424,6580.549422554348,1931.0,True,2026-09-22T09:22:50Z
final-20260922T090744Z,8,20260922,20260923,16384,256,16,sha3_256,16,1601,836,5591.521275765147,9389.036034688996,1547.0,True,2026-09-22T09:22:51Z
final-20260922T090744Z,8,20260922,20260923,4096,256,3,blake2s,16,1123,991,8128.560886019591,7305.129919273461,475.0,True,2026-09-22T09:22:51Z
final-20260922T090744Z,8,20260922,20260923,65536,256,3,blake2s,16,846,818,10886.058584515367,9510.76237775061,637.0,True,2026-09-22T09:22:51Z
final-20260922T090744Z,8,20260922,20260923,1048576,256,8,blake2s,16,1084,789,8264.027156365313,10005.061549429658,1457.0,True,2026-09-22T09:22:52Z
final-20260922T090744Z,8,20260922,20260923,262144,256,16,sha3_256,16,1266,687,7047.9341923380725,11693.539574235809,2029.0,True,2026-09-22T09:22:57Z
final-20260922T090744Z,8,20260922,20260923,4096,256,16,sha3_256,16,1889,926,4648.43614346215,8307.76100161987,1449.0,True,2026-09-22T09:22:58Z
final-20260922T090744Z,8,20260922,20260923,1048576,256,8,sha3_256,16,1090,714,8297.040194954128,11479.394870448179,1457.0,True,2026-09-22T09:22:58Z
final-20260922T090744Z,8,20260922,20260923,4096,256,8,sha3_256,16,1705,1095,4999.727272727273,7361.094178082192,907.0,True,2026-09-22T09:23:03Z
final-20260922T090744Z,8,20260922,20260923,65536,256,3,sha3_256,16,829,676,10928.06091676719,12510.874722633136,637.0,True,2026-09-22T09:23:03Z
final-20260922T090744Z,8,20260922,20260923,1048576,256,4,sha256,16,864,879,10324.568793402777,8798.857224118316,983.0,True,2026-09-22T09:23:04Z
final-20260922T090744Z,8,20260922,20260923,16384,256,8,sha3_256,16,1534,935,5992.4673647327245,8324.391176470588,1005.0,True,2026-09-22T09:23:07Z
final-20260922T090744Z,8,20260922,20260923,65536,256,2,sha3_256,16,120,518,15167.960416666667,16780.951616795366,547.0,True,2026-09-22T09:23:08Z
final-20260922T090744Z,8,20260922,20260923,262144,256,3,blake2s,16,778,783,11835.750482005142,10392.6719348659,703.0,True,2026-09-22T09:23:08Z
final-20260922T090744Z,8,20260922,20260923,65536,256,8,blake2s,16,1268,976,7202.258280757098,8475.927446209016,1167.0,True,2026-09-22T09:23:10Z
final-20260922T090744Z,8,20260922,20260923,262144,256,3,sha3_256,16,783,619,11871.566730523627,13507.781704361874,703.0,True,2026-09-22T09:23:10Z
final-20260922T090744Z,8,20260922,20260923,262144,256,4,sha256,16,990,926,9362.137247474748,7914.728874190065,885.0,True,2026-09-22T09:23:12Z
final-20260922T090744Z,8,20260922,20260923,4096,256,2,sha256,16,811,846,11317.268649815043,8800.057254728132,411.0,True,2026-09-22T09:23:13Z
final-20260922T090744Z,8,20260922,20260923,1048576,256,16,blake2s,16,1182,724,7393.564297800339,11422.700535220994,2413.0,True,2026-09-22T09:23:14Z
final-20260922T090744Z,8,20260922,20260923,262144,256,3,sha256,16,775,795,11839.328306451613,9471.893003144654,703.0,True,2026-09-22T09:23:17Z
final-20260922T090744Z,8,20260922,20260923,1048576,256,4,sha3_256,16,878,638,10276.07652334852,12137.492065047021,983.0,True,2026-09-22T09:23:19Z
final-20260922T090744Z,8,20260922,20260923,16384,256,16,sha256,16,1644,1313,5525.525699513382,6011.968821401371,1547.0,True,2026-09-22T09:23:24Z
final-20260922T090744Z,8,20260922,20260923,65536,256,16,sha3_256,16,1354,780,5994.062407680945,10755.701282051283,1931.0,True,2026-09-22T09:23:24Z
final-20260922T090744Z,8,20260922,20260923,262144,256,8,sha3_256,16,1149,792,7406.154046997389,10303.491714015152,1359.0,True,2026-09-22T09:23:24Z
final-20260922T090744Z,8,20260922,20260923,65536,256,8,sha256,16,1270,1163,7170.517224409449,6508.267626827171,1167.0,True,2026-09-22T09:23:26Z
final-20260922T090744Z,8,20260922,20260923,262144,256,16,sha256,16,1263,1079,7040.408353127475,7270.892840593142,2029.0,True,2026-09-22T09:23:27Z
final-20260922T090744Z,8,20260922,20260923,4096,256,16,sha256,16,1867,1382,4595.002042046063,5060.6093523878435,1449.0,True,2026-09-22T09:23:28Z
final-20260922T090744Z,8,20260922,20260923,1048576,256,3,sha3_256,16,11,505,16252.017045454546,14654.911262376238,785.0,True,2026-09-22T09:23:28Z
final-20260922T090744Z,8,20260922,20260923,65536,256,8,sha3_256,16,1276,790,7161.229672805643,9734.967088607595,1167.0,True,2026-09-22T09:23:34Z
final-20260922T090744Z,8,20260922,20260923,1048576,256,2,blake2s,16,279,532,18537.51164874552,16119.62652725564,683.0,True,2026-09-22T09:23:34Z
final-20260922T090744Z,8,20260922,20260923,16384,256,2,sha3_256,16,259,542,13292.226351351352,15074.544165129151,479.0,True,2026-09-22T09:23:40Z
final-20260922T090744Z,8,20260922,20260923,1048576,256,16,sha256,16,1222,1019,7196.806771685761,7881.137634936212,2413.0,True,2026-09-22T09:23:41Z
final-20260922T090744Z,8,20260922,20260923,4096,256,3,sha256,16,907,1184,8137.52184399118,6484.695154138513,475.0,True,2026-09-22T09:23:43Z
final-20260922T090744Z,8,20260922,20260923,1048576,256,2,sha256,16,374,600,18528.01253342246,14139.034479166667,683.0,True,2026-09-22T09:23:44Z
final-20260922T090744Z,8,20260922,20260923,65536,256,2,sha256,16,127,701,15247.971948818898,11508.25597360913,547.0,True,2026-09-22T09:23:48Z
final-20260922T090744Z,8,20260922,20260923,262144,256,4,sha3_256,16,952,775,9298.149290966387,10898.618467741935,885.0,True,2026-09-22T09:23:49Z
final-20260922T090744Z,8,20260922,20260923,65536,256,4,sha256,16,1087,1111,8394.771101655933,7092.33697119712,787.0,True,2026-09-22T09:23:51Z
final-20260922T090744Z,8,20260922,20260923,1048576,256,3,sha256,16,11,744,16276.806818181818,10104.857358870968,785.0,True,2026-09-22T09:23:51Z
final-20260922T090744Z,8,20260922,20260923,262144,256,2,sha256,16,30,673,18451.175,12798.46145988113,615.0,True,2026-09-22T09:23:55Z
final-20260922T090744Z,8,20260922,20260923,1048576,256,2,sha3_256,16,375,399,18507.766833333335,20698.824404761905,683.0,True,2026-09-22T09:23:56Z
final-20260922T090744Z,8,20260922,20260923,4096,256,4,sha3_256,16,1371,1025,6559.120030999271,7693.012012195122,591.0,True,2026-09-22T09:24:03Z
final-20260922T090744Z,8,20260922,20260923,262144,256,8,sha256,16,1157,1149,7297.5246326707,6831.870539599652,1359.0,True,2026-09-22T09:24:04Z
final-20260922T090744Z,8,20260922,20260923,16384,256,16,blake2s,16,1620,921,5648.1344135802465,8318.0085504886,1547.0,True,2026-09-22T09:24:05Z
final-20260922T090744Z,8,20260922,20260923,4096,256,8,blake2s,16,1856,1242,5026.7188510237065,6485.759611513688,907.0,True,2026-09-22T09:24:05Z
final-20260922T090744Z,8,20260922,20260923,1048576,256,16,sha3_256,16,1209,644,7351.887872208436,12983.116847826086,2413.0,True,2026-09-22T09:24:06Z
final-20260922T090744Z,8,20260922,20260923,16384,256,4,sha3_256,16,1179,865,7409.086036895675,8766.579985549133,689.0,True,2026-09-22T09:24:10Z
final-20260922T090744Z,8,20260922,20260923,65536,256,2,blake2s,16,116,627,15002.905172413793,12948.714912280702,547.0,True,2026-09-22T09:24:11Z
final-20260922T090744Z,8,20260922,20260923,262144,256,8,blake2s,16,1163,873,7370.138918744626,9012.070518327606,1359.0,True,2026-09-22T09:24:11Z
final-20260922T090744Z,8,20260922,20260923,16384,256,3,sha256,16,1015,982,8979.360098522167,7169.645430244399,547.0,True,2026-09-22T09:24:13Z
final-20260922T090744Z,8,20260922,20260923,16384,256,2,sha256,16,414,795,13071.731884057972,10142.87539308176,479.0,True,2026-09-22T09:24:13Z
final-20260922T090744Z,8,20260922,20260923,262144,256,16,blake2s,16,1268,805,7061.00961159306,10312.036335403727,2029.0,True,2026-09-22T09:24:14Z
final-20260922T090744Z,8,20260922,20260923,16384,256,8,sha256,16,1526,1223,5955.071797182176,5619.470461978741,1005.0,True,2026-09-22T09:24:16Z
final-20260922T090744Z,8,20260922,20260923,16384,256,4,blake2s,16,1231,988,7408.539906580017,7705.918585526316,689.0,True,2026-09-22T09:24:16Z
final-20260922T090744Z,8,20260922,20260923,1048576,256,8,sha256,16,1098,988,8250.345343806921,7654.040549089069,1457.0,True,2026-09-22T09:24:16Z
final-20260922T090744Z,8,20260922,20260923,4096,256,16,blake2s,16,1895,831,4645.960290237467,7321.649593862816,1449.0,True,2026-09-22T09:24:19Z
final-20260922T090744Z,8,20260922,20260923,16384,256,8,blake2s,16,1519,1075,5940.297399605003,7327.988372093023,1005.0,True,2026-09-22T09:24:19Z
final-20260922T090744Z,8,20260922,20260923,262144,256,4,blake2s,16,982,855,9267.48491598778,9540.966812865498,885.0,True,2026-09-22T09:24:20Z
final-20260922T090744Z,8,20260922,20260923,4096,256,8,sha256,16,1673,1325,4968.015242080096,4878.719811320755,907.0,True,2026-09-22T09:24:21Z
final-20260922T090744Z,8,20260922,20260923,1048576,256,4,blake2s,16,901,740,10251.377081021088,10542.320608108108,983.0,True,2026-09-22T09:24:22Z
final-20260922T090744Z,8,20260922,20260923,16384,256,3,blake2s,16,1019,917,8894.745093228656,8069.539122137405,547.0,True,2026-09-22T09:24:26Z
final-20260922T090744Z,8,20260922,20260923,65536,256,16,blake2s,16,1447,875,6017.972615756738,9420.670357142857,1931.0,True,2026-09-22T09:24:26Z
final-20260922T090744Z,9,20260922,20260923,1048576,256,8,sha3_256,16,1108,686,8239.117384927798,11337.83482142857,1457.0,True,2026-09-22T09:24:28Z
final-20260922T090744Z,9,20260922,20260923,1048576,256,2,blake2s,16,321,520,18708.642133956386,15964.956610576923,683.0,True,2026-09-22T09:24:32Z
final-20260922T090744Z,9,20260922,20260923,262144,256,8,sha256,16,1167,1090,7356.5377035132815,6834.234288990826,1359.0,True,2026-09-22T09:24:38Z
final-20260922T090744Z,9,20260922,20260923,262144,256,16,sha3_256,16,1257,718,7040.2296141607,11695.213353064068,2029.0,True,2026-09-22T09:24:39Z
final-20260922T090744Z,9,20260922,20260923,1048576,256,3,sha3_256,16,11,543,15884.914772727272,14599.089894106814,785.0,True,2026-09-22T09:24:41Z
final-20260922T090744Z,9,20260922,20260923,262144,256,2,sha256,16,30,670,18217.997916666667,12796.387593283582,615.0,True,2026-09-22T09:24:46Z
final-20260922T090744Z,9,20260922,20260923,262144,256,16,sha256,16,1272,1025,6928.394015330188,7261.299878048781,2029.0,True,2026-09-22T09:24:47Z
final-20260922T090744Z,9,20260922,20260923,65536,256,8,sha256,16,1252,1166,7574.1342352236425,6531.856989708404,1167.0,True,2026-09-22T09:24:48Z
final-20260922T090744Z,9,20260922,20260923,262144,256,2,blake2s,16,33,595,17971.25568181818,14424.960924369749,615.0,True,2026-09-22T09:24:49Z
final-20260922T090744Z,9,20260922,20260923,262144,256,3,sha3_256,16,762,614,11881.60720144357,13507.476995114006,703.0,True,2026-09-22T09:24:50Z
final-20260922T090744Z,9,20260922,20260923,1048576,256,4,sha256,16,874,875,10080.43692791762,8660.604785714286,983.0,True,2026-09-22T09:24:52Z
final-20260922T090744Z,9,20260922,20260923,1048576,256,16,blake2s,16,1213,722,7271.564973206925,11632.957756232687,2413.0,True,2026-09-22T09:24:56Z
final-20260922T090744Z,9,20260922,20260923,4096,256,16,blake2s,16,1823,1103,4618.802969007131,7314.168007706256,1449.0,True,2026-09-22T09:25:00Z
final-20260922T090744Z,9,20260922,20260923,1048576,256,4,sha3_256,16,901,648,10268.29723917869,12032.20167824074,983.0,True,2026-09-22T09:25:00Z
final-20260922T090744Z,9,20260922,20260923,4096,256,2,blake2s,16,837,824,11357.547117682197,10044.865063713592,411.0,True,2026-09-22T09:25:05Z
final-20260922T090744Z,9,20260922,20260923,4096,256,3,sha3_256,16,1129,832,8101.689437555358,9581.894305889424,475.0,True,2026-09-22T09:25:05Z
final-20260922T090744Z,9,20260922,20260923,262144,256,16,blake2s,16,1265,807,6967.678310276679,10334.986524163569,2029.0,True,2026-09-22T09:25:06Z
final-20260922T090744Z,9,20260922,20260923,16384,256,3,sha3_256,16,982,757,9010.392120672097,10396.916116248349,547.0,True,2026-09-22T09:25:07Z
final-20260922T090744Z,9,20260922,20260923,16384,256,3,blake2s,16,1028,919,8907.92831955253,8149.62207562568,547.0,True,2026-09-22T09:25:08Z
final-20260922T090744Z,9,20260922,20260923,4096,256,3,blake2s,16,1091,1098,8048.1981553620535,7344.74635701275,475.0,True,2026-09-22T09:25:08Z
final-20260922T090744Z,9,20260922,20260923,262144,256,4,sha3_256,16,940,728,9379.613098404256,10980.553485576924,885.0,True,2026-09-22T09:25:08Z
final-20260922T090744Z,9,20260922,20260923,65536,256,16,blake2s,16,1427,826,6128.824982480729,9422.023380750605,1931.0,True,2026-09-22T09:25:10Z
final-20260922T090744Z,9,20260922,20260923,262144,256,4,blake2s,16,1001,849,9279.242882117882,9590.29277090695,885.0,True,2026-09-22T09:25:10Z
final-20260922T090744Z,9,20260922,20260923,65536,256,2,sha3_256,16,118,516,15021.301906779661,16752.199733527134,547.0,True,2026-09-22T09:25:12Z
final-20260922T090744Z,9,20260922,20260923,1048576,256,4,blake2s,16,896,775,10251.737025669643,10498.739596774194,983.0,True,2026-09-22T09:25:12Z
final-20260922T090744Z,9,20260922,20260923,4096,256,16,sha256,16,1760,1352,4756.562997159091,5093.641272189349,1449.0,True,2026-09-22T09:25:17Z
final-20260922T090744Z,9,20260922,20260923,16384,256,3,sha256,16,1016,1039,9908.448634350394,7618.471186236766,547.0,True,2026-09-22T09:25:17Z
final-20260922T090744Z,9,20260922,20260923,1048576,256,3,sha256,16,11,706,17067.204545454544,14806.699628186969,785.0,True,2026-09-22T09:25:18Z
final-20260922T090744Z,9,20260922,20260923,4096,256,2,sha256,16,404,854,11957.814201732674,9568.308401639344,411.0,True,2026-09-22T09:25:21Z
final-20260922T090744Z,9,20260922,20260923,262144,256,3,blake2s,16,393,666,12204.500477099236,10507.722879129129,703.0,True,2026-09-22T09:25:21Z
final-20260922T090744Z,9,20260922,20260923,4096,256,8,sha256,16,1804,1422,5014.084707594235,4993.7467914908575,907.0,True,2026-09-22T09:25:23Z
final-20260922T090744Z,9,20260922,20260923,65536,256,4,sha3_256,16,1101,831,9076.896741598546,9955.460664861612,787.0,True,2026-09-22T09:25:23Z
final-20260922T090744Z,9,20260922,20260923,16384,256,16,blake2s,16,1620,948,5551.887268518519,8308.928072257384,1547.0,True,2026-09-22T09:25:24Z
final-20260922T090744Z,9,20260922,20260923,262144,256,2,sha3_256,16,29,452,18563.896551724138,18822.256084070796,615.0,True,2026-09-22T09:25:24Z
final-20260922T090744Z,9,20260922,20260923,1048576,256,16,sha256,16,1083,999,7703.68674976916,8168.611236236236,2413.0,True,2026-09-22T09:25:26Z
final-20260922T090744Z,9,20260922,20260923,16384,256,2,blake2s,16,311,717,14055.162580385851,11503.258542538355,479.0,True,2026-09-22T09:25:29Z
final-20260922T090744Z,9,20260922,20260923,262144,256,3,sha256,16,765,834,12063.245996732026,9474.030950239809,703.0,True,2026-09-22T09:25:29Z
final-20260922T090744Z,9,20260922,20260923,4096,256,4,sha256,16,875,1208,7281.889428571429,5573.578642384106,591.0,True,2026-09-22T09:25:30Z
final-20260922T090744Z,9,20260922,20260923,65536,256,3,sha256,16,814,927,11288.501996314497,8710.378101402373,637.0,True,2026-09-22T09:25:31Z
final-20260922T090744Z,9,20260922,20260923,1048576,256,3,blake2s,16,11,615,16649.232954545456,11194.834552845528,785.0,True,2026-09-22T09:25:31Z
final-20260922T090744Z,9,20260922,20260923,16384,256,16,sha256,16,1568,1238,5678.1142378826535,5973.758279483037,1547.0,True,2026-09-22T09:25:36Z
final-20260922T090744Z,9,20260922,20260923,65536,256,4,blake2s,16,1104,928,8375.79732789855,8618.923828125,787.0,True,2026-09-22T09:25:36Z
final-20260922T090744Z,9,20260922,20260923,65536,256,4,sha256,16,1053,1032,8460.735933048432,7143.9503997093025,787.0,True,2026-09-22T09:25:37Z
final-20260922T090744Z,9,20260922,20260923,4096,256,4,blake2s,16,1272,1147,6479.336232311321,6750.2553400174365,591.0,True,2026-09-22T09:25:37Z
final-20260922T090744Z,9,20260922,20260923,4096,256,8,sha3_256,16,1804,1039,4993.261571507761,7347.358698267565,907.0,True,2026-09-22T09:25:38Z
final-20260922T090744Z,9,20260922,20260923,262144,256,8,sha3_256,16,1174,794,7419.603492333901,10271.644600125945,1359.0,True,2026-09-22T09:25:38Z
final-20260922T090744Z,9,20260922,20260923,1048576,256,2,sha3_256,16,366,419,18610.398394808744,20734.04609188544,683.0,True,2026-09-22T09:25:39Z
final-20260922T090744Z,9,20260922,20260923,65536,256,8,sha3_256,16,1210,843,7183.317510330578,9793.078588374852,1167.0,True,2026-09-22T09:25:47Z
final-20260922T090744Z,9,20260922,20260923,262144,256,8,blake2s,16,1165,882,7440.514163090129,9056.655683106575,1359.0,True,2026-09-22T09:25:48Z
final-20260922T090744Z,9,20260922,20260923,65536,256,16,sha3_256,16,1470,760,6033.491241496598,10691.588075657895,1931.0,True,2026-09-22T09:25:50Z
final-20260922T090744Z,9,20260922,20260923,16384,256,4,blake2s,16,1245,982,7388.862600401607,7692.035768839104,689.0,True,2026-09-22T09:25:50Z
final-20260922T090744Z,9,20260922,20260923,16384,256,4,sha256,16,1142,1136,7432.260945709282,6364.207691461268,689.0,True,2026-09-22T09:25:51Z
final-20260922T090744Z,9,20260922,20260923,4096,256,16,sha3_256,16,1966,928,4577.576773906409,8370.131128771553,1449.0,True,2026-09-22T09:25:51Z
final-20260922T090744Z,9,20260922,20260923,16384,256,4,sha3_256,16,1266,917,7596.076520537124,8876.690907851691,689.0,True,2026-09-22T09:25:51Z
final-20260922T090744Z,9,20260922,20260923,65536,256,3,blake2s,16,860,842,10914.01976744186,9532.208729216152,637.0,True,2026-09-22T09:25:52Z
final-20260922T090744Z,9,20260922,20260923,1048576,256,16,sha3_256,16,1177,649,7492.711183092609,12970.743355161787,2413.0,True,2026-09-22T09:25:52Z
final-20260922T090744Z,9,20260922,20260923,65536,256,3,sha3_256,16,822,635,10984.577858880779,12485.449409448818,637.0,True,2026-09-22T09:25:57Z
final-20260922T090744Z,9,20260922,20260923,1048576,256,8,sha256,16,1085,953,9963.408813364056,7864.419333683106,1457.0,True,2026-09-22T09:25:58Z
final-20260922T090744Z,9,20260922,20260923,16384,256,2,sha256,16,313,791,13297.946285942491,10310.377607458913,479.0,True,2026-09-22T09:26:00Z
final-20260922T090744Z,9,20260922,20260923,1048576,256,8,blake2s,16,1087,808,8608.162201011959,11596.850402227723,1457.0,True,2026-09-22T09:26:01Z
final-20260922T090744Z,9,20260922,20260923,4096,256,4,sha3_256,16,1328,983,6685.077513177711,9621.733468972534,591.0,True,2026-09-22T09:26:05Z
final-20260922T090744Z,9,20260922,20260923,4096,256,8,blake2s,16,993,1178,5108.0169310171195,6546.284327249576,907.0,True,2026-09-22T09:26:05Z
final-20260922T090744Z,9,20260922,20260923,4096,256,3,sha256,16,1136,567,8868.295389524648,7983.714616402116,475.0,True,2026-09-22T09:26:05Z
final-20260922T090744Z,9,20260922,20260923,4096,256,2,sha3_256,16,837,645,12054.857974910394,13165.019379844962,411.0,True,2026-09-22T09:26:06Z
final-20260922T090744Z,9,20260922,20260923,65536,256,2,sha256,16,123,708,15012.539634146342,11450.69323799435,547.0,True,2026-09-22T09:26:06Z
final-20260922T090744Z,9,20260922,20260923,1048576,256,2,sha256,16,383,409,19980.68390992167,15193.281479217603,683.0,True,2026-09-22T09:26:07Z
final-20260922T090744Z,9,20260922,20260923,65536,256,8,blake2s,16,656,926,8673.692454268292,9127.357248920087,1167.0,True,2026-09-22T09:26:11Z
final-20260922T090744Z,9,20260922,20260923,16384,256,8,sha3_256,16,1525,908,6300.923770491803,8560.388904185022,1005.0,True,2026-09-22T09:26:12Z
final-20260922T090744Z,9,20260922,20260923,262144,256,4,sha256,16,744,996,9395.238659274193,7937.986759538153,885.0,True,2026-09-22T09:26:12Z
final-20260922T090744Z,9,20260922,20260923,16384,256,16,sha3_256,16,1540,855,5716.093384740259,9494.757602339181,1547.0,True,2026-09-22T09:26:13Z
final-20260922T090744Z,9,20260922,20260923,16384,256,2,sha3_256,16,324,561,13186.45061728395,14958.85628342246,479.0,True,2026-09-22T09:26:14Z
final-20260922T090744Z,9,20260922,20260923,65536,256,16,sha256,16,1470,1191,6053.293920068028,7271.463528547439,1931.0,True,2026-09-22T09:26:14Z
final-20260922T090744Z,9,20260922,20260923,16384,256,8,blake2s,16,787,1039,6156.827112452351,7480.070741097209,1005.0,True,2026-09-22T09:26:15Z
final-20260922T090744Z,9,20260922,20260923,16384,256,8,sha256,16,1498,1284,5957.12604305741,5684.649289330218,1005.0,True,2026-09-22T09:26:15Z
final-20260922T090744Z,9,20260922,20260923,65536,256,2,blake2s,16,109,608,21420.200688073393,13283.82853618421,547.0,True,2026-09-22T09:26:16Z
final-20260922T090744Z,10,20260922,20260923,16384,256,8,sha3_256,16,1421,933,5944.242522871217,8296.456591639871,1005.0,True,2026-09-22T09:26:18Z
final-20260922T090744Z,10,20260922,20260923,4096,256,3,sha256,16,1093,1179,8091.521557639524,6492.132739609839,475.0,True,2026-09-22T09:26:18Z
final-20260922T090744Z,10,20260922,20260923,1048576,256,8,sha256,16,1093,1002,8980.901989935955,8071.603355788423,1457.0,True,2026-09-22T09:26:19Z
final-20260922T090744Z,10,20260922,20260923,65536,256,3,blake2s,16,805,819,11078.339285714286,9875.439636752137,637.0,True,2026-09-22T09:26:22Z
final-20260922T090744Z,10,20260922,20260923,65536,256,4,sha256,16,1110,965,8854.898479729729,7241.594235751295,787.0,True,2026-09-22T09:26:22Z
final-20260922T090744Z,10,20260922,20260923,4096,256,8,sha256,16,1822,1504,5173.7526756311745,4917.764212101064,907.0,True,2026-09-22T09:26:23Z
final-20260922T090744Z,10,20260922,20260923,1048576,256,3,sha256,16,12,710,16446.40625,10494.865316901409,785.0,True,2026-09-22T09:26:23Z
final-20260922T090744Z,10,20260922,20260923,262144,256,2,blake2s,16,30,602,18153.18125,14426.548380398672,615.0,True,2026-09-22T09:26:27Z
final-20260922T090744Z,10,20260922,20260923,16384,256,16,sha3_256,16,1582,856,5791.612041719342,9387.179249415887,1547.0,True,2026-09-22T09:26:28Z
final-20260922T090744Z,10,20260922,20260923,262144,256,8,blake2s,16,1161,886,7470.86008828596,9084.996896162529,1359.0,True,2026-09-22T09:26:29Z
final-20260922T090744Z,10,20260922,20260923,262144,256,4,blake2s,16,987,843,9351.873100303952,9552.829255634639,885.0,True,2026-09-22T09:26:30Z
final-20260922T090744Z,10,20260922,20260923,262144,256,3,sha3_256,16,750,593,11876.088,13489.240514333895,703.0,True,2026-09-22T09:26:31Z
final-20260922T090744Z,10,20260922,20260923,16384,256,3,sha256,16,1027,1069,8974.498356864655,7571.1391487371375,547.0,True,2026-09-22T09:26:33Z
final-20260922T090744Z,10,20260922,20260923,1048576,256,2,sha256,16,390,572,18438.69983974359,14127.447115384615,683.0,True,2026-09-22T09:26:33Z
final-20260922T090744Z,10,20260922,20260923,16384,256,4,sha256,16,1218,1140,7374.260929802956,6323.274396929824,689.0,True,2026-09-22T09:26:38Z
final-20260922T090744Z,10,20260922,20260923,16384,256,8,sha256,16,1527,1341,5905.041707596594,5615.987229679344,1005.0,True,2026-09-22T09:26:38Z
final-20260922T090744Z,10,20260922,20260923,16384,256,2,sha256,16,393,823,13064.170642493638,10120.876291008506,479.0,True,2026-09-22T09:26:39Z
final-20260922T090744Z,10,20260922,20260923,4096,256,4,sha3_256,16,1364,977,6458.248304618768,7824.255693449335,591.0,True,2026-09-22T09:26:39Z
final-20260922T090744Z,10,20260922,20260923,1048576,256,4,sha256,16,906,890,10806.633278145695,9532.970716292135,983.0,True,2026-09-22T09:26:39Z
final-20260922T090744Z,10,20260922,20260923,65536,256,3,sha256,16,826,949,11263.470263317191,8900.36294783983,637.0,True,2026-09-22T09:26:43Z
final-20260922T090744Z,10,20260922,20260923,4096,256,8,sha3_256,16,1413,1091,5154.974876150035,7647.157538955087,907.0,True,2026-09-22T09:26:43Z
final-20260922T090744Z,10,20260922,20260923,262144,256,8,sha3_256,16,1168,744,7838.236675941781,10745.032258064517,1359.0,True,2026-09-22T09:26:44Z
final-20260922T090744Z,10,20260922,20260923,1048576,256,4,sha3_256,16,889,694,10684.521231721035,12380.972262247838,983.0,True,2026-09-22T09:26:45Z
final-20260922T090744Z,10,20260922,20260923,4096,256,2,blake2s,16,843,830,12240.645017793595,10394.524472891566,411.0,True,2026-09-22T09:26:50Z
final-20260922T090744Z,10,20260922,20260923,4096,256,16,sha256,16,1903,1399,4785.445480819758,5160.7995443173695,1449.0,True,2026-09-22T09:26:51Z
final-20260922T090744Z,10,20260922,20260923,1048576,256,2,sha3_256,16,396,414,19124.90404040404,21655.190066425122,683.0,True,2026-09-22T09:26:51Z
final-20260922T090744Z,10,20260922,20260923,65536,256,2,sha256,16,120,745,14948.163020833334,11638.923909395973,547.0,True,2026-09-22T09:26:58Z
final-20260922T090744Z,10,20260922,20260923,262144,256,4,sha3_256,16,994,759,9597.393360160966,11319.899127140974,885.0,True,2026-09-22T09:26:59Z
final-20260922T090744Z,10,20260922,20260923,1048576,256,8,sha3_256,16,1099,712,8535.11169244768,11682.743943117977,1457.0,True,2026-09-22T09:27:01Z
final-20260922T090744Z,10,20260922,20260923,4096,256,4,sha256,16,1357,1240,6765.662582903464,5758.56839717742,591.0,True,2026-09-22T09:27:05Z
final-20260922T090744Z,10,20260922,20260923,16384,256,16,blake2s,16,1338,971,5738.9843049327355,8447.300720906282,1547.0,True,2026-09-22T09:27:06Z
final-20260922T090744Z,10,20260922,20260923,4096,256,16,sha3_256,16,1975,869,4631.76664556962,8520.825373993095,1449.0,True,2026-09-22T09:27:06Z
final-20260922T090744Z,10,20260922,20260923,4096,256,4,blake2s,16,1358,1140,6758.539212076583,6978.829989035088,591.0,True,2026-09-22T09:27:06Z
final-20260922T090744Z,10,20260922,20260923,262144,256,16,sha256,16,1264,1038,7024.543018196203,7484.106454720617,2029.0,True,2026-09-22T09:27:07Z
final-20260922T090744Z,10,20260922,20260923,65536,256,2,blake2s,16,125,660,15538.3395,13427.833712121212,547.0,True,2026-09-22T09:27:07Z
final-20260922T090744Z,10,20260922,20260923,16384,256,16,sha256,16,1641,1180,5794.060024375381,6174.642266949152,1547.0,True,2026-09-22T09:27:08Z
final-20260922T090744Z,10,20260922,20260923,1048576,256,16,sha256,16,1193,592,7839.580417015926,8025.266575168919,2413.0,True,2026-09-22T09:27:08Z
final-20260922T090744Z,10,20260922,20260923,65536,256,8,sha3_256,16,1241,818,7189.921535052377,10441.15548594132,1167.0,True,2026-09-22T09:27:11Z
final-20260922T090744Z,10,20260922,20260923,1048576,256,16,blake2s,16,1198,704,7429.431552587646,11449.714577414772,2413.0,True,2026-09-22T09:27:13Z
final-20260922T090744Z,10,20260922,20260923,16384,256,4,sha3_256,16,1242,836,7368.526972624799,8757.778334330143,689.0,True,2026-09-22T09:27:17Z
final-20260922T090744Z,10,20260922,20260923,262144,256,2,sha3_256,16,35,473,18171.066071428573,18780.094212473574,615.0,True,2026-09-22T09:27:18Z
final-20260922T090744Z,10,20260922,20260923,1048576,256,2,blake2s,16,376,510,20126.82895611702,15958.993137254902,683.0,True,2026-09-22T09:27:20Z
final-20260922T090744Z,10,20260922,20260923,1048576,256,3,blake2s,16,11,640,16698.18181818182,11398.92470703125,785.0,True,2026-09-22T09:27:26Z
final-20260922T090744Z,10,20260922,20260923,65536,256,16,blake2s,16,1413,843,5973.70165428167,9728.858318505338,1931.0,True,2026-09-22T09:27:31Z
final-20260922T090744Z,10,20260922,20260923,262144,256,16,sha3_256,16,1245,677,7170.495431726908,11742.463533973412,2029.0,True,2026-09-22T09:27:32Z
final-20260922T090744Z,10,20260922,20260923,65536,256,8,sha256,16,1159,1132,7540.986141069888,6799.701358215548,1167.0,True,2026-09-22T09:27:33Z
final-20260922T090744Z,10,20260922,20260923,262144,256,8,sha256,16,1193,1063,7371.060352053646,6871.5304562558795,1359.0,True,2026-09-22T09:27:34Z
final-20260922T090744Z,10,20260922,20260923,65536,256,4,sha3_256,16,698,823,8588.730390401146,9903.17565309842,787.0,True,2026-09-22T09:27:34Z
final-20260922T090744Z,10,20260922,20260923,1048576,256,8,blake2s,16,1098,819,8389.026183970856,10592.14797008547,1457.0,True,2026-09-22T09:27:35Z
final-20260922T090744Z,10,20260922,20260923,65536,256,3,sha3_256,16,839,660,11215.237708581644,12774.194886363637,637.0,True,2026-09-22T09:27:39Z
final-20260922T090744Z,10,20260922,20260923,262144,256,2,sha256,16,27,566,21835.502314814814,13565.388471731449,615.0,True,2026-09-22T09:27:40Z
final-20260922T090744Z,10,20260922,20260923,65536,256,2,sha3_256,16,116,502,15213.370689655172,16891.71937250996,547.0,True,2026-09-22T09:27:41Z
final-20260922T090744Z,10,20260922,20260923,16384,256,8,blake2s,16,1441,950,6153.499956627342,7705.235855263158,1005.0,True,2026-09-22T09:27:42Z
final-20260922T090744Z,10,20260922,20260923,16384,256,4,blake2s,16,1223,1040,7387.395083810303,7776.50703125,689.0,True,2026-09-22T09:27:42Z
final-20260922T090744Z,10,20260922,20260923,65536,256,16,sha256,16,1460,1121,6000.108090753424,6550.902765388047,1931.0,True,2026-09-22T09:27:43Z
final-20260922T090744Z,10,20260922,20260923,1048576,256,3,sha3_256,16,11,481,17175.80681818182,14830.308601871102,785.0,True,2026-09-22T09:27:43Z
final-20260922T090744Z,10,20260922,20260923,16384,256,3,blake2s,16,1019,976,8939.09513002944,8141.548924180328,547.0,True,2026-09-22T09:27:49Z
final-20260922T090744Z,10,20260922,20260923,4096,256,3,sha3_256,16,1103,820,8059.965661831369,9518.424161585366,475.0,True,2026-09-22T09:27:49Z
final-20260922T090744Z,10,20260922,20260923,262144,256,16,blake2s,16,1215,812,7004.28878600823,10293.018088054187,2029.0,True,2026-09-22T09:27:50Z
final-20260922T090744Z,10,20260922,20260923,4096,256,2,sha256,16,837,843,11366.14896953405,8865.735394424673,411.0,True,2026-09-22T09:27:51Z
final-20260922T090744Z,10,20260922,20260923,65536,256,16,sha3_256,16,1454,741,5895.893311554333,10706.802547233468,1931.0,True,2026-09-22T09:27:51Z
final-20260922T090744Z,10,20260922,20260923,262144,256,3,blake2s,16,771,759,11727.235327496757,10452.564476284584,703.0,True,2026-09-22T09:27:52Z
final-20260922T090744Z,10,20260922,20260923,16384,256,2,sha3_256,16,363,576,13182.90444214876,14867.2421875,479.0,True,2026-09-22T09:27:53Z
final-20260922T090744Z,10,20260922,20260923,65536,256,8,blake2s,16,1253,879,7185.33938547486,8701.078427189988,1167.0,True,2026-09-22T09:27:54Z
final-20260922T090744Z,10,20260922,20260923,16384,256,3,sha3_256,16,1022,739,9093.086594911938,10395.136671177266,547.0,True,2026-09-22T09:27:55Z
final-20260922T090744Z,10,20260922,20260923,262144,256,4,sha256,16,964,1000,9325.380057053942,7924.85325,885.0,True,2026-09-22T09:27:55Z
final-20260922T090744Z,10,20260922,20260923,4096,256,16,blake2s,16,1949,1034,4589.658093894304,7305.889446324952,1449.0,True,2026-09-22T09:27:56Z
final-20260922T090744Z,10,20260922,20260923,4096,256,3,blake2s,16,1129,1025,8052.898250664305,7561.781341463415,475.0,True,2026-09-22T09:27:57Z
final-20260922T090744Z,10,20260922,20260923,4096,256,8,blake2s,16,1834,1164,5124.363413304253,6484.2853307560135,907.0,True,2026-09-22T09:27:57Z
final-20260922T090744Z,10,20260922,20260923,1048576,256,4,blake2s,16,902,789,10259.734548226164,10499.866365652724,983.0,True,2026-09-22T09:27:57Z
final-20260922T090744Z,10,20260922,20260923,4096,256,2,sha3_256,16,831,618,11508.585288808665,13120.122269417476,411.0,True,2026-09-22T09:28:03Z
final-20260922T090744Z,10,20260922,20260923,16384,256,2,blake2s,16,361,714,13203.738746537396,11577.370010504203,479.0,True,2026-09-22T09:28:03Z
final-20260922T090744Z,10,20260922,20260923,65536,256,4,blake2s,16,1087,913,8550.742582796689,8623.810104052574,787.0,True,2026-09-22T09:28:04Z
final-20260922T090744Z,10,20260922,20260923,1048576,256,16,sha3_256,16,1071,644,7573.36712184874,13517.032608695652,2413.0,True,2026-09-22T09:28:04Z
final-20260922T090744Z,10,20260922,20260923,262144,256,3,sha256,16,754,865,11956.309101458886,9385.272976878612,703.0,True,2026-09-22T09:28:09Z
final-20260922T090744Z,11,20260922,20260923,4096,256,16,blake2s,16,1976,1083,4768.87452555668,7677.643467220683,1449.0,True,2026-09-22T09:28:11Z
final-20260922T090744Z,11,20260922,20260923,4096,256,4,sha256,16,1390,1211,6887.97315647482,5632.952415359207,591.0,True,2026-09-22T09:28:12Z
final-20260922T090744Z,11,20260922,20260923,65536,256,4,sha256,16,1088,1064,8824.307387408087,7284.893444548872,787.0,True,2026-09-22T09:28:12Z
final-20260922T090744Z,11,20260922,20260923,262144,256,3,sha256,16,778,867,12036.71899100257,9392.41493656286,703.0,True,2026-09-22T09:28:13Z
final-20260922T090744Z,11,20260922,20260923,4096,256,4,blake2s,16,1390,1124,6536.341861510791,6793.728925711744,591.0,True,2026-09-22T09:28:14Z
final-20260922T090744Z,11,20260922,20260923,16384,256,16,sha3_256,16,1596,841,5683.620496553885,9500.667211652793,1547.0,True,2026-09-22T09:28:14Z
final-20260922T090744Z,11,20260922,20260923,262144,256,8,sha256,16,1174,1092,7557.208741482113,6904.145260989011,1359.0,True,2026-09-22T09:28:14Z
final-20260922T090744Z,11,20260922,20260923,1048576,256,16,blake2s,16,1185,727,7482.204166666666,11506.94515130674,2413.0,True,2026-09-22T09:28:15Z
final-20260922T090744Z,11,20260922,20260923,262144,256,3,blake2s,16,736,799,12058.578974184782,10560.411217146433,703.0,True,2026-09-22T09:28:19Z
final-20260922T090744Z,11,20260922,20260923,65536,256,4,sha3_256,16,985,796,8608.229885786803,9886.80566896985,787.0,True,2026-09-22T09:28:21Z
final-20260922T090744Z,11,20260922,20260923,1048576,256,3,sha3_256,16,11,506,16314.75,14703.960597826086,785.0,True,2026-09-22T09:28:21Z
final-20260922T090744Z,11,20260922,20260923,262144,256,2,sha3_256,16,34,453,18574.98713235294,18778.4674392936,615.0,True,2026-09-22T09:28:27Z
final-20260922T090744Z,11,20260922,20260923,65536,256,3,blake2s,16,816,796,11157.673406862745,9493.716630025127,637.0,True,2026-09-22T09:28:29Z
final-20260922T090744Z,11,20260922,20260923,1048576,256,3,blake2s,16,12,704,15818.489583333334,11156.17391690341,785.0,True,2026-09-22T09:28:30Z
final-20260922T090744Z,11,20260922,20260923,262144,256,16,sha256,16,1217,975,6923.935753903041,7309.445256410257,2029.0,True,2026-09-22T09:28:34Z
final-20260922T090744Z,11,20260922,20260923,16384,256,4,sha256,16,1235,1193,7403.189170040486,6347.873742665549,689.0,True,2026-09-22T09:28:35Z
final-20260922T090744Z,11,20260922,20260923,262144,256,16,blake2s,16,1118,793,6949.877739266547,10316.842213114754,2029.0,True,2026-09-22T09:28:35Z
final-20260922T090744Z,11,20260922,20260923,16384,256,16,blake2s,16,1541,982,5703.130637573005,8306.861443482689,1547.0,True,2026-09-22T09:28:37Z
final-20260922T090744Z,11,20260922,20260923,262144,256,4,sha256,16,977,951,9409.338600307063,8148.771161934806,885.0,True,2026-09-22T09:28:37Z
final-20260922T090744Z,11,20260922,20260923,16384,256,8,sha3_256,16,1548,892,6030.606145025839,8301.37317825112,1005.0,True,2026-09-22T09:28:38Z
final-20260922T090744Z,11,20260922,20260923,262144,256,2,blake2s,16,36,589,18210.383680555555,14431.999469439728,615.0,True,2026-09-22T09:28:39Z
final-20260922T090744Z,11,20260922,20260923,1048576,256,2,sha3_256,16,395,405,18721.57515822785,20831.837808641976,683.0,True,2026-09-22T09:28:40Z
final-20260922T090744Z,11,20260922,20260923,1048576,256,4,sha3_256,16,866,652,10383.24783487298,12115.619727760737,983.0,True,2026-09-22T09:28:47Z
final-20260922T090744Z,11,20260922,20260923,16384,256,16,sha256,16,1620,1276,5643.090933641975,5971.931181426332,1547.0,True,2026-09-22T09:28:52Z
final-20260922T090744Z,11,20260922,20260923,65536,256,16,sha3_256,16,1463,786,5907.543532125769,10836.172630407125,1931.0,True,2026-09-22T09:28:53Z
final-20260922T090744Z,11,20260922,20260923,262144,256,8,sha3_256,16,1050,806,7754.741071428572,10333.080490074442,1359.0,True,2026-09-22T09:28:53Z
final-20260922T090744Z,11,20260922,20260923,4096,256,2,sha256,16,826,896,11248.172366828087,8886.179268973214,411.0,True,2026-09-22T09:28:55Z
final-20260922T090744Z,11,20260922,20260923,1048576,256,16,sha3_256,16,1148,624,7804.506641986062,13522.373197115385,2413.0,True,2026-09-22T09:28:55Z
final-20260922T090744Z,11,20260922,20260923,262144,256,2,sha256,16,28,629,20314.31473214286,13448.253179650239,615.0,True,2026-09-22T09:29:00Z
final-20260922T090744Z,11,20260922,20260923,65536,256,8,sha3_256,16,1252,831,7752.829173322683,10280.945021058966,1167.0,True,2026-09-22T09:29:01Z
final-20260922T090744Z,11,20260922,20260923,4096,256,3,blake2s,16,1016,1059,8470.370140255905,7596.424338999056,475.0,True,2026-09-22T09:29:02Z
final-20260922T090744Z,11,20260922,20260923,262144,256,4,sha3_256,16,975,743,9712.097243589744,11349.343455585464,885.0,True,2026-09-22T09:29:02Z
final-20260922T090744Z,11,20260922,20260923,4096,256,8,sha256,16,1581,1505,5188.108752371916,5129.372342192691,907.0,True,2026-09-22T09:29:03Z
final-20260922T090744Z,11,20260922,20260923,1048576,256,2,sha256,16,400,588,18654.98125,14857.00457057823,683.0,True,2026-09-22T09:29:04Z
final-20260922T090744Z,11,20260922,20260923,4096,256,16,sha3_256,16,1579,928,4905.374406269791,9232.778690732759,1449.0,True,2026-09-22T09:29:09Z
final-20260922T090744Z,11,20260922,20260923,4096,256,3,sha256,16,903,1061,8447.929332779624,6783.133600377003,475.0,True,2026-09-22T09:29:09Z
final-20260922T090744Z,11,20260922,20260923,1048576,256,16,sha256,16,1222,987,7617.459185761048,8299.017097264437,2413.0,True,2026-09-22T09:29:09Z
final-20260922T090744Z,11,20260922,20260923,65536,256,16,sha256,16,1462,1174,6002.035268467852,6600.294186541738,1931.0,True,2026-09-22T09:29:12Z
final-20260922T090744Z,11,20260922,20260923,16384,256,3,blake2s,16,1018,918,9018.947691552063,8242.514637799564,547.0,True,2026-09-22T09:29:13Z
final-20260922T090744Z,11,20260922,20260923,1048576,256,4,blake2s,16,893,799,10342.155935050392,10573.52510951189,983.0,True,2026-09-22T09:29:13Z
final-20260922T090744Z,11,20260922,20260923,65536,256,2,sha3_256,16,117,518,15054.40438034188,16767.451737451738,547.0,True,2026-09-22T09:29:18Z
final-20260922T090744Z,11,20260922,20260923,1048576,256,3,sha256,16,9,629,18163.79861111111,10480.490162957074,785.0,True,2026-09-22T09:29:18Z
final-20260922T090744Z,11,20260922,20260923,16384,256,3,sha3_256,16,998,775,9221.81632014028,10882.67814516129,547.0,True,2026-09-22T09:29:22Z
final-20260922T090744Z,11,20260922,20260923,262144,256,16,sha3_256,16,1096,722,7124.343350821168,11786.356128808864,2029.0,True,2026-09-22T09:29:22Z
final-20260922T090744Z,11,20260922,20260923,65536,256,2,sha256,16,112,714,15497.316964285714,11610.847514005602,547.0,True,2026-09-22T09:29:23Z
final-20260922T090744Z,11,20260922,20260923,65536,256,3,sha256,16,830,893,11265.85,8818.526245800673,637.0,True,2026-09-22T09:29:24Z
final-20260922T090744Z,11,20260922,20260923,1048576,256,8,sha3_256,16,1077,700,8268.530292479109,11516.897857142858,1457.0,True,2026-09-22T09:29:24Z
final-20260922T090744Z,11,20260922,20260923,4096,256,4,sha3_256,16,1331,1007,6552.990608564989,7728.818210029792,591.0,True,2026-09-22T09:29:29Z
final-20260922T090744Z,11,20260922,20260923,16384,256,4,sha3_256,16,976,915,7512.443455430328,8822.902390710382,689.0,True,2026-09-22T09:29:29Z
final-20260922T090744Z,11,20260922,20260923,4096,256,2,blake2s,16,808,811,11504.600634282178,10113.33908754624,411.0,True,2026-09-22T09:29:30Z
final-20260922T090744Z,11,20260922,20260923,16384,256,2,blake2s,16,282,739,13297.123670212766,11603.702723274695,479.0,True,2026-09-22T09:29:30Z
final-20260922T090744Z,11,20260922,20260923,262144,256,3,sha3_256,16,762,596,12008.982529527559,13640.033871644295,703.0,True,2026-09-22T09:29:30Z
final-20260922T090744Z,11,20260922,20260923,262144,256,8,blake2s,16,1175,835,7501.03829787234,9159.688547904192,1359.0,True,2026-09-22T09:29:32Z
final-20260922T090744Z,11,20260922,20260923,65536,256,16,blake2s,16,1462,871,6181.807583789329,9540.805898392651,1931.0,True,2026-09-22T09:29:33Z
final-20260922T090744Z,11,20260922,20260923,65536,256,8,blake2s,16,1250,964,7449.95945,8706.564315352696,1167.0,True,2026-09-22T09:29:34Z
final-20260922T090744Z,11,20260922,20260923,1048576,256,4,sha256,16,893,880,10390.381858902576,8724.768892045455,983.0,True,2026-09-22T09:29:35Z
final-20260922T090744Z,11,20260922,20260923,4096,256,3,sha3_256,16,1150,850,8041.4134239130435,9453.661838235294,475.0,True,2026-09-22T09:29:38Z
final-20260922T090744Z,11,20260922,20260923,16384,256,3,sha256,16,1002,1050,8960.45989271457,7163.063869047619,547.0,True,2026-09-22T09:29:38Z
final-20260922T090744Z,11,20260922,20260923,16384,256,2,sha256,16,404,810,13174.110303217822,10137.905941358025,479.0,True,2026-09-22T09:29:39Z
final-20260922T090744Z,11,20260922,20260923,1048576,256,2,blake2s,16,392,531,19205.054528061224,16696.38618173258,683.0,True,2026-09-22T09:29:39Z
final-20260922T090744Z,11,20260922,20260923,65536,256,4,blake2s,16,1098,921,8422.78904826958,8600.318268186753,787.0,True,2026-09-22T09:29:45Z
final-20260922T090744Z,11,20260922,20260923,4096,256,16,sha256,16,1884,1366,4595.900212314225,5061.26368045388,1449.0,True,2026-09-22T09:29:46Z
final-20260922T090744Z,11,20260922,20260923,1048576,256,8,blake2s,16,1099,807,8314.40821201092,10031.333488228005,1457.0,True,2026-09-22T09:29:47Z
final-20260922T090744Z,11,20260922,20260923,16384,256,2,sha3_256,16,363,569,13183.443009641873,14889.684753954305,479.0,True,2026-09-22T09:29:51Z
final-20260922T090744Z,11,20260922,20260923,262144,256,4,blake2s,16,987,798,9255.1172112462,9550.604949874687,885.0,True,2026-09-22T09:29:51Z
final-20260922T090744Z,11,20260922,20260923,65536,256,8,sha256,16,1259,991,7148.5475079428115,6529.273208879919,1167.0,True,2026-09-22T09:29:53Z
final-20260922T090744Z,11,20260922,20260923,1048576,256,8,sha256,16,1089,1035,8291.097107438016,7648.466123188406,1457.0,True,2026-09-22T09:29:54Z
final-20260922T090744Z,11,20260922,20260923,16384,256,8,blake2s,16,1517,1055,5972.785596572182,7325.555450236967,1005.0,True,2026-09-22T09:29:57Z
final-20260922T090744Z,11,20260922,20260923,4096,256,8,blake2s,16,1783,1201,4965.944545709478,6457.877497918402,907.0,True,2026-09-22T09:29:57Z
final-20260922T090744Z,11,20260922,20260923,65536,256,3,sha3_256,16,830,637,11028.532304216867,12543.992543171114,637.0,True,2026-09-22T09:29:57Z
final-20260922T090744Z,11,20260922,20260923,16384,256,8,sha256,16,1458,1275,5974.30028292181,5650.7075,1005.0,True,2026-09-22T09:29:59Z
final-20260922T090744Z,11,20260922,20260923,4096,256,8,sha3_256,16,1800,991,5017.733020833333,7315.123297174571,907.0,True,2026-09-22T09:30:00Z
final-20260922T090744Z,11,20260922,20260923,65536,256,2,blake2s,16,123,651,15047.352642276423,12964.882584485407,547.0,True,2026-09-22T09:30:00Z
final-20260922T090744Z,11,20260922,20260923,4096,256,2,sha3_256,16,827,634,11560.358449214027,12998.783911671924,411.0,True,2026-09-22T09:30:01Z
final-20260922T090744Z,11,20260922,20260923,16384,256,4,blake2s,16,1237,1010,7314.869088520614,7762.9980816831685,689.0,True,2026-09-22T09:30:02Z
final-20260922T090744Z,12,20260922,20260923,1048576,256,2,sha3_256,16,390,415,18592.77644230769,20655.226656626506,683.0,True,2026-09-22T09:30:02Z
final-20260922T090744Z,12,20260922,20260923,4096,256,3,sha256,16,1122,1216,8126.178810160428,6761.970960115132,475.0,True,2026-09-22T09:30:09Z
final-20260922T090744Z,12,20260922,20260923,4096,256,4,blake2s,16,1311,1110,6543.6566075514875,6772.611993243243,591.0,True,2026-09-22T09:30:10Z
final-20260922T090744Z,12,20260922,20260923,4096,256,16,blake2s,16,1797,1062,4650.72902754591,7366.267537664783,1449.0,True,2026-09-22T09:30:10Z
final-20260922T090744Z,12,20260922,20260923,4096,256,2,sha256,16,833,874,11414.86156962785,8850.913186498856,411.0,True,2026-09-22T09:30:10Z
final-20260922T090744Z,12,20260922,20260923,65536,256,8,sha3_256,16,1275,779,7183.622107843137,9815.441030166881,1167.0,True,2026-09-22T09:30:11Z
final-20260922T090744Z,12,20260922,20260923,65536,256,4,sha256,16,1104,1078,8471.025645380434,7148.710459183673,787.0,True,2026-09-22T09:30:12Z
final-20260922T090744Z,12,20260922,20260923,65536,256,3,blake2s,16,844,838,11001.339158767772,9747.619853818616,637.0,True,2026-09-22T09:30:12Z
final-20260922T090744Z,12,20260922,20260923,65536,256,3,sha3_256,16,821,655,10988.987286845311,12516.995992366412,637.0,True,2026-09-22T09:30:13Z
final-20260922T090744Z,12,20260922,20260923,65536,256,2,sha3_256,16,107,505,15313.214953271028,17454.755445544553,547.0,True,2026-09-22T09:30:13Z
final-20260922T090744Z,12,20260922,20260923,1048576,256,3,sha256,16,10,655,18998.81875,10445.6018129771,785.0,True,2026-09-22T09:30:14Z
final-20260922T090744Z,12,20260922,20260923,4096,256,8,sha256,16,1855,1456,5023.113746630728,5154.0637448489015,907.0,True,2026-09-22T09:30:17Z
final-20260922T090744Z,12,20260922,20260923,4096,256,8,blake2s,16,1067,1071,5770.066248828491,6591.979750233427,907.0,True,2026-09-22T09:30:18Z
final-20260922T090744Z,12,20260922,20260923,1048576,256,8,blake2s,16,1103,818,8399.033431550317,10232.179018948655,1457.0,True,2026-09-22T09:30:18Z
final-20260922T090744Z,12,20260922,20260923,16384,256,2,sha3_256,16,322,554,13276.21370341615,14939.29817238267,479.0,True,2026-09-22T09:30:22Z
final-20260922T090744Z,12,20260922,20260923,16384,256,16,blake2s,16,1623,944,5553.225161737523,8305.238215042373,1547.0,True,2026-09-22T09:30:23Z
final-20260922T090744Z,12,20260922,20260923,65536,256,4,sha3_256,16,1091,779,8431.822124197983,9834.756739409499,787.0,True,2026-09-22T09:30:23Z
final-20260922T090744Z,12,20260922,20260923,1048576,256,2,blake2s,16,369,520,18697.507960704606,16016.857211538461,683.0,True,2026-09-22T09:30:24Z
final-20260922T090744Z,12,20260922,20260923,262144,256,2,blake2s,16,33,597,19052.488636363636,14966.937395309882,615.0,True,2026-09-22T09:30:30Z
final-20260922T090744Z,12,20260922,20260923,4096,256,8,sha3_256,16,1817,1042,5106.191352504127,7315.369421785029,907.0,True,2026-09-22T09:30:32Z
final-20260922T090744Z,12,20260922,20260923,1048576,256,3,blake2s,16,11,574,17115.954545454544,11295.172147212543,785.0,True,2026-09-22T09:30:33Z
final-20260922T090744Z,12,20260922,20260923,262144,256,16,sha256,16,1226,1038,7042.297002446982,7369.680214354528,2029.0,True,2026-09-22T09:30:38Z
final-20260922T090744Z,12,20260922,20260923,65536,256,16,sha256,16,1412,1181,6107.385224858357,6592.87933954276,1931.0,True,2026-09-22T09:30:39Z
final-20260922T090744Z,12,20260922,20260923,65536,256,16,sha3_256,16,1468,791,6006.084553814714,10938.822771807838,1931.0,True,2026-09-22T09:30:39Z
final-20260922T090744Z,12,20260922,20260923,1048576,256,16,sha3_256,16,1164,654,7343.07758805842,13001.86764143731,2413.0,True,2026-09-22T09:30:40Z
final-20260922T090744Z,12,20260922,20260923,1048576,256,3,sha3_256,16,12,498,17023.260416666668,14766.052208835341,785.0,True,2026-09-22T09:30:44Z
final-20260922T090744Z,12,20260922,20260923,262144,256,16,sha3_256,16,1228,713,8738.56127850163,11941.654453015428,2029.0,True,2026-09-22T09:30:49Z
final-20260922T090744Z,12,20260922,20260923,1048576,256,8,sha3_256,16,1038,717,8452.280888728324,12172.689330543933,1457.0,True,2026-09-22T09:30:51Z
final-20260922T090744Z,12,20260922,20260923,65536,256,3,sha256,16,850,907,11304.14338235294,8902.43012679162,637.0,True,2026-09-22T09:30:56Z
final-20260922T090744Z,12,20260922,20260923,1048576,256,4,blake2s,16,859,758,10983.352590221188,10910.651962401056,983.0,True,2026-09-22T09:30:56Z
final-20260922T090744Z,12,20260922,20260923,16384,256,16,sha256,16,985,1109,6432.477093908629,6267.907799819657,1547.0,True,2026-09-22T09:31:01Z
final-20260922T090744Z,12,20260922,20260923,65536,256,8,sha256,16,1270,1168,7263.248818897638,6614.941941352739,1167.0,True,2026-09-22T09:31:01Z
final-20260922T090744Z,12,20260922,20260923,16384,256,8,sha3_256,16,1509,933,6301.0704522862825,8667.385115219722,1005.0,True,2026-09-22T09:31:02Z
final-20260922T090744Z,12,20260922,20260923,1048576,256,8,sha256,16,1091,1011,8616.680740146654,7809.688489119683,1457.0,True,2026-09-22T09:31:02Z
final-20260922T090744Z,12,20260922,20260923,16384,256,2,blake2s,16,329,732,13185.551481762917,11561.968152322404,479.0,True,2026-09-22T09:31:05Z
final-20260922T090744Z,12,20260922,20260923,16384,256,4,blake2s,16,1235,1036,7547.550455465587,7862.233108108108,689.0,True,2026-09-22T09:31:05Z
final-20260922T090744Z,12,20260922,20260923,16384,256,2,sha256,16,324,773,13383.168209876543,10904.834168822768,479.0,True,2026-09-22T09:31:06Z
final-20260922T090744Z,12,20260922,20260923,65536,256,4,blake2s,16,1109,923,8538.873647430117,8680.52559588299,787.0,True,2026-09-22T09:31:06Z
final-20260922T090744Z,12,20260922,20260923,1048576,256,16,sha256,16,970,958,7463.82487113402,7884.615409707724,2413.0,True,2026-09-22T09:31:07Z
final-20260922T090744Z,12,20260922,20260923,4096,256,4,sha3_256,16,1379,981,6391.144262146483,7752.3897808358815,591.0,True,2026-09-22T09:31:10Z
final-20260922T090744Z,12,20260922,20260923,16384,256,3,blake2s,16,1018,959,8995.947200392928,8121.15308915537,547.0,True,2026-09-22T09:31:10Z
final-20260922T090744Z,12,20260922,20260923,262144,256,3,sha3_256,16,765,584,11914.580800653595,13537.942636986301,703.0,True,2026-09-22T09:31:11Z
final-20260922T090744Z,12,20260922,20260923,262144,256,8,sha256,16,1169,1138,7370.998289136014,6857.42690026362,1359.0,True,2026-09-22T09:31:12Z
final-20260922T090744Z,12,20260922,20260923,4096,256,3,blake2s,16,1155,1066,8559.596861471862,7525.077392120075,475.0,True,2026-09-22T09:31:13Z
final-20260922T090744Z,12,20260922,20260923,4096,256,16,sha256,16,1756,1408,4774.111047835991,5208.740056818182,1449.0,True,2026-09-22T09:31:13Z
final-20260922T090744Z,12,20260922,20260923,4096,256,4,sha256,16,1349,1341,6768.608506300964,5818.884507829977,591.0,True,2026-09-22T09:31:14Z
final-20260922T090744Z,12,20260922,20260923,262144,256,4,sha256,16,979,924,9491.415219611848,8616.52590638528,885.0,True,2026-09-22T09:31:14Z
final-20260922T090744Z,12,20260922,20260923,1048576,256,16,blake2s,16,1205,732,7373.846317427386,11441.708333333334,2413.0,True,2026-09-22T09:31:15Z
final-20260922T090744Z,12,20260922,20260923,16384,256,3,sha256,16,1020,1021,9977.849571078432,7264.343780607248,547.0,True,2026-09-22T09:31:19Z
final-20260922T090744Z,12,20260922,20260923,65536,256,2,sha256,16,116,715,15381.426185344828,11707.306905594405,547.0,True,2026-09-22T09:31:19Z
final-20260922T090744Z,12,20260922,20260923,4096,256,2,sha3_256,16,811,652,11420.782906905055,13513.499712423312,411.0,True,2026-09-22T09:31:20Z
final-20260922T090744Z,12,20260922,20260923,16384,256,4,sha3_256,16,1221,903,7437.8415233415235,8840.241901993355,689.0,True,2026-09-22T09:31:20Z
final-20260922T090744Z,12,20260922,20260923,262144,256,8,blake2s,16,1118,899,7435.6868850626115,9214.959051724138,1359.0,True,2026-09-22T09:31:21Z
final-20260922T090744Z,12,20260922,20260923,262144,256,3,blake2s,16,779,807,11958.358151476252,10398.937577447336,703.0,True,2026-09-22T09:31:22Z
final-20260922T090744Z,12,20260922,20260923,16384,256,16,sha3_256,16,1629,835,5662.062116329036,9419.970733532935,1547.0,True,2026-09-22T09:31:23Z
final-20260922T090744Z,12,20260922,20260923,262144,256,3,sha256,16,776,846,11969.253785438144,9641.731752364067,703.0,True,2026-09-22T09:31:25Z
final-20260922T090744Z,12,20260922,20260923,262144,256,8,sha3_256,16,836,796,7622.9235197368425,10453.297032035176,1359.0,True,2026-09-22T09:31:26Z
final-20260922T090744Z,12,20260922,20260923,16384,256,4,sha256,16,1214,1175,7452.5147240527185,6449.960053191489,689.0,True,2026-09-22T09:31:27Z
final-20260922T090744Z,12,20260922,20260923,262144,256,2,sha256,16,32,626,19149.078125,13109.161541533545,615.0,True,2026-09-22T09:31:27Z
final-20260922T090744Z,12,20260922,20260923,4096,256,2,blake2s,16,826,783,11546.7290405569,10244.390086206897,411.0,True,2026-09-22T09:31:29Z
final-20260922T090744Z,12,20260922,20260923,4096,256,16,sha3_256,16,1929,860,4719.800673924313,8608.051526162792,1449.0,True,2026-09-22T09:31:30Z
final-20260922T090744Z,12,20260922,20260923,1048576,256,4,sha256,16,829,670,10439.56792822678,8976.512220149254,983.0,True,2026-09-22T09:31:30Z
final-20260922T090744Z,12,20260922,20260923,65536,256,16,blake2s,16,1289,840,6066.088004266873,9674.426041666668,1931.0,True,2026-09-22T09:31:33Z
final-20260922T090744Z,12,20260922,20260923,65536,256,8,blake2s,16,1153,895,7360.5142020815265,8783.682751396647,1167.0,True,2026-09-22T09:31:34Z
final-20260922T090744Z,12,20260922,20260923,262144,256,2,sha3_256,16,31,455,18722.747983870966,18956.084203296705,615.0,True,2026-09-22T09:31:34Z
final-20260922T090744Z,12,20260922,20260923,262144,256,16,blake2s,16,1261,766,7104.0826229183185,11056.585264360314,2029.0,True,2026-09-22T09:31:37Z
final-20260922T090744Z,12,20260922,20260923,4096,256,3,sha3_256,16,1143,824,8360.139435695539,9617.103534587379,475.0,True,2026-09-22T09:31:38Z
final-20260922T090744Z,12,20260922,20260923,262144,256,4,sha3_256,16,872,755,10020.275516055046,11938.380877483443,885.0,True,2026-09-22T09:31:39Z
final-20260922T090744Z,12,20260922,20260923,16384,256,3,sha3_256,16,897,786,9022.20652173913,10647.282442748092,547.0,True,2026-09-22T09:31:40Z
final-20260922T090744Z,12,20260922,20260923,65536,256,2,blake2s,16,114,651,15152.652412280702,13210.130856374808,547.0,True,2026-09-22T09:31:40Z
final-20260922T090744Z,12,20260922,20260923,1048576,256,2,sha256,16,338,565,18797.240569526628,14429.498561946903,683.0,True,2026-09-22T09:31:41Z
final-20260922T090744Z,12,20260922,20260923,16384,256,8,blake2s,16,1528,1052,6036.801742473822,7440.881951045628,1005.0,True,2026-09-22T09:31:46Z
final-20260922T090744Z,12,20260922,20260923,262144,256,4,blake2s,16,996,813,9426.8859186747,9615.762761377613,885.0,True,2026-09-22T09:31:46Z
final-20260922T090744Z,12,20260922,20260923,1048576,256,4,sha3_256,16,892,672,10837.002031950673,12108.720796130952,983.0,True,2026-09-22T09:31:48Z
final-20260922T090744Z,12,20260922,20260923,16384,256,8,sha256,16,1491,1302,6082.037810194501,5955.702092933948,1005.0,True,2026-09-22T09:31:53Z
final-20260922T090744Z,13,20260922,20260923,1048576,256,16,blake2s,16,1193,731,7510.049455155071,11564.229138166895,2413.0,True,2026-09-22T09:31:54Z
final-20260922T090744Z,13,20260922,20260923,65536,256,3,sha256,16,801,886,11211.249297752809,8690.832886568849,637.0,True,2026-09-22T09:31:58Z
final-20260922T090744Z,13,20260922,20260923,65536,256,8,blake2s,16,1257,930,7244.753381066031,8659.696303763441,1167.0,True,2026-09-22T09:31:59Z
final-20260922T090744Z,13,20260922,20260923,16384,256,4,blake2s,16,1223,1029,7736.381694603434,7776.231353255588,689.0,True,2026-09-22T09:31:59Z
final-20260922T090744Z,13,20260922,20260923,4096,256,16,blake2s,16,1995,1083,4755.643264411027,7459.507444598338,1449.0,True,2026-09-22T09:32:00Z
final-20260922T090744Z,13,20260922,20260923,262144,256,4,blake2s,16,994,845,9558.351421026156,9759.015310650888,885.0,True,2026-09-22T09:32:00Z
final-20260922T090744Z,13,20260922,20260923,262144,256,16,blake2s,16,1270,823,6957.771161417323,10356.602369380316,2029.0,True,2026-09-22T09:32:02Z
final-20260922T090744Z,13,20260922,20260923,16384,256,2,blake2s,16,317,726,13372.094637223974,11618.370523415979,479.0,True,2026-09-22T09:32:03Z
final-20260922T090744Z,13,20260922,20260923,4096,256,3,blake2s,16,1127,1060,8106.808174356699,7345.140094339623,475.0,True,2026-09-22T09:32:03Z
final-20260922T090744Z,13,20260922,20260923,1048576,256,4,sha3_256,16,842,671,10326.857779097387,12041.837276453056,983.0,True,2026-09-22T09:32:04Z
final-20260922T090744Z,13,20260922,20260923,65536,256,2,sha256,16,112,714,15306.614955357143,11529.30462184874,547.0,True,2026-09-22T09:32:09Z
final-20260922T090744Z,13,20260922,20260923,1048576,256,2,sha3_256,16,395,407,18720.198892405064,20857.980343980344,683.0,True,2026-09-22T09:32:10Z
final-20260922T090744Z,13,20260922,20260923,65536,256,4,sha3_256,16,1108,776,8790.966437274368,9966.412854381444,787.0,True,2026-09-22T09:32:17Z
final-20260922T090744Z,13,20260922,20260923,16384,256,8,sha3_256,16,1487,962,6214.207380632145,8375.851806133056,1005.0,True,2026-09-22T09:32:18Z
final-20260922T090744Z,13,20260922,20260923,4096,256,2,sha256,16,821,902,11430.336175395858,8880.805501662971,411.0,True,2026-09-22T09:32:18Z
final-20260922T090744Z,13,20260922,20260923,262144,256,16,sha256,16,1182,1075,7410.48540609137,7477.615348837209,2029.0,True,2026-09-22T09:32:18Z
final-20260922T090744Z,13,20260922,20260923,65536,256,2,blake2s,16,112,651,15551.423549107143,13018.004800307219,547.0,True,2026-09-22T09:32:19Z
final-20260922T090744Z,13,20260922,20260923,4096,256,4,sha3_256,16,1315,961,6759.76102661597,7732.615699791883,591.0,True,2026-09-22T09:32:20Z
final-20260922T090744Z,13,20260922,20260923,65536,256,16,blake2s,16,1467,877,5942.280802658487,9462.282069555302,1931.0,True,2026-09-22T09:32:20Z
final-20260922T090744Z,13,20260922,20260923,1048576,256,3,blake2s,16,11,629,17175.210227272728,11225.752881558028,785.0,True,2026-09-22T09:32:21Z
final-20260922T090744Z,13,20260922,20260923,1048576,256,4,blake2s,16,889,792,10343.485376827897,10679.67803030303,983.0,True,2026-09-22T09:32:26Z
final-20260922T090744Z,13,20260922,20260923,4096,256,16,sha3_256,16,1974,938,4780.102203647416,8526.982009594883,1449.0,True,2026-09-22T09:32:30Z
final-20260922T090744Z,13,20260922,20260923,262144,256,2,sha3_256,16,33,461,18940.640151515152,18871.80382321041,615.0,True,2026-09-22T09:32:31Z
final-20260922T090744Z,13,20260922,20260923,65536,256,2,sha3_256,16,111,516,15287.324887387387,16837.657945736435,547.0,True,2026-09-22T09:32:33Z
final-20260922T090744Z,13,20260922,20260923,65536,256,8,sha3_256,16,1283,802,7220.992059625877,9770.061331047382,1167.0,True,2026-09-22T09:32:33Z
final-20260922T090744Z,13,20260922,20260923,65536,256,3,blake2s,16,833,812,11027.947554021608,9503.122075123152,637.0,True,2026-09-22T09:32:34Z
final-20260922T090744Z,13,20260922,20260923,4096,256,4,blake2s,16,1247,1171,6622.608009222133,6807.335717335611,591.0,True,2026-09-22T09:32:34Z
final-20260922T090744Z,13,20260922,20260923,1048576,256,2,blake2s,16,358,539,18713.12657122905,16143.12685528757,683.0,True,2026-09-22T09:32:35Z
final-20260922T090744Z,13,20260922,20260923,65536,256,16,sha3_256,16,1382,742,5964.49841714906,10996.445670485175,1931.0,True,2026-09-22T09:32:41Z
final-20260922T090744Z,13,20260922,20260923,1048576,256,3,sha3_256,16,11,494,17199.482954545456,14749.575531376518,785.0,True,2026-09-22T09:32:42Z
final-20260922T090744Z,13,20260922,20260923,65536,256,4,sha256,16,1103,1061,8500.767622393472,7216.461946277097,787.0,True,2026-09-22T09:32:48Z
final-20260922T090744Z,13,20260922,20260923,16384,256,3,blake2s,16,1022,321,8905.845217710372,8272.77492211838,547.0,True,2026-09-22T09:32:48Z
final-20260922T090744Z,13,20260922,20260923,262144,256,2,blake2s,16,32,577,19313.1640625,14504.434250433276,615.0,True,2026-09-22T09:32:48Z
final-20260922T090744Z,13,20260922,20260923,262144,256,3,blake2s,16,769,762,12307.58249349805,10428.657480314962,703.0,True,2026-09-22T09:32:50Z
final-20260922T090744Z,13,20260922,20260923,16384,256,3,sha256,16,1018,1004,9136.521365422397,7217.283179780877,547.0,True,2026-09-22T09:32:52Z
final-20260922T090744Z,13,20260922,20260923,16384,256,4,sha3_256,16,1238,907,8319.135248384491,9071.5565738699,689.0,True,2026-09-22T09:32:53Z
final-20260922T090744Z,13,20260922,20260923,262144,256,4,sha3_256,16,992,749,9365.897996471775,11011.371244993325,885.0,True,2026-09-22T09:32:53Z
final-20260922T090744Z,13,20260922,20260923,262144,256,8,sha3_256,16,1160,808,7504.316163793103,10464.443378712871,1359.0,True,2026-09-22T09:32:55Z
final-20260922T090744Z,13,20260922,20260923,4096,256,16,sha256,16,1952,1420,4658.761014344263,5124.690889084507,1449.0,True,2026-09-22T09:32:56Z
final-20260922T090744Z,13,20260922,20260923,16384,256,8,sha256,16,1487,1295,6105.863567585743,5786.122586872587,1005.0,True,2026-09-22T09:32:56Z
final-20260922T090744Z,13,20260922,20260923,65536,256,3,sha3_256,16,824,671,11032.463592233009,12580.767045454546,637.0,True,2026-09-22T09:32:57Z
final-20260922T090744Z,13,20260922,20260923,16384,256,16,sha256,16,1623,1276,5636.227510782502,6087.671434169279,1547.0,True,2026-09-22T09:32:57Z
final-20260922T090744Z,13,20260922,20260923,1048576,256,16,sha256,16,1206,1027,7368.225642620232,7933.504564264849,2413.0,True,2026-09-22T09:32:58Z
final-20260922T090744Z,13,20260922,20260923,1048576,256,4,sha256,16,896,902,10414.98521205357,8765.49653547672,983.0,True,2026-09-22T09:33:00Z
final-20260922T090744Z,13,20260922,20260923,4096,256,4,sha256,16,1364,1254,6446.994730571848,5599.122906698564,591.0,True,2026-09-22T09:33:04Z
final-20260922T090744Z,13,20260922,20260923,16384,256,16,blake2s,16,1617,967,5658.927991651206,8358.074263185108,1547.0,True,2026-09-22T09:33:04Z
final-20260922T090744Z,13,20260922,20260923,65536,256,8,sha256,16,1215,1104,7208.433950617284,6610.100713315217,1167.0,True,2026-09-22T09:33:04Z
final-20260922T090744Z,13,20260922,20260923,4096,256,2,blake2s,16,772,817,11440.298332253886,10028.688188494492,411.0,True,2026-09-22T09:33:05Z
final-20260922T090744Z,13,20260922,20260923,4096,256,8,sha256,16,1785,1399,4988.497619047619,5052.110972122945,907.0,True,2026-09-22T09:33:05Z
final-20260922T090744Z,13,20260922,20260923,1048576,256,3,sha256,16,11,664,17333.579545454544,10244.505082831325,785.0,True,2026-09-22T09:33:06Z
final-20260922T090744Z,13,20260922,20260923,16384,256,2,sha256,16,314,794,13263.400079617835,10323.401841939547,479.0,True,2026-09-22T09:33:09Z
final-20260922T090744Z,13,20260922,20260923,1048576,256,8,blake2s,16,1081,814,8452.38257400555,10085.88382985258,1457.0,True,2026-09-22T09:33:09Z
final-20260922T090744Z,13,20260922,20260923,1048576,256,16,sha3_256,16,1203,574,7403.719918952618,13097.66049651568,2413.0,True,2026-09-22T09:33:14Z
final-20260922T090744Z,13,20260922,20260923,1048576,256,8,sha256,16,1094,1001,8365.278907678245,7728.343906093906,1457.0,True,2026-09-22T09:33:18Z
final-20260922T090744Z,13,20260922,20260923,16384,256,3,sha3_256,16,1021,762,9129.9069539667,10529.311597769029,547.0,True,2026-09-22T09:33:21Z
final-20260922T090744Z,13,20260922,20260923,16384,256,8,blake2s,16,1394,1068,6158.59231527977,7464.055536048689,1005.0,True,2026-09-22T09:33:21Z
final-20260922T090744Z,13,20260922,20260923,4096,256,3,sha3_256,16,1150,804,8170.603804347826,9698.321906094527,475.0,True,2026-09-22T09:33:22Z
final-20260922T090744Z,13,20260922,20260923,262144,256,8,sha256,16,1159,1134,7553.232150560828,6979.187334656084,1359.0,True,2026-09-22T09:33:22Z
final-20260922T090744Z,13,20260922,20260923,4096,256,8,sha3_256,16,1785,1051,5019.133123249299,7753.99696717412,907.0,True,2026-09-22T09:33:23Z
final-20260922T090744Z,13,20260922,20260923,262144,256,8,blake2s,16,1217,685,7407.646055875102,9172.468156934307,1359.0,True,2026-09-22T09:33:24Z
final-20260922T090744Z,13,20260922,20260923,262144,256,3,sha3_256,16,748,599,11997.55013368984,13769.668092654423,703.0,True,2026-09-22T09:33:25Z
final-20260922T090744Z,13,20260922,20260923,16384,256,4,sha256,16,1217,1168,7450.9375513557925,6401.781142979452,689.0,True,2026-09-22T09:33:26Z
final-20260922T090744Z,13,20260922,20260923,262144,256,2,sha256,16,33,620,18874.289772727272,12931.835786290323,615.0,True,2026-09-22T09:33:27Z
final-20260922T090744Z,13,20260922,20260923,4096,256,3,sha256,16,1145,1147,8136.231713973799,6554.230710549259,475.0,True,2026-09-22T09:33:28Z
final-20260922T090744Z,13,20260922,20260923,262144,256,3,sha256,16,751,854,12000.387649800266,9472.260465456675,703.0,True,2026-09-22T09:33:28Z
final-20260922T090744Z,13,20260922,20260923,262144,256,16,sha3_256,16,1253,641,7021.744413407821,11837.039586583463,2029.0,True,2026-09-22T09:33:30Z
final-20260922T090744Z,13,20260922,20260923,65536,256,16,sha256,16,1465,1135,6050.000255972696,6683.372852422907,1931.0,True,2026-09-22T09:33:31Z
final-20260922T090744Z,13,20260922,20260923,4096,256,2,sha3_256,16,821,649,11492.961175395858,12992.580123266564,411.0,True,2026-09-22T09:33:33Z
final-20260922T090744Z,13,20260922,20260923,16384,256,2,sha3_256,16,300,575,13157.64875,15005.510108695653,479.0,True,2026-09-22T09:33:33Z
final-20260922T090744Z,13,20260922,20260923,16384,256,16,sha3_256,16,1524,831,5802.117002952756,9453.966756919373,1547.0,True,2026-09-22T09:33:34Z
final-20260922T090744Z,13,20260922,20260923,1048576,256,8,sha3_256,16,1041,721,8322.10602785783,11362.745839112344,1457.0,True,2026-09-22T09:33:34Z
final-20260922T090744Z,13,20260922,20260923,65536,256,4,blake2s,16,1075,908,8447.864360465117,8604.935779185022,787.0,True,2026-09-22T09:33:39Z
final-20260922T090744Z,13,20260922,20260923,1048576,256,2,sha256,16,394,573,18643.346288071065,14227.497382198953,683.0,True,2026-09-22T09:33:40Z
final-20260922T090744Z,13,20260922,20260923,262144,256,4,sha256,16,984,967,9369.217543191056,8018.184009824198,885.0,True,2026-09-22T09:33:45Z
final-20260922T090744Z,13,20260922,20260923,4096,256,8,blake2s,16,1848,1172,4946.877435064935,6453.137851962458,907.0,True,2026-09-22T09:33:46Z
final-20260922T090744Z,14,20260922,20260923,65536,256,16,sha256,16,1442,1134,6001.329490291262,6845.884424603175,1931.0,True,2026-09-22T09:33:46Z
final-20260922T090744Z,14,20260922,20260923,1048576,256,8,blake2s,16,1095,810,8254.051484018264,10016.648533950618,1457.0,True,2026-09-22T09:33:47Z
final-20260922T090744Z,14,20260922,20260923,4096,256,16,sha256,16,1898,1379,4820.2287934668075,5098.237853517041,1449.0,True,2026-09-22T09:33:52Z
final-20260922T090744Z,14,20260922,20260923,16384,256,4,sha3_256,16,1158,862,7429.596178756477,8820.078451276102,689.0,True,2026-09-22T09:33:52Z
final-20260922T090744Z,14,20260922,20260923,4096,256,2,blake2s,16,828,827,11603.639190821255,10069.461230350666,411.0,True,2026-09-22T09:33:53Z
final-20260922T090744Z,14,20260922,20260923,16384,256,2,blake2s,16,363,740,13388.373450413223,11559.611824324324,479.0,True,2026-09-22T09:33:53Z
final-20260922T090744Z,14,20260922,20260923,262144,256,2,sha256,16,33,604,18779.659090909092,12971.339610927153,615.0,True,2026-09-22T09:33:53Z
final-20260922T090744Z,14,20260922,20260923,65536,256,4,sha256,16,1052,1072,8443.204253802282,7180.507054570896,787.0,True,2026-09-22T09:33:55Z
final-20260922T090744Z,14,20260922,20260923,16384,256,8,sha3_256,16,1526,976,6028.264867300131,8403.82165727459,1005.0,True,2026-09-22T09:33:55Z
final-20260922T090744Z,14,20260922,20260923,1048576,256,8,sha3_256,16,1069,660,8347.0437909261,11374.517234848485,1457.0,True,2026-09-22T09:33:56Z
final-20260922T090744Z,14,20260922,20260923,262144,256,4,sha3_256,16,994,753,9384.493963782696,10941.755478087649,885.0,True,2026-09-22T09:34:00Z
final-20260922T090744Z,14,20260922,20260923,65536,256,2,blake2s,16,115,651,15303.04402173913,12957.750864055299,547.0,True,2026-09-22T09:34:02Z
final-20260922T090744Z,14,20260922,20260923,4096,256,8,blake2s,16,1829,1202,5115.412793876435,6569.142366888519,907.0,True,2026-09-22T09:34:02Z
final-20260922T090744Z,14,20260922,20260923,1048576,256,8,sha256,16,1079,970,8326.779309545876,7787.939819587629,1457.0,True,2026-09-22T09:34:03Z
final-20260922T090744Z,14,20260922,20260923,4096,256,4,sha256,16,1352,1344,6566.8127311390535,5635.619931175595,591.0,True,2026-09-22T09:34:06Z
final-20260922T090744Z,14,20260922,20260923,262144,256,3,sha256,16,780,852,11995.988701923077,9514.300322769954,703.0,True,2026-09-22T09:34:06Z
final-20260922T090744Z,14,20260922,20260923,16384,256,2,sha3_256,16,319,574,13258.335815047021,15132.258493031359,479.0,True,2026-09-22T09:34:07Z
final-20260922T090744Z,14,20260922,20260923,262144,256,16,sha3_256,16,1273,714,7010.812009033779,11723.531074929972,2029.0,True,2026-09-22T09:34:08Z
final-20260922T090744Z,14,20260922,20260923,1048576,256,16,blake2s,16,1207,734,7452.398198011599,11512.132663487739,2413.0,True,2026-09-22T09:34:09Z
final-20260922T090744Z,14,20260922,20260923,65536,256,3,sha256,16,841,882,11064.16505648038,8707.108489229026,637.0,True,2026-09-22T09:34:13Z
final-20260922T090744Z,14,20260922,20260923,1048576,256,2,sha256,16,375,578,19057.255333333334,14480.730752595156,683.0,True,2026-09-22T09:34:13Z
final-20260922T090744Z,14,20260922,20260923,1048576,256,2,blake2s,16,330,524,18778.2875,15932.705271946565,683.0,True,2026-09-22T09:34:18Z
final-20260922T090744Z,14,20260922,20260923,65536,256,4,blake2s,16,1101,937,8796.249545867393,8582.67409284952,787.0,True,2026-09-22T09:34:24Z
final-20260922T090744Z,14,20260922,20260923,65536,256,8,sha3_256,16,1270,798,7320.511515748031,9911.230419799498,1167.0,True,2026-09-22T09:34:25Z
final-20260922T090744Z,14,20260922,20260923,16384,256,4,blake2s,16,1222,1000,7527.604030278232,7691.19925,689.0,True,2026-09-22T09:34:25Z
final-20260922T090744Z,14,20260922,20260923,65536,256,3,blake2s,16,846,847,10919.349143026006,9597.012765643447,637.0,True,2026-09-22T09:34:26Z
final-20260922T090744Z,14,20260922,20260923,65536,256,8,blake2s,16,1216,956,7331.913908305921,8489.798770920503,1167.0,True,2026-09-22T09:34:26Z
final-20260922T090744Z,14,20260922,20260923,65536,256,8,sha256,16,1266,1118,7190.191646919431,6679.293325134168,1167.0,True,2026-09-22T09:34:27Z
final-20260922T090744Z,14,20260922,20260923,4096,256,3,sha3_256,16,1075,858,8236.030872093022,9632.972537878788,475.0,True,2026-09-22T09:34:27Z
final-20260922T090744Z,14,20260922,20260923,262144,256,4,sha256,16,991,987,9466.664164984864,8051.39532674772,885.0,True,2026-09-22T09:34:28Z
final-20260922T090744Z,14,20260922,20260923,16384,256,3,sha3_256,16,1004,769,9028.44030129482,10402.677096879064,547.0,True,2026-09-22T09:34:29Z
final-20260922T090744Z,14,20260922,20260923,262144,256,2,sha3_256,16,32,452,18975.849609375,18836.479120575223,615.0,True,2026-09-22T09:34:29Z
final-20260922T090744Z,14,20260922,20260923,4096,256,3,sha256,16,1120,1173,8330.041071428572,6531.572570332481,475.0,True,2026-09-22T09:34:31Z
final-20260922T090744Z,14,20260922,20260923,16384,256,3,sha256,16,997,971,9165.162299398195,7298.891413491247,547.0,True,2026-09-22T09:34:32Z
final-20260922T090744Z,14,20260922,20260923,65536,256,2,sha3_256,16,113,516,15484.589048672566,16775.440164728683,547.0,True,2026-09-22T09:34:32Z
final-20260922T090744Z,14,20260922,20260923,262144,256,3,sha3_256,16,778,633,11798.066677377892,13602.595971563982,703.0,True,2026-09-22T09:34:33Z
final-20260922T090744Z,14,20260922,20260923,4096,256,3,blake2s,16,1148,1007,8260.294316202091,7391.264957795432,475.0,True,2026-09-22T09:34:35Z
final-20260922T090744Z,14,20260922,20260923,65536,256,2,sha256,16,106,698,15540.741155660377,11675.44376790831,547.0,True,2026-09-22T09:34:35Z
final-20260922T090744Z,14,20260922,20260923,4096,256,8,sha256,16,1358,1465,5091.522965758469,4935.678029010239,907.0,True,2026-09-22T09:34:36Z
final-20260922T090744Z,14,20260922,20260923,1048576,256,3,sha256,16,11,704,16821.357954545456,10233.460227272728,785.0,True,2026-09-22T09:34:36Z
final-20260922T090744Z,14,20260922,20260923,1048576,256,4,sha3_256,16,896,690,11155.942313058036,12414.809510869565,983.0,True,2026-09-22T09:34:40Z
final-20260922T090744Z,14,20260922,20260923,65536,256,16,blake2s,16,1482,874,6472.676661605938,9649.834525171626,1931.0,True,2026-09-22T09:34:45Z
final-20260922T090744Z,14,20260922,20260923,16384,256,4,sha256,16,1069,1134,7392.049754443405,6397.379850088183,689.0,True,2026-09-22T09:34:45Z
final-20260922T090744Z,14,20260922,20260923,1048576,256,4,blake2s,16,803,761,10452.224392901619,10578.661218791065,983.0,True,2026-09-22T09:34:46Z
final-20260922T090744Z,14,20260922,20260923,65536,256,16,sha3_256,16,1471,725,6017.807231475187,10786.092672413793,1931.0,True,2026-09-22T09:34:50Z
final-20260922T090744Z,14,20260922,20260923,16384,256,8,blake2s,16,1530,1023,6000.382802287581,7411.10612170088,1005.0,True,2026-09-22T09:34:51Z
final-20260922T090744Z,14,20260922,20260923,262144,256,4,blake2s,16,988,827,9570.97058451417,9661.229065900847,885.0,True,2026-09-22T09:34:51Z
final-20260922T090744Z,14,20260922,20260923,16384,256,16,blake2s,16,1632,997,5650.683478860294,8383.334942326981,1547.0,True,2026-09-22T09:34:53Z
final-20260922T090744Z,14,20260922,20260923,16384,256,16,sha256,16,1622,1052,5872.648042540074,6024.064341730038,1547.0,True,2026-09-22T09:34:53Z
final-20260922T090744Z,14,20260922,20260923,1048576,256,4,sha256,16,888,879,10354.529983108108,8833.866965301479,983.0,True,2026-09-22T09:34:53Z
final-20260922T090744Z,14,20260922,20260923,1048576,256,3,blake2s,16,11,643,17335.125,11320.130929237946,785.0,True,2026-09-22T09:34:57Z
final-20260922T090744Z,14,20260922,20260923,4096,256,2,sha3_256,16,833,614,11541.295618247299,13267.62713762215,411.0,True,2026-09-22T09:35:01Z
final-20260922T090744Z,14,20260922,20260923,4096,256,2,sha256,16,768,829,11439.887939453125,9137.79794933655,411.0,True,2026-09-22T09:35:02Z
final-20260922T090744Z,14,20260922,20260923,262144,256,8,sha256,16,1182,946,7441.24603426396,6945.061376849894,1359.0,True,2026-09-22T09:35:02Z
final-20260922T090744Z,14,20260922,20260923,1048576,256,3,sha3_256,16,11,501,17408.75568181818,14905.4001996008,785.0,True,2026-09-22T09:35:03Z
final-20260922T090744Z,14,20260922,20260923,65536,256,3,sha3_256,16,830,664,11162.212123493975,12860.7468938253,637.0,True,2026-09-22T09:35:09Z
final-20260922T090744Z,14,20260922,20260923,4096,256,16,sha3_256,16,1971,958,4729.591133942161,8446.486103862213,1449.0,True,2026-09-22T09:35:09Z
final-20260922T090744Z,14,20260922,20260923,262144,256,2,blake2s,16,34,489,18528.998161764706,14552.913343558283,615.0,True,2026-09-22T09:35:11Z
final-20260922T090744Z,14,20260922,20260923,16384,256,3,blake2s,16,1006,982,9091.854808648111,8154.0241853360485,547.0,True,2026-09-22T09:35:12Z
final-20260922T090744Z,14,20260922,20260923,4096,256,16,blake2s,16,1978,1127,5097.1735654701715,7343.1997005323865,1449.0,True,2026-09-22T09:35:13Z
final-20260922T090744Z,14,20260922,20260923,262144,256,8,blake2s,16,1107,908,7536.739837398374,9122.107310022026,1359.0,True,2026-09-22T09:35:13Z
final-20260922T090744Z,14,20260922,20260923,262144,256,16,sha256,16,1231,1041,7040.513708367182,7338.048451008645,2029.0,True,2026-09-22T09:35:15Z
final-20260922T090744Z,14,20260922,20260923,262144,256,3,blake2s,16,782,786,11891.716512148338,10387.601860687022,703.0,True,2026-09-22T09:35:16Z
final-20260922T090744Z,14,20260922,20260923,4096,256,4,sha3_256,16,1366,1004,6559.353678623719,7690.072273406375,591.0,True,2026-09-22T09:35:18Z
final-20260922T090744Z,14,20260922,20260923,1048576,256,16,sha3_256,16,1192,654,8097.9022126677855,13119.992354740061,2413.0,True,2026-09-22T09:35:18Z
final-20260922T090744Z,14,20260922,20260923,262144,256,16,blake2s,16,1261,799,7014.139918715306,10435.593163329162,2029.0,True,2026-09-22T09:35:22Z
final-20260922T090744Z,14,20260922,20260923,4096,256,4,blake2s,16,1324,1176,6653.026812688821,6934.308088860545,591.0,True,2026-09-22T09:35:24Z
final-20260922T090744Z,14,20260922,20260923,1048576,256,16,sha256,16,1214,969,7321.594058896211,7914.456333849329,2413.0,True,2026-09-22T09:35:24Z
final-20260922T090744Z,14,20260922,20260923,16384,256,8,sha256,16,1488,1316,6124.285282258064,5702.477251139818,1005.0,True,2026-09-22T09:35:27Z
final-20260922T090744Z,14,20260922,20260923,16384,256,2,sha256,16,327,799,13194.895833333334,10200.506023153943,479.0,True,2026-09-22T09:35:27Z
final-20260922T090744Z,14,20260922,20260923,4096,256,8,sha3_256,16,1829,1105,4956.731000546747,7642.72386877828,907.0,True,2026-09-22T09:35:28Z
final-20260922T090744Z,14,20260922,20260923,16384,256,16,sha3_256,16,1626,875,5710.362392373923,9432.088642857143,1547.0,True,2026-09-22T09:35:28Z
final-20260922T090744Z,14,20260922,20260923,262144,256,8,sha3_256,16,1180,803,7356.3516419491525,10301.454156288917,1359.0,True,2026-09-22T09:35:29Z
final-20260922T090744Z,14,20260922,20260923,65536,256,4,sha3_256,16,1104,825,8442.073879076086,9939.270984848485,787.0,True,2026-09-22T09:35:30Z
final-20260922T090744Z,14,20260922,20260923,1048576,256,2,sha3_256,16,382,416,18429.56315445026,21504.47941706731,683.0,True,2026-09-22T09:35:31Z
